11:39:45 - INFO - select pg_catalog.version()
11:39:45 - INFO - [raw sql] {}
11:39:45 - INFO - select current_schema()
11:39:45 - INFO - [raw sql] {}
11:39:45 - INFO - show standard_conforming_strings
11:39:45 - INFO - [raw sql] {}
11:39:45 - INFO - BEGIN (implicit)
11:39:45 - INFO - SELECT pg_catalog.pg_class.relname 
FROM pg_catalog.pg_class JOIN pg_catalog.pg_namespace ON pg_catalog.pg_namespace.oid = pg_catalog.pg_class.relnamespace 
WHERE pg_catalog.pg_class.relname = %(table_name)s AND pg_catalog.pg_class.relkind = ANY (ARRAY[%(param_1)s, %(param_2)s, %(param_3)s, %(param_4)s, %(param_5)s]) AND pg_catalog.pg_table_is_visible(pg_catalog.pg_class.oid) AND pg_catalog.pg_namespace.nspname != %(nspname_1)s
11:39:45 - INFO - [generated in 0.00022s] {'table_name': 'users', 'param_1': 'r', 'param_2': 'p', 'param_3': 'f', 'param_4': 'v', 'param_5': 'm', 'nspname_1': 'pg_catalog'}
11:39:45 - INFO - SELECT pg_catalog.pg_class.relname 
FROM pg_catalog.pg_class JOIN pg_catalog.pg_namespace ON pg_catalog.pg_namespace.oid = pg_catalog.pg_class.relnamespace 
WHERE pg_catalog.pg_class.relname = %(table_name)s AND pg_catalog.pg_class.relkind = ANY (ARRAY[%(param_1)s, %(param_2)s, %(param_3)s, %(param_4)s, %(param_5)s]) AND pg_catalog.pg_table_is_visible(pg_catalog.pg_class.oid) AND pg_catalog.pg_namespace.nspname != %(nspname_1)s
11:39:45 - INFO - [cached since 0.0018s ago] {'table_name': 'favorites', 'param_1': 'r', 'param_2': 'p', 'param_3': 'f', 'param_4': 'v', 'param_5': 'm', 'nspname_1': 'pg_catalog'}
11:39:45 - INFO - SELECT pg_catalog.pg_class.relname 
FROM pg_catalog.pg_class JOIN pg_catalog.pg_namespace ON pg_catalog.pg_namespace.oid = pg_catalog.pg_class.relnamespace 
WHERE pg_catalog.pg_class.relname = %(table_name)s AND pg_catalog.pg_class.relkind = ANY (ARRAY[%(param_1)s, %(param_2)s, %(param_3)s, %(param_4)s, %(param_5)s]) AND pg_catalog.pg_table_is_visible(pg_catalog.pg_class.oid) AND pg_catalog.pg_namespace.nspname != %(nspname_1)s
11:39:45 - INFO - [cached since 0.002341s ago] {'table_name': 'viewed', 'param_1': 'r', 'param_2': 'p', 'param_3': 'f', 'param_4': 'v', 'param_5': 'm', 'nspname_1': 'pg_catalog'}
11:39:45 - INFO - 
DROP TABLE viewed
11:39:45 - INFO - [no key 0.00015s] {}
11:39:45 - INFO - 
DROP TABLE favorites
11:39:45 - INFO - [no key 0.00013s] {}
11:39:45 - INFO - 
DROP TABLE users
11:39:45 - INFO - [no key 0.00012s] {}
11:39:45 - INFO - COMMIT
11:39:45 - INFO - BEGIN (implicit)
11:39:45 - INFO - SELECT pg_catalog.pg_class.relname 
FROM pg_catalog.pg_class JOIN pg_catalog.pg_namespace ON pg_catalog.pg_namespace.oid = pg_catalog.pg_class.relnamespace 
WHERE pg_catalog.pg_class.relname = %(table_name)s AND pg_catalog.pg_class.relkind = ANY (ARRAY[%(param_1)s, %(param_2)s, %(param_3)s, %(param_4)s, %(param_5)s]) AND pg_catalog.pg_table_is_visible(pg_catalog.pg_class.oid) AND pg_catalog.pg_namespace.nspname != %(nspname_1)s
11:39:45 - INFO - [cached since 0.01138s ago] {'table_name': 'users', 'param_1': 'r', 'param_2': 'p', 'param_3': 'f', 'param_4': 'v', 'param_5': 'm', 'nspname_1': 'pg_catalog'}
11:39:45 - INFO - SELECT pg_catalog.pg_class.relname 
FROM pg_catalog.pg_class JOIN pg_catalog.pg_namespace ON pg_catalog.pg_namespace.oid = pg_catalog.pg_class.relnamespace 
WHERE pg_catalog.pg_class.relname = %(table_name)s AND pg_catalog.pg_class.relkind = ANY (ARRAY[%(param_1)s, %(param_2)s, %(param_3)s, %(param_4)s, %(param_5)s]) AND pg_catalog.pg_table_is_visible(pg_catalog.pg_class.oid) AND pg_catalog.pg_namespace.nspname != %(nspname_1)s
11:39:45 - INFO - [cached since 0.01214s ago] {'table_name': 'favorites', 'param_1': 'r', 'param_2': 'p', 'param_3': 'f', 'param_4': 'v', 'param_5': 'm', 'nspname_1': 'pg_catalog'}
11:39:45 - INFO - SELECT pg_catalog.pg_class.relname 
FROM pg_catalog.pg_class JOIN pg_catalog.pg_namespace ON pg_catalog.pg_namespace.oid = pg_catalog.pg_class.relnamespace 
WHERE pg_catalog.pg_class.relname = %(table_name)s AND pg_catalog.pg_class.relkind = ANY (ARRAY[%(param_1)s, %(param_2)s, %(param_3)s, %(param_4)s, %(param_5)s]) AND pg_catalog.pg_table_is_visible(pg_catalog.pg_class.oid) AND pg_catalog.pg_namespace.nspname != %(nspname_1)s
11:39:45 - INFO - [cached since 0.01283s ago] {'table_name': 'viewed', 'param_1': 'r', 'param_2': 'p', 'param_3': 'f', 'param_4': 'v', 'param_5': 'm', 'nspname_1': 'pg_catalog'}
11:39:45 - INFO - 
CREATE TABLE users (
	user_id VARCHAR(30) NOT NULL, 
	first_name VARCHAR(255) NOT NULL, 
	last_name VARCHAR(255) NOT NULL, 
	age INTEGER, 
	sex INTEGER NOT NULL, 
	city_id INTEGER, 
	photos VARCHAR, 
	id SERIAL NOT NULL, 
	PRIMARY KEY (id), 
	UNIQUE (user_id)
)


11:39:45 - INFO - [no key 0.00015s] {}
11:39:45 - INFO - 
CREATE TABLE favorites (
	id SERIAL NOT NULL, 
	vk_user_id VARCHAR(30) NOT NULL, 
	profile_vk_id VARCHAR(30) NOT NULL, 
	PRIMARY KEY (id), 
	UNIQUE (vk_user_id, profile_vk_id), 
	FOREIGN KEY(vk_user_id) REFERENCES users (user_id)
)


11:39:45 - INFO - [no key 0.00016s] {}
11:39:45 - INFO - 
CREATE TABLE viewed (
	id SERIAL NOT NULL, 
	vk_user_id VARCHAR(30) NOT NULL, 
	profile_vk_id VARCHAR(30) NOT NULL, 
	PRIMARY KEY (id), 
	UNIQUE (vk_user_id, profile_vk_id), 
	FOREIGN KEY(vk_user_id) REFERENCES users (user_id)
)


11:39:45 - INFO - [no key 0.00099s] {}
11:39:45 - INFO - COMMIT
11:39:45 - INFO - Loop will be run forever
11:39:45 - DEBUG - Using proactor: IocpProactor
11:39:45 - INFO - Starting BotPolling for <API token_generator=<<class 'vkbottle.api.token_generator.single.SingleTokenGenerator'>>...>
11:39:45 - DEBUG - Getting polling server...
11:39:45 - DEBUG - API request was validated
11:39:45 - DEBUG - Request groups.getById with {} data returned {"response":{"groups":[{"id":238429916,"name":"МаринаPython","screen_name":"club238429916","is_closed":0,"type":"group","photo_50":"https:\/\/sun1-93.vkuserphoto.ru\/impg\/9FmuZgmL8ElIl3ap2VNqqvCJuR3XBTRcL5RstQ\/IkJdt6c43WI.jpg?quality=96&as=32x32,48x48,72x72,108x108,160x160,240x240,360x360&sign=80af15cf714eb8b0c9b0fb180d3fb037&u=2YEVTlkKBuNPY0mjMeXr7QUGKVqyKPrs2k12FX4q3nE&cs=50x50","photo_100":"https:\/\/sun1-93.vkuserphoto.ru\/impg\/9FmuZgmL8ElIl3ap2VNqqvCJuR3XBTRcL5RstQ\/IkJdt6c43WI.jpg?quality=96&as=32x32,48x48,72x72,108x108,160x160,240x240,360x360&sign=80af15cf714eb8b0c9b0fb180d3fb037&u=2YEVTlkKBuNPY0mjMeXr7QUGKVqyKPrs2k12FX4q3nE&cs=100x100","photo_200":"https:\/\/sun1-93.vkuserphoto.ru\/impg\/9FmuZgmL8ElIl3ap2VNqqvCJuR3XBTRcL5RstQ\/IkJdt6c43WI.jpg?quality=96&as=32x32,48x48,72x72,108x108,160x160,240x240,360x360&sign=80af15cf714eb8b0c9b0fb180d3fb037&u=2YEVTlkKBuNPY0mjMeXr7QUGKVqyKPrs2k12FX4q3nE&cs=200x200"}],"profiles":[]}}
11:39:45 - DEBUG - API response was validated
11:39:45 - DEBUG - API request was validated
11:39:45 - DEBUG - Request groups.getLongPollServer with {'group_id': 238429916} data returned {"response":{"key":"eyJhbGciOiJFZERTQSIsInR5cCI6IkpXVCJ9.eyJxdWV1ZV9pZCI6IjIzODQyOTkxNiIsInVudGlsIjoxNzc4NTc4Nzg2NzYwNzYxNTgyfQ.kseTSOGjY72xaocaj8RsjV2xphtdF3UpxbsoZq_VGF9q225YNdlmOdDQ8F5YTEOrpXcX1ryN867SRUGk3DNgAQ","server":"https:\/\/lp.vk.ru\/whp\/238429916","ts":"107"}}
11:39:45 - DEBUG - API response was validated
11:39:45 - DEBUG - Starting listening to BotPolling longpoll
11:39:45 - DEBUG - Making long request to get event with longpoll...
11:40:07 - DEBUG - New event was received: {'ts': '107', 'updates': []}
11:40:07 - DEBUG - Making long request to get event with longpoll...
11:40:26 - DEBUG - New event was received: {'ts': '108', 'updates': [{'group_id': 238429916, 'type': 'message_new', 'event_id': '5d70bfb8f2ebbf2d98b2e68b72b7f7f97e169e77', 'v': '5.199', 'object': {'client_info': {'button_actions': ['text', 'vkpay', 'open_app', 'location', 'open_link', 'open_photo', 'callback', 'intent_subscribe', 'intent_unsubscribe'], 'keyboard': True, 'inline_keyboard': True, 'carousel': True, 'lang_id': 0}, 'message': {'date': 1778575227, 'from_id': 311485261, 'id': 569, 'version': 10001851, 'out': 0, 'fwd_messages': [], 'important': False, 'is_hidden': False, 'attachments': [], 'conversation_message_id': 568, 'text': 'cbc', 'peer_id': 311485261, 'random_id': 0}}}]}
11:40:26 - DEBUG - Making long request to get event with longpoll...
11:40:26 - DEBUG - Routing update {'group_id': 238429916, 'type': 'message_new', 'event_id': '5d70bfb8f2ebbf2d98b2e68b72b7f7f97e169e77', 'v': '5.199', 'object': {'client_info': {'button_actions': ['text', 'vkpay', 'open_app', 'location', 'open_link', 'open_photo', 'callback', 'intent_subscribe', 'intent_unsubscribe'], 'keyboard': True, 'inline_keyboard': True, 'carousel': True, 'lang_id': 0}, 'message': {'date': 1778575227, 'from_id': 311485261, 'id': 569, 'version': 10001851, 'out': 0, 'fwd_messages': [], 'important': False, 'is_hidden': False, 'attachments': [], 'conversation_message_id': 568, 'text': 'cbc', 'peer_id': 311485261, 'random_id': 0}}}
11:40:26 - DEBUG - Handling event (message_new) with message view
11:40:26 - DEBUG - Casting state for peer_id 311485261
11:40:26 - DEBUG - Handler <FromFuncHandler greet_handler blocking=True rules=(<vkbottle.dispatch.rules.base.PeerRule>, <vkbottle.dispatch.rules.base.StateRule>)> returned {}
11:40:26 - DEBUG - Starting new HTTPS connection (1): api.vk.com:443
11:40:26 - DEBUG - https://api.vk.com:443 "POST /method/users.get HTTP/1.1" 200 144
11:40:26 - DEBUG - get user info response: [{'id': 311485261, 'bdate': '13.6.1977', 'sex': 1, 'first_name': 'Марина', 'last_name': 'Новикова', 'can_access_closed': True, 'is_closed': False}]
11:40:26 - DEBUG - get user info item: {'id': 311485261, 'bdate': '13.6.1977', 'sex': 1, 'first_name': 'Марина', 'last_name': 'Новикова', 'can_access_closed': True, 'is_closed': False}
11:40:26 - DEBUG - https://api.vk.com:443 "POST /method/photos.get HTTP/1.1" 200 665
11:40:26 - DEBUG - get profile photos response: {'count': 1, 'items': [{'album_id': -6, 'date': 1467430007, 'id': 421872733, 'owner_id': 311485261, 'lat': 43.308011, 'long': 40.251434, 'can_comment': 1, 'post_id': 50, 'sizes': [{'height': 54, 'type': 's', 'width': 72, 'url': 'https://sun9-26.userapi.com/s/v1/ig1/Lev_64eVF9d6b85NkBij9CyQkGknoTOFsS94NywRYEK-x40Ij6YhH6558YKLe_fa102vknGr.jpg?quality=96&as=32x24,48x36,72x54,108x81,160x120,240x180,360x270,480x360,540x405,640x480,720x540,1080x810,1280x960,1440x1080,2560x1920&from=bu&cs=72x0'}, {'height': 120, 'type': 'm', 'width': 160, 'url': 'https://sun9-26.userapi.com/s/v1/ig1/Lev_64eVF9d6b85NkBij9CyQkGknoTOFsS94NywRYEK-x40Ij6YhH6558YKLe_fa102vknGr.jpg?quality=96&as=32x24,48x36,72x54,108x81,160x120,240x180,360x270,480x360,540x405,640x480,720x540,1080x810,1280x960,1440x1080,2560x1920&from=bu&cs=160x0'}, {'height': 480, 'type': 'x', 'width': 640, 'url': 'https://sun9-26.userapi.com/s/v1/ig1/Lev_64eVF9d6b85NkBij9CyQkGknoTOFsS94NywRYEK-x40Ij6YhH6558YKLe_fa102vknGr.jpg?quality=96&as=32x24,48x36,72x54,108x81,160x120,240x180,360x270,480x360,540x405,640x480,720x540,1080x810,1280x960,1440x1080,2560x1920&from=bu&cs=640x0'}, {'height': 810, 'type': 'y', 'width': 1080, 'url': 'https://sun9-26.userapi.com/s/v1/ig1/Lev_64eVF9d6b85NkBij9CyQkGknoTOFsS94NywRYEK-x40Ij6YhH6558YKLe_fa102vknGr.jpg?quality=96&as=32x24,48x36,72x54,108x81,160x120,240x180,360x270,480x360,540x405,640x480,720x540,1080x810,1280x960,1440x1080,2560x1920&from=bu&cs=1080x0'}, {'height': 960, 'type': 'z', 'width': 1280, 'url': 'https://sun9-26.userapi.com/s/v1/ig1/Lev_64eVF9d6b85NkBij9CyQkGknoTOFsS94NywRYEK-x40Ij6YhH6558YKLe_fa102vknGr.jpg?quality=96&as=32x24,48x36,72x54,108x81,160x120,240x180,360x270,480x360,540x405,640x480,720x540,1080x810,1280x960,1440x1080,2560x1920&from=bu&cs=1280x0'}, {'height': 1920, 'type': 'w', 'width': 2560, 'url': 'https://sun9-26.userapi.com/s/v1/ig1/Lev_64eVF9d6b85NkBij9CyQkGknoTOFsS94NywRYEK-x40Ij6YhH6558YKLe_fa102vknGr.jpg?quality=96&as=32x24,48x36,72x54,108x81,160x120,240x180,360x270,480x360,540x405,640x480,720x540,1080x810,1280x960,1440x1080,2560x1920&from=bu&cs=2560x0'}, {'height': 81, 'type': 'o', 'width': 108, 'url': 'https://sun9-26.userapi.com/s/v1/ig1/Lev_64eVF9d6b85NkBij9CyQkGknoTOFsS94NywRYEK-x40Ij6YhH6558YKLe_fa102vknGr.jpg?quality=96&as=32x24,48x36,72x54,108x81,160x120,240x180,360x270,480x360,540x405,640x480,720x540,1080x810,1280x960,1440x1080,2560x1920&from=bu&cs=108x0'}, {'height': 180, 'type': 'p', 'width': 240, 'url': 'https://sun9-26.userapi.com/s/v1/ig1/Lev_64eVF9d6b85NkBij9CyQkGknoTOFsS94NywRYEK-x40Ij6YhH6558YKLe_fa102vknGr.jpg?quality=96&as=32x24,48x36,72x54,108x81,160x120,240x180,360x270,480x360,540x405,640x480,720x540,1080x810,1280x960,1440x1080,2560x1920&from=bu&cs=240x0'}, {'height': 270, 'type': 'q', 'width': 360, 'url': 'https://sun9-26.userapi.com/s/v1/ig1/Lev_64eVF9d6b85NkBij9CyQkGknoTOFsS94NywRYEK-x40Ij6YhH6558YKLe_fa102vknGr.jpg?quality=96&as=32x24,48x36,72x54,108x81,160x120,240x180,360x270,480x360,540x405,640x480,720x540,1080x810,1280x960,1440x1080,2560x1920&from=bu&cs=360x0'}, {'height': 405, 'type': 'r', 'width': 540, 'url': 'https://sun9-26.userapi.com/s/v1/ig1/Lev_64eVF9d6b85NkBij9CyQkGknoTOFsS94NywRYEK-x40Ij6YhH6558YKLe_fa102vknGr.jpg?quality=96&as=32x24,48x36,72x54,108x81,160x120,240x180,360x270,480x360,540x405,640x480,720x540,1080x810,1280x960,1440x1080,2560x1920&from=bu&cs=540x0'}, {'height': 1920, 'type': 'base', 'width': 2560, 'url': 'https://sun9-26.userapi.com/s/v1/ig1/Lev_64eVF9d6b85NkBij9CyQkGknoTOFsS94NywRYEK-x40Ij6YhH6558YKLe_fa102vknGr.jpg?quality=96&as=32x24,48x36,72x54,108x81,160x120,240x180,360x270,480x360,540x405,640x480,720x540,1080x810,1280x960,1440x1080,2560x1920&from=bu'}], 'square_crop': '277,0,1920', 'text': '', 'web_view_token': '305b812e10028b37d7', 'likes': {'count': 7, 'user_likes': 0}, 'comments': {'count': 0}, 'reposts': {'count': 0}, 'tags': {'count': 0}, 'orig_photo': {'height': 1920, 'type': 'base', 'url': 'https://sun9-26.userapi.com/s/v1/ig1/Lev_64eVF9d6b85NkBij9CyQkGknoTOFsS94NywRYEK-x40Ij6YhH6558YKLe_fa102vknGr.jpg?quality=96&as=32x24,48x36,72x54,108x81,160x120,240x180,360x270,480x360,540x405,640x480,720x540,1080x810,1280x960,1440x1080,2560x1920&from=bu', 'width': 2560}}], 'next_from': ''}
11:40:26 - DEBUG - profile photos: [{'album_id': -6, 'date': 1467430007, 'id': 421872733, 'owner_id': 311485261, 'lat': 43.308011, 'long': 40.251434, 'can_comment': 1, 'post_id': 50, 'sizes': [{'height': 54, 'type': 's', 'width': 72, 'url': 'https://sun9-26.userapi.com/s/v1/ig1/Lev_64eVF9d6b85NkBij9CyQkGknoTOFsS94NywRYEK-x40Ij6YhH6558YKLe_fa102vknGr.jpg?quality=96&as=32x24,48x36,72x54,108x81,160x120,240x180,360x270,480x360,540x405,640x480,720x540,1080x810,1280x960,1440x1080,2560x1920&from=bu&cs=72x0'}, {'height': 120, 'type': 'm', 'width': 160, 'url': 'https://sun9-26.userapi.com/s/v1/ig1/Lev_64eVF9d6b85NkBij9CyQkGknoTOFsS94NywRYEK-x40Ij6YhH6558YKLe_fa102vknGr.jpg?quality=96&as=32x24,48x36,72x54,108x81,160x120,240x180,360x270,480x360,540x405,640x480,720x540,1080x810,1280x960,1440x1080,2560x1920&from=bu&cs=160x0'}, {'height': 480, 'type': 'x', 'width': 640, 'url': 'https://sun9-26.userapi.com/s/v1/ig1/Lev_64eVF9d6b85NkBij9CyQkGknoTOFsS94NywRYEK-x40Ij6YhH6558YKLe_fa102vknGr.jpg?quality=96&as=32x24,48x36,72x54,108x81,160x120,240x180,360x270,480x360,540x405,640x480,720x540,1080x810,1280x960,1440x1080,2560x1920&from=bu&cs=640x0'}, {'height': 810, 'type': 'y', 'width': 1080, 'url': 'https://sun9-26.userapi.com/s/v1/ig1/Lev_64eVF9d6b85NkBij9CyQkGknoTOFsS94NywRYEK-x40Ij6YhH6558YKLe_fa102vknGr.jpg?quality=96&as=32x24,48x36,72x54,108x81,160x120,240x180,360x270,480x360,540x405,640x480,720x540,1080x810,1280x960,1440x1080,2560x1920&from=bu&cs=1080x0'}, {'height': 960, 'type': 'z', 'width': 1280, 'url': 'https://sun9-26.userapi.com/s/v1/ig1/Lev_64eVF9d6b85NkBij9CyQkGknoTOFsS94NywRYEK-x40Ij6YhH6558YKLe_fa102vknGr.jpg?quality=96&as=32x24,48x36,72x54,108x81,160x120,240x180,360x270,480x360,540x405,640x480,720x540,1080x810,1280x960,1440x1080,2560x1920&from=bu&cs=1280x0'}, {'height': 1920, 'type': 'w', 'width': 2560, 'url': 'https://sun9-26.userapi.com/s/v1/ig1/Lev_64eVF9d6b85NkBij9CyQkGknoTOFsS94NywRYEK-x40Ij6YhH6558YKLe_fa102vknGr.jpg?quality=96&as=32x24,48x36,72x54,108x81,160x120,240x180,360x270,480x360,540x405,640x480,720x540,1080x810,1280x960,1440x1080,2560x1920&from=bu&cs=2560x0'}, {'height': 81, 'type': 'o', 'width': 108, 'url': 'https://sun9-26.userapi.com/s/v1/ig1/Lev_64eVF9d6b85NkBij9CyQkGknoTOFsS94NywRYEK-x40Ij6YhH6558YKLe_fa102vknGr.jpg?quality=96&as=32x24,48x36,72x54,108x81,160x120,240x180,360x270,480x360,540x405,640x480,720x540,1080x810,1280x960,1440x1080,2560x1920&from=bu&cs=108x0'}, {'height': 180, 'type': 'p', 'width': 240, 'url': 'https://sun9-26.userapi.com/s/v1/ig1/Lev_64eVF9d6b85NkBij9CyQkGknoTOFsS94NywRYEK-x40Ij6YhH6558YKLe_fa102vknGr.jpg?quality=96&as=32x24,48x36,72x54,108x81,160x120,240x180,360x270,480x360,540x405,640x480,720x540,1080x810,1280x960,1440x1080,2560x1920&from=bu&cs=240x0'}, {'height': 270, 'type': 'q', 'width': 360, 'url': 'https://sun9-26.userapi.com/s/v1/ig1/Lev_64eVF9d6b85NkBij9CyQkGknoTOFsS94NywRYEK-x40Ij6YhH6558YKLe_fa102vknGr.jpg?quality=96&as=32x24,48x36,72x54,108x81,160x120,240x180,360x270,480x360,540x405,640x480,720x540,1080x810,1280x960,1440x1080,2560x1920&from=bu&cs=360x0'}, {'height': 405, 'type': 'r', 'width': 540, 'url': 'https://sun9-26.userapi.com/s/v1/ig1/Lev_64eVF9d6b85NkBij9CyQkGknoTOFsS94NywRYEK-x40Ij6YhH6558YKLe_fa102vknGr.jpg?quality=96&as=32x24,48x36,72x54,108x81,160x120,240x180,360x270,480x360,540x405,640x480,720x540,1080x810,1280x960,1440x1080,2560x1920&from=bu&cs=540x0'}, {'height': 1920, 'type': 'base', 'width': 2560, 'url': 'https://sun9-26.userapi.com/s/v1/ig1/Lev_64eVF9d6b85NkBij9CyQkGknoTOFsS94NywRYEK-x40Ij6YhH6558YKLe_fa102vknGr.jpg?quality=96&as=32x24,48x36,72x54,108x81,160x120,240x180,360x270,480x360,540x405,640x480,720x540,1080x810,1280x960,1440x1080,2560x1920&from=bu'}], 'square_crop': '277,0,1920', 'text': '', 'web_view_token': '305b812e10028b37d7', 'likes': {'count': 7, 'user_likes': 0}, 'comments': {'count': 0}, 'reposts': {'count': 0}, 'tags': {'count': 0}, 'orig_photo': {'height': 1920, 'type': 'base', 'url': 'https://sun9-26.userapi.com/s/v1/ig1/Lev_64eVF9d6b85NkBij9CyQkGknoTOFsS94NywRYEK-x40Ij6YhH6558YKLe_fa102vknGr.jpg?quality=96&as=32x24,48x36,72x54,108x81,160x120,240x180,360x270,480x360,540x405,640x480,720x540,1080x810,1280x960,1440x1080,2560x1920&from=bu', 'width': 2560}}]
11:40:26 - DEBUG - all profile photos result: [{'album_id': -6, 'date': 1467430007, 'id': 421872733, 'owner_id': 311485261, 'lat': 43.308011, 'long': 40.251434, 'can_comment': 1, 'post_id': 50, 'sizes': [{'height': 54, 'type': 's', 'width': 72, 'url': 'https://sun9-26.userapi.com/s/v1/ig1/Lev_64eVF9d6b85NkBij9CyQkGknoTOFsS94NywRYEK-x40Ij6YhH6558YKLe_fa102vknGr.jpg?quality=96&as=32x24,48x36,72x54,108x81,160x120,240x180,360x270,480x360,540x405,640x480,720x540,1080x810,1280x960,1440x1080,2560x1920&from=bu&cs=72x0'}, {'height': 120, 'type': 'm', 'width': 160, 'url': 'https://sun9-26.userapi.com/s/v1/ig1/Lev_64eVF9d6b85NkBij9CyQkGknoTOFsS94NywRYEK-x40Ij6YhH6558YKLe_fa102vknGr.jpg?quality=96&as=32x24,48x36,72x54,108x81,160x120,240x180,360x270,480x360,540x405,640x480,720x540,1080x810,1280x960,1440x1080,2560x1920&from=bu&cs=160x0'}, {'height': 480, 'type': 'x', 'width': 640, 'url': 'https://sun9-26.userapi.com/s/v1/ig1/Lev_64eVF9d6b85NkBij9CyQkGknoTOFsS94NywRYEK-x40Ij6YhH6558YKLe_fa102vknGr.jpg?quality=96&as=32x24,48x36,72x54,108x81,160x120,240x180,360x270,480x360,540x405,640x480,720x540,1080x810,1280x960,1440x1080,2560x1920&from=bu&cs=640x0'}, {'height': 810, 'type': 'y', 'width': 1080, 'url': 'https://sun9-26.userapi.com/s/v1/ig1/Lev_64eVF9d6b85NkBij9CyQkGknoTOFsS94NywRYEK-x40Ij6YhH6558YKLe_fa102vknGr.jpg?quality=96&as=32x24,48x36,72x54,108x81,160x120,240x180,360x270,480x360,540x405,640x480,720x540,1080x810,1280x960,1440x1080,2560x1920&from=bu&cs=1080x0'}, {'height': 960, 'type': 'z', 'width': 1280, 'url': 'https://sun9-26.userapi.com/s/v1/ig1/Lev_64eVF9d6b85NkBij9CyQkGknoTOFsS94NywRYEK-x40Ij6YhH6558YKLe_fa102vknGr.jpg?quality=96&as=32x24,48x36,72x54,108x81,160x120,240x180,360x270,480x360,540x405,640x480,720x540,1080x810,1280x960,1440x1080,2560x1920&from=bu&cs=1280x0'}, {'height': 1920, 'type': 'w', 'width': 2560, 'url': 'https://sun9-26.userapi.com/s/v1/ig1/Lev_64eVF9d6b85NkBij9CyQkGknoTOFsS94NywRYEK-x40Ij6YhH6558YKLe_fa102vknGr.jpg?quality=96&as=32x24,48x36,72x54,108x81,160x120,240x180,360x270,480x360,540x405,640x480,720x540,1080x810,1280x960,1440x1080,2560x1920&from=bu&cs=2560x0'}, {'height': 81, 'type': 'o', 'width': 108, 'url': 'https://sun9-26.userapi.com/s/v1/ig1/Lev_64eVF9d6b85NkBij9CyQkGknoTOFsS94NywRYEK-x40Ij6YhH6558YKLe_fa102vknGr.jpg?quality=96&as=32x24,48x36,72x54,108x81,160x120,240x180,360x270,480x360,540x405,640x480,720x540,1080x810,1280x960,1440x1080,2560x1920&from=bu&cs=108x0'}, {'height': 180, 'type': 'p', 'width': 240, 'url': 'https://sun9-26.userapi.com/s/v1/ig1/Lev_64eVF9d6b85NkBij9CyQkGknoTOFsS94NywRYEK-x40Ij6YhH6558YKLe_fa102vknGr.jpg?quality=96&as=32x24,48x36,72x54,108x81,160x120,240x180,360x270,480x360,540x405,640x480,720x540,1080x810,1280x960,1440x1080,2560x1920&from=bu&cs=240x0'}, {'height': 270, 'type': 'q', 'width': 360, 'url': 'https://sun9-26.userapi.com/s/v1/ig1/Lev_64eVF9d6b85NkBij9CyQkGknoTOFsS94NywRYEK-x40Ij6YhH6558YKLe_fa102vknGr.jpg?quality=96&as=32x24,48x36,72x54,108x81,160x120,240x180,360x270,480x360,540x405,640x480,720x540,1080x810,1280x960,1440x1080,2560x1920&from=bu&cs=360x0'}, {'height': 405, 'type': 'r', 'width': 540, 'url': 'https://sun9-26.userapi.com/s/v1/ig1/Lev_64eVF9d6b85NkBij9CyQkGknoTOFsS94NywRYEK-x40Ij6YhH6558YKLe_fa102vknGr.jpg?quality=96&as=32x24,48x36,72x54,108x81,160x120,240x180,360x270,480x360,540x405,640x480,720x540,1080x810,1280x960,1440x1080,2560x1920&from=bu&cs=540x0'}, {'height': 1920, 'type': 'base', 'width': 2560, 'url': 'https://sun9-26.userapi.com/s/v1/ig1/Lev_64eVF9d6b85NkBij9CyQkGknoTOFsS94NywRYEK-x40Ij6YhH6558YKLe_fa102vknGr.jpg?quality=96&as=32x24,48x36,72x54,108x81,160x120,240x180,360x270,480x360,540x405,640x480,720x540,1080x810,1280x960,1440x1080,2560x1920&from=bu'}], 'square_crop': '277,0,1920', 'text': '', 'web_view_token': '305b812e10028b37d7', 'likes': {'count': 7, 'user_likes': 0}, 'comments': {'count': 0}, 'reposts': {'count': 0}, 'tags': {'count': 0}, 'orig_photo': {'height': 1920, 'type': 'base', 'url': 'https://sun9-26.userapi.com/s/v1/ig1/Lev_64eVF9d6b85NkBij9CyQkGknoTOFsS94NywRYEK-x40Ij6YhH6558YKLe_fa102vknGr.jpg?quality=96&as=32x24,48x36,72x54,108x81,160x120,240x180,360x270,480x360,540x405,640x480,720x540,1080x810,1280x960,1440x1080,2560x1920&from=bu', 'width': 2560}}]
11:40:26 - DEBUG - result get top3 photo: ['photo311485261_421872733']
11:40:26 - DEBUG - result extract user data: {'user_id': 311485261, 'first_name': 'Марина', 'last_name': 'Новикова', 'sex': 1, 'sex_as_text': 'Женский', 'profile_URL': 'https://vk.com/id311485261', 'age': 48, 'city_id': None, 'city': None, 'photo_URL': ['photo311485261_421872733']}
11:40:26 - INFO - BEGIN (implicit)
11:40:26 - INFO - SELECT users.user_id AS users_user_id, users.first_name AS users_first_name, users.last_name AS users_last_name, users.age AS users_age, users.sex AS users_sex, users.city_id AS users_city_id, users.photos AS users_photos, users.id AS users_id 
FROM users 
WHERE users.user_id = %(user_id_1)s 
 LIMIT %(param_1)s
11:40:26 - INFO - [generated in 0.00020s] {'user_id_1': '311485261', 'param_1': 1}
11:40:26 - INFO - INSERT INTO users (user_id, first_name, last_name, age, sex, city_id, photos) VALUES (%(user_id)s, %(first_name)s, %(last_name)s, %(age)s, %(sex)s, %(city_id)s, %(photos)s) RETURNING users.id
11:40:26 - INFO - [generated in 0.00017s] {'user_id': '311485261', 'first_name': 'Марина', 'last_name': 'Новикова', 'age': 48, 'sex': 1, 'city_id': None, 'photos': None}
11:40:26 - INFO - COMMIT
11:40:26 - DEBUG - API request was validated
11:40:27 - DEBUG - Request messages.send with {'random_id': 0, 'peer_ids': '311485261', 'message': 'Привет,  Марина'} data returned {"response":[{"peer_id":311485261,"message_id":570,"conversation_message_id":569}]}
11:40:27 - DEBUG - API response was validated
11:40:27 - DEBUG - API request was validated
11:40:27 - DEBUG - Request messages.send with {'random_id': 0, 'peer_ids': '311485261', 'message': 'Чем хочешь заняться?', 'keyboard': <vkbottle.tools.keyboard.keyboard.Keyboard object at 0x000000002A06D450>} data returned {"response":[{"peer_id":311485261,"message_id":571,"conversation_message_id":570}]}
11:40:27 - DEBUG - API response was validated
11:40:30 - DEBUG - New event was received: {'ts': '109', 'updates': [{'group_id': 238429916, 'type': 'message_new', 'event_id': 'e5cf4140856e18fdc53315789c8dfa14926c2798', 'v': '5.199', 'object': {'client_info': {'button_actions': ['text', 'vkpay', 'open_app', 'location', 'open_link', 'open_photo', 'callback', 'intent_subscribe', 'intent_unsubscribe'], 'keyboard': True, 'inline_keyboard': True, 'carousel': True, 'lang_id': 0}, 'message': {'date': 1778575231, 'from_id': 311485261, 'id': 572, 'version': 10001860, 'out': 0, 'fwd_messages': [], 'important': False, 'is_hidden': False, 'attachments': [], 'conversation_message_id': 571, 'payload': '{"cmd":"to_dating"}', 'text': 'Искать знакомства', 'peer_id': 311485261, 'random_id': 0}}}]}
11:40:30 - DEBUG - Making long request to get event with longpoll...
11:40:30 - DEBUG - Routing update {'group_id': 238429916, 'type': 'message_new', 'event_id': 'e5cf4140856e18fdc53315789c8dfa14926c2798', 'v': '5.199', 'object': {'client_info': {'button_actions': ['text', 'vkpay', 'open_app', 'location', 'open_link', 'open_photo', 'callback', 'intent_subscribe', 'intent_unsubscribe'], 'keyboard': True, 'inline_keyboard': True, 'carousel': True, 'lang_id': 0}, 'message': {'date': 1778575231, 'from_id': 311485261, 'id': 572, 'version': 10001860, 'out': 0, 'fwd_messages': [], 'important': False, 'is_hidden': False, 'attachments': [], 'conversation_message_id': 571, 'payload': '{"cmd":"to_dating"}', 'text': 'Искать знакомства', 'peer_id': 311485261, 'random_id': 0}}}
11:40:30 - DEBUG - Handling event (message_new) with message view
11:40:30 - DEBUG - Casting state for peer_id 311485261
11:40:30 - DEBUG - Handler <FromFuncHandler greet_handler blocking=True rules=(<vkbottle.dispatch.rules.base.PeerRule>, <vkbottle.dispatch.rules.base.StateRule>)> returned False
11:40:30 - DEBUG - Handler <FromFuncHandler start_dating blocking=True rules=(<vkbottle.dispatch.rules.base.PeerRule>, <vkbottle.dispatch.rules.base.StateRule>, <vkbottle.dispatch.rules.base.PayloadRule>)> returned {}
11:40:31 - DEBUG - https://api.vk.com:443 "POST /method/users.search HTTP/1.1" 200 285
11:40:31 - DEBUG - get user only id response: [{'id': 864559765, 'bdate': '23.8.1979', 'track_code': 'd024e36b8ad7caopN-WMXju0pdnEK6OGPnaJu4sNxMgLdacJZ8SWzmhx9hY8tYBZDAYrBGsqy4g4dYm7hWu2oQ', 'sex': 2, 'first_name': 'Алексей', 'last_name': 'Беспрозванных', 'can_access_closed': True, 'is_closed': False}]
11:40:31 - DEBUG - user id = 864559765
11:40:31 - INFO - BEGIN (implicit)
11:40:31 - INFO - SELECT viewed.id AS viewed_id, viewed.vk_user_id AS viewed_vk_user_id, viewed.profile_vk_id AS viewed_profile_vk_id 
FROM viewed 
WHERE viewed.vk_user_id = %(vk_user_id_1)s
11:40:31 - INFO - [generated in 0.00019s] {'vk_user_id_1': '311485261'}
11:40:31 - INFO - ROLLBACK
11:40:31 - DEBUG - https://api.vk.com:443 "POST /method/users.get HTTP/1.1" 200 161
11:40:31 - DEBUG - get user info response: [{'id': 864559765, 'bdate': '23.8.1979', 'sex': 2, 'first_name': 'Алексей', 'last_name': 'Беспрозванных', 'can_access_closed': True, 'is_closed': False}]
11:40:31 - DEBUG - get user info item: {'id': 864559765, 'bdate': '23.8.1979', 'sex': 2, 'first_name': 'Алексей', 'last_name': 'Беспрозванных', 'can_access_closed': True, 'is_closed': False}
11:40:32 - DEBUG - https://api.vk.com:443 "POST /method/photos.get HTTP/1.1" 200 656
11:40:32 - DEBUG - get profile photos response: {'count': 1, 'items': [{'album_id': -6, 'date': 1717153993, 'id': 457239018, 'owner_id': 864559765, 'can_comment': 1, 'post_id': 1, 'sizes': [{'height': 72, 'type': 's', 'width': 72, 'url': 'https://sun9-23.userapi.com/s/v1/ig2/vw3BcqX7yyHlDZpYdn8lHTBaOVjECgGelXyZlsyJzGak93NcCCRhISmITadrYLgG1KiK5khUS2JOsK5B4xlYSsIw.jpg?quality=96&as=32x32,48x48,72x72,108x108,160x160,240x240,360x360,480x480,540x540,640x640,720x720,1080x1080,1280x1280,1440x1440,2160x2160&from=bu&cs=72x0'}, {'height': 160, 'type': 'm', 'width': 160, 'url': 'https://sun9-23.userapi.com/s/v1/ig2/vw3BcqX7yyHlDZpYdn8lHTBaOVjECgGelXyZlsyJzGak93NcCCRhISmITadrYLgG1KiK5khUS2JOsK5B4xlYSsIw.jpg?quality=96&as=32x32,48x48,72x72,108x108,160x160,240x240,360x360,480x480,540x540,640x640,720x720,1080x1080,1280x1280,1440x1440,2160x2160&from=bu&cs=160x0'}, {'height': 640, 'type': 'x', 'width': 640, 'url': 'https://sun9-23.userapi.com/s/v1/ig2/vw3BcqX7yyHlDZpYdn8lHTBaOVjECgGelXyZlsyJzGak93NcCCRhISmITadrYLgG1KiK5khUS2JOsK5B4xlYSsIw.jpg?quality=96&as=32x32,48x48,72x72,108x108,160x160,240x240,360x360,480x480,540x540,640x640,720x720,1080x1080,1280x1280,1440x1440,2160x2160&from=bu&cs=640x0'}, {'height': 1080, 'type': 'y', 'width': 1080, 'url': 'https://sun9-23.userapi.com/s/v1/ig2/vw3BcqX7yyHlDZpYdn8lHTBaOVjECgGelXyZlsyJzGak93NcCCRhISmITadrYLgG1KiK5khUS2JOsK5B4xlYSsIw.jpg?quality=96&as=32x32,48x48,72x72,108x108,160x160,240x240,360x360,480x480,540x540,640x640,720x720,1080x1080,1280x1280,1440x1440,2160x2160&from=bu&cs=1080x0'}, {'height': 1280, 'type': 'z', 'width': 1280, 'url': 'https://sun9-23.userapi.com/s/v1/ig2/vw3BcqX7yyHlDZpYdn8lHTBaOVjECgGelXyZlsyJzGak93NcCCRhISmITadrYLgG1KiK5khUS2JOsK5B4xlYSsIw.jpg?quality=96&as=32x32,48x48,72x72,108x108,160x160,240x240,360x360,480x480,540x540,640x640,720x720,1080x1080,1280x1280,1440x1440,2160x2160&from=bu&cs=1280x0'}, {'height': 2160, 'type': 'w', 'width': 2160, 'url': 'https://sun9-23.userapi.com/s/v1/ig2/vw3BcqX7yyHlDZpYdn8lHTBaOVjECgGelXyZlsyJzGak93NcCCRhISmITadrYLgG1KiK5khUS2JOsK5B4xlYSsIw.jpg?quality=96&as=32x32,48x48,72x72,108x108,160x160,240x240,360x360,480x480,540x540,640x640,720x720,1080x1080,1280x1280,1440x1440,2160x2160&from=bu&cs=2160x0'}, {'height': 108, 'type': 'o', 'width': 108, 'url': 'https://sun9-23.userapi.com/s/v1/ig2/vw3BcqX7yyHlDZpYdn8lHTBaOVjECgGelXyZlsyJzGak93NcCCRhISmITadrYLgG1KiK5khUS2JOsK5B4xlYSsIw.jpg?quality=96&as=32x32,48x48,72x72,108x108,160x160,240x240,360x360,480x480,540x540,640x640,720x720,1080x1080,1280x1280,1440x1440,2160x2160&from=bu&cs=108x0'}, {'height': 240, 'type': 'p', 'width': 240, 'url': 'https://sun9-23.userapi.com/s/v1/ig2/vw3BcqX7yyHlDZpYdn8lHTBaOVjECgGelXyZlsyJzGak93NcCCRhISmITadrYLgG1KiK5khUS2JOsK5B4xlYSsIw.jpg?quality=96&as=32x32,48x48,72x72,108x108,160x160,240x240,360x360,480x480,540x540,640x640,720x720,1080x1080,1280x1280,1440x1440,2160x2160&from=bu&cs=240x0'}, {'height': 360, 'type': 'q', 'width': 360, 'url': 'https://sun9-23.userapi.com/s/v1/ig2/vw3BcqX7yyHlDZpYdn8lHTBaOVjECgGelXyZlsyJzGak93NcCCRhISmITadrYLgG1KiK5khUS2JOsK5B4xlYSsIw.jpg?quality=96&as=32x32,48x48,72x72,108x108,160x160,240x240,360x360,480x480,540x540,640x640,720x720,1080x1080,1280x1280,1440x1440,2160x2160&from=bu&cs=360x0'}, {'height': 540, 'type': 'r', 'width': 540, 'url': 'https://sun9-23.userapi.com/s/v1/ig2/vw3BcqX7yyHlDZpYdn8lHTBaOVjECgGelXyZlsyJzGak93NcCCRhISmITadrYLgG1KiK5khUS2JOsK5B4xlYSsIw.jpg?quality=96&as=32x32,48x48,72x72,108x108,160x160,240x240,360x360,480x480,540x540,640x640,720x720,1080x1080,1280x1280,1440x1440,2160x2160&from=bu&cs=540x0'}, {'height': 2160, 'type': 'base', 'width': 2160, 'url': 'https://sun9-23.userapi.com/s/v1/ig2/vw3BcqX7yyHlDZpYdn8lHTBaOVjECgGelXyZlsyJzGak93NcCCRhISmITadrYLgG1KiK5khUS2JOsK5B4xlYSsIw.jpg?quality=96&as=32x32,48x48,72x72,108x108,160x160,240x240,360x360,480x480,540x540,640x640,720x720,1080x1080,1280x1280,1440x1440,2160x2160&from=bu'}], 'square_crop': '216,216,1728', 'text': '', 'web_view_token': '81ca483ac52ac349c9', 'likes': {'count': 369, 'user_likes': 0}, 'comments': {'count': 116}, 'reposts': {'count': 0}, 'tags': {'count': 0}, 'orig_photo': {'height': 2160, 'type': 'base', 'url': 'https://sun9-23.userapi.com/s/v1/ig2/vw3BcqX7yyHlDZpYdn8lHTBaOVjECgGelXyZlsyJzGak93NcCCRhISmITadrYLgG1KiK5khUS2JOsK5B4xlYSsIw.jpg?quality=96&as=32x32,48x48,72x72,108x108,160x160,240x240,360x360,480x480,540x540,640x640,720x720,1080x1080,1280x1280,1440x1440,2160x2160&from=bu', 'width': 2160}}], 'next_from': ''}
11:40:32 - DEBUG - profile photos: [{'album_id': -6, 'date': 1717153993, 'id': 457239018, 'owner_id': 864559765, 'can_comment': 1, 'post_id': 1, 'sizes': [{'height': 72, 'type': 's', 'width': 72, 'url': 'https://sun9-23.userapi.com/s/v1/ig2/vw3BcqX7yyHlDZpYdn8lHTBaOVjECgGelXyZlsyJzGak93NcCCRhISmITadrYLgG1KiK5khUS2JOsK5B4xlYSsIw.jpg?quality=96&as=32x32,48x48,72x72,108x108,160x160,240x240,360x360,480x480,540x540,640x640,720x720,1080x1080,1280x1280,1440x1440,2160x2160&from=bu&cs=72x0'}, {'height': 160, 'type': 'm', 'width': 160, 'url': 'https://sun9-23.userapi.com/s/v1/ig2/vw3BcqX7yyHlDZpYdn8lHTBaOVjECgGelXyZlsyJzGak93NcCCRhISmITadrYLgG1KiK5khUS2JOsK5B4xlYSsIw.jpg?quality=96&as=32x32,48x48,72x72,108x108,160x160,240x240,360x360,480x480,540x540,640x640,720x720,1080x1080,1280x1280,1440x1440,2160x2160&from=bu&cs=160x0'}, {'height': 640, 'type': 'x', 'width': 640, 'url': 'https://sun9-23.userapi.com/s/v1/ig2/vw3BcqX7yyHlDZpYdn8lHTBaOVjECgGelXyZlsyJzGak93NcCCRhISmITadrYLgG1KiK5khUS2JOsK5B4xlYSsIw.jpg?quality=96&as=32x32,48x48,72x72,108x108,160x160,240x240,360x360,480x480,540x540,640x640,720x720,1080x1080,1280x1280,1440x1440,2160x2160&from=bu&cs=640x0'}, {'height': 1080, 'type': 'y', 'width': 1080, 'url': 'https://sun9-23.userapi.com/s/v1/ig2/vw3BcqX7yyHlDZpYdn8lHTBaOVjECgGelXyZlsyJzGak93NcCCRhISmITadrYLgG1KiK5khUS2JOsK5B4xlYSsIw.jpg?quality=96&as=32x32,48x48,72x72,108x108,160x160,240x240,360x360,480x480,540x540,640x640,720x720,1080x1080,1280x1280,1440x1440,2160x2160&from=bu&cs=1080x0'}, {'height': 1280, 'type': 'z', 'width': 1280, 'url': 'https://sun9-23.userapi.com/s/v1/ig2/vw3BcqX7yyHlDZpYdn8lHTBaOVjECgGelXyZlsyJzGak93NcCCRhISmITadrYLgG1KiK5khUS2JOsK5B4xlYSsIw.jpg?quality=96&as=32x32,48x48,72x72,108x108,160x160,240x240,360x360,480x480,540x540,640x640,720x720,1080x1080,1280x1280,1440x1440,2160x2160&from=bu&cs=1280x0'}, {'height': 2160, 'type': 'w', 'width': 2160, 'url': 'https://sun9-23.userapi.com/s/v1/ig2/vw3BcqX7yyHlDZpYdn8lHTBaOVjECgGelXyZlsyJzGak93NcCCRhISmITadrYLgG1KiK5khUS2JOsK5B4xlYSsIw.jpg?quality=96&as=32x32,48x48,72x72,108x108,160x160,240x240,360x360,480x480,540x540,640x640,720x720,1080x1080,1280x1280,1440x1440,2160x2160&from=bu&cs=2160x0'}, {'height': 108, 'type': 'o', 'width': 108, 'url': 'https://sun9-23.userapi.com/s/v1/ig2/vw3BcqX7yyHlDZpYdn8lHTBaOVjECgGelXyZlsyJzGak93NcCCRhISmITadrYLgG1KiK5khUS2JOsK5B4xlYSsIw.jpg?quality=96&as=32x32,48x48,72x72,108x108,160x160,240x240,360x360,480x480,540x540,640x640,720x720,1080x1080,1280x1280,1440x1440,2160x2160&from=bu&cs=108x0'}, {'height': 240, 'type': 'p', 'width': 240, 'url': 'https://sun9-23.userapi.com/s/v1/ig2/vw3BcqX7yyHlDZpYdn8lHTBaOVjECgGelXyZlsyJzGak93NcCCRhISmITadrYLgG1KiK5khUS2JOsK5B4xlYSsIw.jpg?quality=96&as=32x32,48x48,72x72,108x108,160x160,240x240,360x360,480x480,540x540,640x640,720x720,1080x1080,1280x1280,1440x1440,2160x2160&from=bu&cs=240x0'}, {'height': 360, 'type': 'q', 'width': 360, 'url': 'https://sun9-23.userapi.com/s/v1/ig2/vw3BcqX7yyHlDZpYdn8lHTBaOVjECgGelXyZlsyJzGak93NcCCRhISmITadrYLgG1KiK5khUS2JOsK5B4xlYSsIw.jpg?quality=96&as=32x32,48x48,72x72,108x108,160x160,240x240,360x360,480x480,540x540,640x640,720x720,1080x1080,1280x1280,1440x1440,2160x2160&from=bu&cs=360x0'}, {'height': 540, 'type': 'r', 'width': 540, 'url': 'https://sun9-23.userapi.com/s/v1/ig2/vw3BcqX7yyHlDZpYdn8lHTBaOVjECgGelXyZlsyJzGak93NcCCRhISmITadrYLgG1KiK5khUS2JOsK5B4xlYSsIw.jpg?quality=96&as=32x32,48x48,72x72,108x108,160x160,240x240,360x360,480x480,540x540,640x640,720x720,1080x1080,1280x1280,1440x1440,2160x2160&from=bu&cs=540x0'}, {'height': 2160, 'type': 'base', 'width': 2160, 'url': 'https://sun9-23.userapi.com/s/v1/ig2/vw3BcqX7yyHlDZpYdn8lHTBaOVjECgGelXyZlsyJzGak93NcCCRhISmITadrYLgG1KiK5khUS2JOsK5B4xlYSsIw.jpg?quality=96&as=32x32,48x48,72x72,108x108,160x160,240x240,360x360,480x480,540x540,640x640,720x720,1080x1080,1280x1280,1440x1440,2160x2160&from=bu'}], 'square_crop': '216,216,1728', 'text': '', 'web_view_token': '81ca483ac52ac349c9', 'likes': {'count': 369, 'user_likes': 0}, 'comments': {'count': 116}, 'reposts': {'count': 0}, 'tags': {'count': 0}, 'orig_photo': {'height': 2160, 'type': 'base', 'url': 'https://sun9-23.userapi.com/s/v1/ig2/vw3BcqX7yyHlDZpYdn8lHTBaOVjECgGelXyZlsyJzGak93NcCCRhISmITadrYLgG1KiK5khUS2JOsK5B4xlYSsIw.jpg?quality=96&as=32x32,48x48,72x72,108x108,160x160,240x240,360x360,480x480,540x540,640x640,720x720,1080x1080,1280x1280,1440x1440,2160x2160&from=bu', 'width': 2160}}]
11:40:32 - DEBUG - all profile photos result: [{'album_id': -6, 'date': 1717153993, 'id': 457239018, 'owner_id': 864559765, 'can_comment': 1, 'post_id': 1, 'sizes': [{'height': 72, 'type': 's', 'width': 72, 'url': 'https://sun9-23.userapi.com/s/v1/ig2/vw3BcqX7yyHlDZpYdn8lHTBaOVjECgGelXyZlsyJzGak93NcCCRhISmITadrYLgG1KiK5khUS2JOsK5B4xlYSsIw.jpg?quality=96&as=32x32,48x48,72x72,108x108,160x160,240x240,360x360,480x480,540x540,640x640,720x720,1080x1080,1280x1280,1440x1440,2160x2160&from=bu&cs=72x0'}, {'height': 160, 'type': 'm', 'width': 160, 'url': 'https://sun9-23.userapi.com/s/v1/ig2/vw3BcqX7yyHlDZpYdn8lHTBaOVjECgGelXyZlsyJzGak93NcCCRhISmITadrYLgG1KiK5khUS2JOsK5B4xlYSsIw.jpg?quality=96&as=32x32,48x48,72x72,108x108,160x160,240x240,360x360,480x480,540x540,640x640,720x720,1080x1080,1280x1280,1440x1440,2160x2160&from=bu&cs=160x0'}, {'height': 640, 'type': 'x', 'width': 640, 'url': 'https://sun9-23.userapi.com/s/v1/ig2/vw3BcqX7yyHlDZpYdn8lHTBaOVjECgGelXyZlsyJzGak93NcCCRhISmITadrYLgG1KiK5khUS2JOsK5B4xlYSsIw.jpg?quality=96&as=32x32,48x48,72x72,108x108,160x160,240x240,360x360,480x480,540x540,640x640,720x720,1080x1080,1280x1280,1440x1440,2160x2160&from=bu&cs=640x0'}, {'height': 1080, 'type': 'y', 'width': 1080, 'url': 'https://sun9-23.userapi.com/s/v1/ig2/vw3BcqX7yyHlDZpYdn8lHTBaOVjECgGelXyZlsyJzGak93NcCCRhISmITadrYLgG1KiK5khUS2JOsK5B4xlYSsIw.jpg?quality=96&as=32x32,48x48,72x72,108x108,160x160,240x240,360x360,480x480,540x540,640x640,720x720,1080x1080,1280x1280,1440x1440,2160x2160&from=bu&cs=1080x0'}, {'height': 1280, 'type': 'z', 'width': 1280, 'url': 'https://sun9-23.userapi.com/s/v1/ig2/vw3BcqX7yyHlDZpYdn8lHTBaOVjECgGelXyZlsyJzGak93NcCCRhISmITadrYLgG1KiK5khUS2JOsK5B4xlYSsIw.jpg?quality=96&as=32x32,48x48,72x72,108x108,160x160,240x240,360x360,480x480,540x540,640x640,720x720,1080x1080,1280x1280,1440x1440,2160x2160&from=bu&cs=1280x0'}, {'height': 2160, 'type': 'w', 'width': 2160, 'url': 'https://sun9-23.userapi.com/s/v1/ig2/vw3BcqX7yyHlDZpYdn8lHTBaOVjECgGelXyZlsyJzGak93NcCCRhISmITadrYLgG1KiK5khUS2JOsK5B4xlYSsIw.jpg?quality=96&as=32x32,48x48,72x72,108x108,160x160,240x240,360x360,480x480,540x540,640x640,720x720,1080x1080,1280x1280,1440x1440,2160x2160&from=bu&cs=2160x0'}, {'height': 108, 'type': 'o', 'width': 108, 'url': 'https://sun9-23.userapi.com/s/v1/ig2/vw3BcqX7yyHlDZpYdn8lHTBaOVjECgGelXyZlsyJzGak93NcCCRhISmITadrYLgG1KiK5khUS2JOsK5B4xlYSsIw.jpg?quality=96&as=32x32,48x48,72x72,108x108,160x160,240x240,360x360,480x480,540x540,640x640,720x720,1080x1080,1280x1280,1440x1440,2160x2160&from=bu&cs=108x0'}, {'height': 240, 'type': 'p', 'width': 240, 'url': 'https://sun9-23.userapi.com/s/v1/ig2/vw3BcqX7yyHlDZpYdn8lHTBaOVjECgGelXyZlsyJzGak93NcCCRhISmITadrYLgG1KiK5khUS2JOsK5B4xlYSsIw.jpg?quality=96&as=32x32,48x48,72x72,108x108,160x160,240x240,360x360,480x480,540x540,640x640,720x720,1080x1080,1280x1280,1440x1440,2160x2160&from=bu&cs=240x0'}, {'height': 360, 'type': 'q', 'width': 360, 'url': 'https://sun9-23.userapi.com/s/v1/ig2/vw3BcqX7yyHlDZpYdn8lHTBaOVjECgGelXyZlsyJzGak93NcCCRhISmITadrYLgG1KiK5khUS2JOsK5B4xlYSsIw.jpg?quality=96&as=32x32,48x48,72x72,108x108,160x160,240x240,360x360,480x480,540x540,640x640,720x720,1080x1080,1280x1280,1440x1440,2160x2160&from=bu&cs=360x0'}, {'height': 540, 'type': 'r', 'width': 540, 'url': 'https://sun9-23.userapi.com/s/v1/ig2/vw3BcqX7yyHlDZpYdn8lHTBaOVjECgGelXyZlsyJzGak93NcCCRhISmITadrYLgG1KiK5khUS2JOsK5B4xlYSsIw.jpg?quality=96&as=32x32,48x48,72x72,108x108,160x160,240x240,360x360,480x480,540x540,640x640,720x720,1080x1080,1280x1280,1440x1440,2160x2160&from=bu&cs=540x0'}, {'height': 2160, 'type': 'base', 'width': 2160, 'url': 'https://sun9-23.userapi.com/s/v1/ig2/vw3BcqX7yyHlDZpYdn8lHTBaOVjECgGelXyZlsyJzGak93NcCCRhISmITadrYLgG1KiK5khUS2JOsK5B4xlYSsIw.jpg?quality=96&as=32x32,48x48,72x72,108x108,160x160,240x240,360x360,480x480,540x540,640x640,720x720,1080x1080,1280x1280,1440x1440,2160x2160&from=bu'}], 'square_crop': '216,216,1728', 'text': '', 'web_view_token': '81ca483ac52ac349c9', 'likes': {'count': 369, 'user_likes': 0}, 'comments': {'count': 116}, 'reposts': {'count': 0}, 'tags': {'count': 0}, 'orig_photo': {'height': 2160, 'type': 'base', 'url': 'https://sun9-23.userapi.com/s/v1/ig2/vw3BcqX7yyHlDZpYdn8lHTBaOVjECgGelXyZlsyJzGak93NcCCRhISmITadrYLgG1KiK5khUS2JOsK5B4xlYSsIw.jpg?quality=96&as=32x32,48x48,72x72,108x108,160x160,240x240,360x360,480x480,540x540,640x640,720x720,1080x1080,1280x1280,1440x1440,2160x2160&from=bu', 'width': 2160}}]
11:40:32 - DEBUG - result get top3 photo: ['photo864559765_457239018']
11:40:32 - DEBUG - result extract user data: {'user_id': 864559765, 'first_name': 'Алексей', 'last_name': 'Беспрозванных', 'sex': 2, 'sex_as_text': 'Мужской', 'profile_URL': 'https://vk.com/id864559765', 'age': 46, 'city_id': None, 'city': None, 'photo_URL': ['photo864559765_457239018']}
11:40:32 - DEBUG - API request was validated
11:40:32 - DEBUG - Request messages.send with {'random_id': 0, 'peer_ids': '311485261', 'message': 'Алексей Беспрозванных, 46', 'attachment': 'photo864559765_457239018', 'keyboard': <vkbottle.tools.keyboard.keyboard.Keyboard object at 0x000000002A03E780>} data returned {"response":[{"peer_id":311485261,"message_id":573,"conversation_message_id":572}]}
11:40:32 - DEBUG - API response was validated
11:40:32 - INFO - BEGIN (implicit)
11:40:32 - INFO - SELECT viewed.id AS viewed_id, viewed.vk_user_id AS viewed_vk_user_id, viewed.profile_vk_id AS viewed_profile_vk_id 
FROM viewed 
WHERE viewed.vk_user_id = %(vk_user_id_1)s AND viewed.profile_vk_id = %(profile_vk_id_1)s 
 LIMIT %(param_1)s
11:40:32 - INFO - [generated in 0.00017s] {'vk_user_id_1': '311485261', 'profile_vk_id_1': '864559765', 'param_1': 1}
11:40:32 - INFO - INSERT INTO viewed (vk_user_id, profile_vk_id) VALUES (%(vk_user_id)s, %(profile_vk_id)s) RETURNING viewed.id
11:40:32 - INFO - [generated in 0.00019s] {'vk_user_id': '311485261', 'profile_vk_id': '864559765'}
11:40:32 - INFO - COMMIT
11:40:34 - DEBUG - New event was received: {'ts': '110', 'updates': [{'group_id': 238429916, 'type': 'message_new', 'event_id': '4b8a747b21d24b74dab3557bed51086f483de58a', 'v': '5.199', 'object': {'client_info': {'button_actions': ['text', 'vkpay', 'open_app', 'location', 'open_link', 'open_photo', 'callback', 'intent_subscribe', 'intent_unsubscribe'], 'keyboard': True, 'inline_keyboard': True, 'carousel': True, 'lang_id': 0}, 'message': {'date': 1778575235, 'from_id': 311485261, 'id': 574, 'version': 10001868, 'out': 0, 'fwd_messages': [], 'important': False, 'is_hidden': False, 'attachments': [], 'conversation_message_id': 573, 'payload': '{"cmd":"dating_add_to_favourites"}', 'text': 'В избранное', 'peer_id': 311485261, 'random_id': 0}}}]}
11:40:34 - DEBUG - Making long request to get event with longpoll...
11:40:34 - DEBUG - Routing update {'group_id': 238429916, 'type': 'message_new', 'event_id': '4b8a747b21d24b74dab3557bed51086f483de58a', 'v': '5.199', 'object': {'client_info': {'button_actions': ['text', 'vkpay', 'open_app', 'location', 'open_link', 'open_photo', 'callback', 'intent_subscribe', 'intent_unsubscribe'], 'keyboard': True, 'inline_keyboard': True, 'carousel': True, 'lang_id': 0}, 'message': {'date': 1778575235, 'from_id': 311485261, 'id': 574, 'version': 10001868, 'out': 0, 'fwd_messages': [], 'important': False, 'is_hidden': False, 'attachments': [], 'conversation_message_id': 573, 'payload': '{"cmd":"dating_add_to_favourites"}', 'text': 'В избранное', 'peer_id': 311485261, 'random_id': 0}}}
11:40:34 - DEBUG - Handling event (message_new) with message view
11:40:34 - DEBUG - Casting state for peer_id 311485261
11:40:34 - DEBUG - Handler <FromFuncHandler greet_handler blocking=True rules=(<vkbottle.dispatch.rules.base.PeerRule>, <vkbottle.dispatch.rules.base.StateRule>)> returned False
11:40:34 - DEBUG - Handler <FromFuncHandler start_dating blocking=True rules=(<vkbottle.dispatch.rules.base.PeerRule>, <vkbottle.dispatch.rules.base.StateRule>, <vkbottle.dispatch.rules.base.PayloadRule>)> returned False
11:40:34 - DEBUG - Handler <FromFuncHandler next_dating blocking=True rules=(<vkbottle.dispatch.rules.base.PeerRule>, <vkbottle.dispatch.rules.base.StateRule>, <vkbottle.dispatch.rules.base.PayloadRule>)> returned False
11:40:34 - DEBUG - Handler <FromFuncHandler add_to_favourite blocking=True rules=(<vkbottle.dispatch.rules.base.PeerRule>, <vkbottle.dispatch.rules.base.StateRule>, <vkbottle.dispatch.rules.base.PayloadRule>)> returned {}
11:40:34 - DEBUG - https://api.vk.com:443 "POST /method/users.search HTTP/1.1" 200 304
11:40:34 - DEBUG - search user response: {'count': 11096295, 'items': [{'id': 709507615, 'bdate': '26.10.1974', 'city': {'id': 75, 'title': 'Курск'}, 'track_code': '63cc5d8bE1YbXi5RRd9o-GAJ-nD0tuDQvswa-GQUPygadMBlMvNwLBkEEF9HgjjwU75T57je7ta9zBr2AmZW', 'sex': 2, 'first_name': 'Александр', 'last_name': 'Хинштейн', 'can_access_closed': True, 'is_closed': False}]}
11:40:34 - DEBUG - search user item: {'id': 709507615, 'bdate': '26.10.1974', 'city': {'id': 75, 'title': 'Курск'}, 'track_code': '63cc5d8bE1YbXi5RRd9o-GAJ-nD0tuDQvswa-GQUPygadMBlMvNwLBkEEF9HgjjwU75T57je7ta9zBr2AmZW', 'sex': 2, 'first_name': 'Александр', 'last_name': 'Хинштейн', 'can_access_closed': True, 'is_closed': False}
11:40:35 - DEBUG - https://api.vk.com:443 "POST /method/photos.get HTTP/1.1" 200 1658
11:40:35 - DEBUG - get profile photos response: {'count': 8, 'items': [{'album_id': -6, 'date': 1652000081, 'id': 457240291, 'owner_id': 709507615, 'can_comment': 1, 'post_id': 5255, 'sizes': [{'height': 96, 'type': 's', 'width': 72, 'url': 'https://sun9-30.userapi.com/s/v1/ig2/bSIT0aOvWUVvFHZCRnZOoRurC8xVtGn0beEC9-0mejE9M_SWPsTbQrCmGYL4n54cT-Munz8Jn0fZRSfZ3kipGdi3.jpg?quality=95&as=32x43,48x64,72x96,108x144,160x213,240x320,360x480,480x640,540x721,640x854,720x961,1080x1441,1280x1708,1388x1852&from=bu&cs=72x0'}, {'height': 213, 'type': 'm', 'width': 160, 'url': 'https://sun9-30.userapi.com/s/v1/ig2/bSIT0aOvWUVvFHZCRnZOoRurC8xVtGn0beEC9-0mejE9M_SWPsTbQrCmGYL4n54cT-Munz8Jn0fZRSfZ3kipGdi3.jpg?quality=95&as=32x43,48x64,72x96,108x144,160x213,240x320,360x480,480x640,540x721,640x854,720x961,1080x1441,1280x1708,1388x1852&from=bu&cs=160x0'}, {'height': 854, 'type': 'x', 'width': 640, 'url': 'https://sun9-30.userapi.com/s/v1/ig2/bSIT0aOvWUVvFHZCRnZOoRurC8xVtGn0beEC9-0mejE9M_SWPsTbQrCmGYL4n54cT-Munz8Jn0fZRSfZ3kipGdi3.jpg?quality=95&as=32x43,48x64,72x96,108x144,160x213,240x320,360x480,480x640,540x721,640x854,720x961,1080x1441,1280x1708,1388x1852&from=bu&cs=640x0'}, {'height': 1441, 'type': 'y', 'width': 1080, 'url': 'https://sun9-30.userapi.com/s/v1/ig2/bSIT0aOvWUVvFHZCRnZOoRurC8xVtGn0beEC9-0mejE9M_SWPsTbQrCmGYL4n54cT-Munz8Jn0fZRSfZ3kipGdi3.jpg?quality=95&as=32x43,48x64,72x96,108x144,160x213,240x320,360x480,480x640,540x721,640x854,720x961,1080x1441,1280x1708,1388x1852&from=bu&cs=1080x0'}, {'height': 1708, 'type': 'z', 'width': 1280, 'url': 'https://sun9-30.userapi.com/s/v1/ig2/bSIT0aOvWUVvFHZCRnZOoRurC8xVtGn0beEC9-0mejE9M_SWPsTbQrCmGYL4n54cT-Munz8Jn0fZRSfZ3kipGdi3.jpg?quality=95&as=32x43,48x64,72x96,108x144,160x213,240x320,360x480,480x640,540x721,640x854,720x961,1080x1441,1280x1708,1388x1852&from=bu&cs=1280x0'}, {'height': 1852, 'type': 'w', 'width': 1388, 'url': 'https://sun9-30.userapi.com/s/v1/ig2/bSIT0aOvWUVvFHZCRnZOoRurC8xVtGn0beEC9-0mejE9M_SWPsTbQrCmGYL4n54cT-Munz8Jn0fZRSfZ3kipGdi3.jpg?quality=95&as=32x43,48x64,72x96,108x144,160x213,240x320,360x480,480x640,540x721,640x854,720x961,1080x1441,1280x1708,1388x1852&from=bu&cs=1388x0'}, {'height': 144, 'type': 'o', 'width': 108, 'url': 'https://sun9-30.userapi.com/s/v1/ig2/bSIT0aOvWUVvFHZCRnZOoRurC8xVtGn0beEC9-0mejE9M_SWPsTbQrCmGYL4n54cT-Munz8Jn0fZRSfZ3kipGdi3.jpg?quality=95&as=32x43,48x64,72x96,108x144,160x213,240x320,360x480,480x640,540x721,640x854,720x961,1080x1441,1280x1708,1388x1852&from=bu&cs=108x0'}, {'height': 320, 'type': 'p', 'width': 240, 'url': 'https://sun9-30.userapi.com/s/v1/ig2/bSIT0aOvWUVvFHZCRnZOoRurC8xVtGn0beEC9-0mejE9M_SWPsTbQrCmGYL4n54cT-Munz8Jn0fZRSfZ3kipGdi3.jpg?quality=95&as=32x43,48x64,72x96,108x144,160x213,240x320,360x480,480x640,540x721,640x854,720x961,1080x1441,1280x1708,1388x1852&from=bu&cs=240x0'}, {'height': 480, 'type': 'q', 'width': 360, 'url': 'https://sun9-30.userapi.com/s/v1/ig2/bSIT0aOvWUVvFHZCRnZOoRurC8xVtGn0beEC9-0mejE9M_SWPsTbQrCmGYL4n54cT-Munz8Jn0fZRSfZ3kipGdi3.jpg?quality=95&as=32x43,48x64,72x96,108x144,160x213,240x320,360x480,480x640,540x721,640x854,720x961,1080x1441,1280x1708,1388x1852&from=bu&cs=360x0'}, {'height': 721, 'type': 'r', 'width': 540, 'url': 'https://sun9-30.userapi.com/s/v1/ig2/bSIT0aOvWUVvFHZCRnZOoRurC8xVtGn0beEC9-0mejE9M_SWPsTbQrCmGYL4n54cT-Munz8Jn0fZRSfZ3kipGdi3.jpg?quality=95&as=32x43,48x64,72x96,108x144,160x213,240x320,360x480,480x640,540x721,640x854,720x961,1080x1441,1280x1708,1388x1852&from=bu&cs=540x0'}, {'height': 1852, 'type': 'base', 'width': 1388, 'url': 'https://sun9-30.userapi.com/s/v1/ig2/bSIT0aOvWUVvFHZCRnZOoRurC8xVtGn0beEC9-0mejE9M_SWPsTbQrCmGYL4n54cT-Munz8Jn0fZRSfZ3kipGdi3.jpg?quality=95&as=32x43,48x64,72x96,108x144,160x213,240x320,360x480,480x640,540x721,640x854,720x961,1080x1441,1280x1708,1388x1852&from=bu'}], 'square_crop': '0,0,1388', 'text': '', 'web_view_token': '1af3017802313d696b', 'likes': {'count': 113, 'user_likes': 0}, 'comments': {'count': 2}, 'reposts': {'count': 0}, 'tags': {'count': 0}, 'orig_photo': {'height': 1852, 'type': 'base', 'url': 'https://sun9-30.userapi.com/s/v1/ig2/bSIT0aOvWUVvFHZCRnZOoRurC8xVtGn0beEC9-0mejE9M_SWPsTbQrCmGYL4n54cT-Munz8Jn0fZRSfZ3kipGdi3.jpg?quality=95&as=32x43,48x64,72x96,108x144,160x213,240x320,360x480,480x640,540x721,640x854,720x961,1080x1441,1280x1708,1388x1852&from=bu', 'width': 1388}}, {'album_id': -6, 'date': 1683453810, 'id': 457242329, 'owner_id': 709507615, 'can_comment': 1, 'post_id': 46868, 'sizes': [{'height': 72, 'type': 's', 'width': 72, 'url': 'https://sun9-42.userapi.com/s/v1/ig2/lTVvgKdLF8D5M3nJ3DbTKweHXosuatLCTZIS8VPivqH2gpyzcnf0CwX7STtem3HSpwZbPlxnp-aulVaDcyl6yzQT.jpg?quality=95&as=32x32,48x48,72x72,108x108,160x160,240x240,360x360,480x480,540x540,640x640,720x720,1080x1080,1280x1280&from=bu&cs=72x0'}, {'height': 160, 'type': 'm', 'width': 160, 'url': 'https://sun9-42.userapi.com/s/v1/ig2/lTVvgKdLF8D5M3nJ3DbTKweHXosuatLCTZIS8VPivqH2gpyzcnf0CwX7STtem3HSpwZbPlxnp-aulVaDcyl6yzQT.jpg?quality=95&as=32x32,48x48,72x72,108x108,160x160,240x240,360x360,480x480,540x540,640x640,720x720,1080x1080,1280x1280&from=bu&cs=160x0'}, {'height': 640, 'type': 'x', 'width': 640, 'url': 'https://sun9-42.userapi.com/s/v1/ig2/lTVvgKdLF8D5M3nJ3DbTKweHXosuatLCTZIS8VPivqH2gpyzcnf0CwX7STtem3HSpwZbPlxnp-aulVaDcyl6yzQT.jpg?quality=95&as=32x32,48x48,72x72,108x108,160x160,240x240,360x360,480x480,540x540,640x640,720x720,1080x1080,1280x1280&from=bu&cs=640x0'}, {'height': 1080, 'type': 'y', 'width': 1080, 'url': 'https://sun9-42.userapi.com/s/v1/ig2/lTVvgKdLF8D5M3nJ3DbTKweHXosuatLCTZIS8VPivqH2gpyzcnf0CwX7STtem3HSpwZbPlxnp-aulVaDcyl6yzQT.jpg?quality=95&as=32x32,48x48,72x72,108x108,160x160,240x240,360x360,480x480,540x540,640x640,720x720,1080x1080,1280x1280&from=bu&cs=1080x0'}, {'height': 1280, 'type': 'z', 'width': 1280, 'url': 'https://sun9-42.userapi.com/s/v1/ig2/lTVvgKdLF8D5M3nJ3DbTKweHXosuatLCTZIS8VPivqH2gpyzcnf0CwX7STtem3HSpwZbPlxnp-aulVaDcyl6yzQT.jpg?quality=95&as=32x32,48x48,72x72,108x108,160x160,240x240,360x360,480x480,540x540,640x640,720x720,1080x1080,1280x1280&from=bu&cs=1280x0'}, {'height': 1280, 'type': 'w', 'width': 1280, 'url': 'https://sun9-42.userapi.com/s/v1/ig2/lTVvgKdLF8D5M3nJ3DbTKweHXosuatLCTZIS8VPivqH2gpyzcnf0CwX7STtem3HSpwZbPlxnp-aulVaDcyl6yzQT.jpg?quality=95&as=32x32,48x48,72x72,108x108,160x160,240x240,360x360,480x480,540x540,640x640,720x720,1080x1080,1280x1280&from=bu&cs=1280x0'}, {'height': 108, 'type': 'o', 'width': 108, 'url': 'https://sun9-42.userapi.com/s/v1/ig2/lTVvgKdLF8D5M3nJ3DbTKweHXosuatLCTZIS8VPivqH2gpyzcnf0CwX7STtem3HSpwZbPlxnp-aulVaDcyl6yzQT.jpg?quality=95&as=32x32,48x48,72x72,108x108,160x160,240x240,360x360,480x480,540x540,640x640,720x720,1080x1080,1280x1280&from=bu&cs=108x0'}, {'height': 240, 'type': 'p', 'width': 240, 'url': 'https://sun9-42.userapi.com/s/v1/ig2/lTVvgKdLF8D5M3nJ3DbTKweHXosuatLCTZIS8VPivqH2gpyzcnf0CwX7STtem3HSpwZbPlxnp-aulVaDcyl6yzQT.jpg?quality=95&as=32x32,48x48,72x72,108x108,160x160,240x240,360x360,480x480,540x540,640x640,720x720,1080x1080,1280x1280&from=bu&cs=240x0'}, {'height': 360, 'type': 'q', 'width': 360, 'url': 'https://sun9-42.userapi.com/s/v1/ig2/lTVvgKdLF8D5M3nJ3DbTKweHXosuatLCTZIS8VPivqH2gpyzcnf0CwX7STtem3HSpwZbPlxnp-aulVaDcyl6yzQT.jpg?quality=95&as=32x32,48x48,72x72,108x108,160x160,240x240,360x360,480x480,540x540,640x640,720x720,1080x1080,1280x1280&from=bu&cs=360x0'}, {'height': 540, 'type': 'r', 'width': 540, 'url': 'https://sun9-42.userapi.com/s/v1/ig2/lTVvgKdLF8D5M3nJ3DbTKweHXosuatLCTZIS8VPivqH2gpyzcnf0CwX7STtem3HSpwZbPlxnp-aulVaDcyl6yzQT.jpg?quality=95&as=32x32,48x48,72x72,108x108,160x160,240x240,360x360,480x480,540x540,640x640,720x720,1080x1080,1280x1280&from=bu&cs=540x0'}, {'height': 1280, 'type': 'base', 'width': 1280, 'url': 'https://sun9-42.userapi.com/s/v1/ig2/lTVvgKdLF8D5M3nJ3DbTKweHXosuatLCTZIS8VPivqH2gpyzcnf0CwX7STtem3HSpwZbPlxnp-aulVaDcyl6yzQT.jpg?quality=95&as=32x32,48x48,72x72,108x108,160x160,240x240,360x360,480x480,540x540,640x640,720x720,1080x1080,1280x1280&from=bu'}], 'square_crop': '2,0,1278', 'text': '', 'web_view_token': 'c4eacbf2b27fb0dc14', 'likes': {'count': 89, 'user_likes': 0}, 'comments': {'count': 2}, 'reposts': {'count': 0}, 'tags': {'count': 0}, 'orig_photo': {'height': 1280, 'type': 'base', 'url': 'https://sun9-42.userapi.com/s/v1/ig2/lTVvgKdLF8D5M3nJ3DbTKweHXosuatLCTZIS8VPivqH2gpyzcnf0CwX7STtem3HSpwZbPlxnp-aulVaDcyl6yzQT.jpg?quality=95&as=32x32,48x48,72x72,108x108,160x160,240x240,360x360,480x480,540x540,640x640,720x720,1080x1080,1280x1280&from=bu', 'width': 1280}}, {'album_id': -6, 'date': 1683748736, 'id': 457242371, 'owner_id': 709507615, 'can_comment': 1, 'sizes': [{'height': 50, 'type': 's', 'width': 72, 'url': 'https://sun9-2.userapi.com/s/v1/ig2/EPZpVgcHm-c1pCLFYLm_aYm-2jKncJopUdJVMRt5fRAxnoX7gOqEzGAE_ls7V1lNY-9chmDY6_T-g00-k4woPVeF.jpg?quality=95&as=32x22,48x33,72x50,108x75,160x111,240x167,360x250,480x334,540x375,640x445,720x500,1080x750,1124x781&from=bu&cs=72x0'}, {'height': 111, 'type': 'm', 'width': 160, 'url': 'https://sun9-2.userapi.com/s/v1/ig2/EPZpVgcHm-c1pCLFYLm_aYm-2jKncJopUdJVMRt5fRAxnoX7gOqEzGAE_ls7V1lNY-9chmDY6_T-g00-k4woPVeF.jpg?quality=95&as=32x22,48x33,72x50,108x75,160x111,240x167,360x250,480x334,540x375,640x445,720x500,1080x750,1124x781&from=bu&cs=160x0'}, {'height': 445, 'type': 'x', 'width': 640, 'url': 'https://sun9-2.userapi.com/s/v1/ig2/EPZpVgcHm-c1pCLFYLm_aYm-2jKncJopUdJVMRt5fRAxnoX7gOqEzGAE_ls7V1lNY-9chmDY6_T-g00-k4woPVeF.jpg?quality=95&as=32x22,48x33,72x50,108x75,160x111,240x167,360x250,480x334,540x375,640x445,720x500,1080x750,1124x781&from=bu&cs=640x0'}, {'height': 750, 'type': 'y', 'width': 1080, 'url': 'https://sun9-2.userapi.com/s/v1/ig2/EPZpVgcHm-c1pCLFYLm_aYm-2jKncJopUdJVMRt5fRAxnoX7gOqEzGAE_ls7V1lNY-9chmDY6_T-g00-k4woPVeF.jpg?quality=95&as=32x22,48x33,72x50,108x75,160x111,240x167,360x250,480x334,540x375,640x445,720x500,1080x750,1124x781&from=bu&cs=1080x0'}, {'height': 781, 'type': 'z', 'width': 1124, 'url': 'https://sun9-2.userapi.com/s/v1/ig2/EPZpVgcHm-c1pCLFYLm_aYm-2jKncJopUdJVMRt5fRAxnoX7gOqEzGAE_ls7V1lNY-9chmDY6_T-g00-k4woPVeF.jpg?quality=95&as=32x22,48x33,72x50,108x75,160x111,240x167,360x250,480x334,540x375,640x445,720x500,1080x750,1124x781&from=bu&cs=1124x0'}, {'height': 75, 'type': 'o', 'width': 108, 'url': 'https://sun9-2.userapi.com/s/v1/ig2/EPZpVgcHm-c1pCLFYLm_aYm-2jKncJopUdJVMRt5fRAxnoX7gOqEzGAE_ls7V1lNY-9chmDY6_T-g00-k4woPVeF.jpg?quality=95&as=32x22,48x33,72x50,108x75,160x111,240x167,360x250,480x334,540x375,640x445,720x500,1080x750,1124x781&from=bu&cs=108x0'}, {'height': 167, 'type': 'p', 'width': 240, 'url': 'https://sun9-2.userapi.com/s/v1/ig2/EPZpVgcHm-c1pCLFYLm_aYm-2jKncJopUdJVMRt5fRAxnoX7gOqEzGAE_ls7V1lNY-9chmDY6_T-g00-k4woPVeF.jpg?quality=95&as=32x22,48x33,72x50,108x75,160x111,240x167,360x250,480x334,540x375,640x445,720x500,1080x750,1124x781&from=bu&cs=240x0'}, {'height': 250, 'type': 'q', 'width': 360, 'url': 'https://sun9-2.userapi.com/s/v1/ig2/EPZpVgcHm-c1pCLFYLm_aYm-2jKncJopUdJVMRt5fRAxnoX7gOqEzGAE_ls7V1lNY-9chmDY6_T-g00-k4woPVeF.jpg?quality=95&as=32x22,48x33,72x50,108x75,160x111,240x167,360x250,480x334,540x375,640x445,720x500,1080x750,1124x781&from=bu&cs=360x0'}, {'height': 375, 'type': 'r', 'width': 540, 'url': 'https://sun9-2.userapi.com/s/v1/ig2/EPZpVgcHm-c1pCLFYLm_aYm-2jKncJopUdJVMRt5fRAxnoX7gOqEzGAE_ls7V1lNY-9chmDY6_T-g00-k4woPVeF.jpg?quality=95&as=32x22,48x33,72x50,108x75,160x111,240x167,360x250,480x334,540x375,640x445,720x500,1080x750,1124x781&from=bu&cs=540x0'}, {'height': 781, 'type': 'base', 'width': 1124, 'url': 'https://sun9-2.userapi.com/s/v1/ig2/EPZpVgcHm-c1pCLFYLm_aYm-2jKncJopUdJVMRt5fRAxnoX7gOqEzGAE_ls7V1lNY-9chmDY6_T-g00-k4woPVeF.jpg?quality=95&as=32x22,48x33,72x50,108x75,160x111,240x167,360x250,480x334,540x375,640x445,720x500,1080x750,1124x781&from=bu'}], 'square_crop': '146,0,781', 'text': '', 'web_view_token': '76233c849068502850', 'likes': {'count': 247, 'user_likes': 0}, 'comments': {'count': 19}, 'reposts': {'count': 1}, 'tags': {'count': 0}, 'orig_photo': {'height': 781, 'type': 'base', 'url': 'https://sun9-2.userapi.com/s/v1/ig2/EPZpVgcHm-c1pCLFYLm_aYm-2jKncJopUdJVMRt5fRAxnoX7gOqEzGAE_ls7V1lNY-9chmDY6_T-g00-k4woPVeF.jpg?quality=95&as=32x22,48x33,72x50,108x75,160x111,240x167,360x250,480x334,540x375,640x445,720x500,1080x750,1124x781&from=bu', 'width': 1124}}, {'album_id': -6, 'date': 1715165656, 'id': 457245344, 'owner_id': 709507615, 'can_comment': 1, 'post_id': 125043, 'sizes': [{'height': 72, 'type': 's', 'width': 72, 'url': 'https://sun9-14.userapi.com/s/v1/ig2/wmnku1KlbuQ5Y6iBAkzOMgP5CPZUxoe3Wllwthkliz3shvjMSGmHjpwmdpnoR7alaGcnLozFEJhD-V1EF8iwoqz4.jpg?quality=95&as=32x32,48x48,72x72,108x108,160x160,240x240,360x360,480x480,540x540,640x640,720x720,1000x1000&from=bu&cs=72x0'}, {'height': 160, 'type': 'm', 'width': 160, 'url': 'https://sun9-14.userapi.com/s/v1/ig2/wmnku1KlbuQ5Y6iBAkzOMgP5CPZUxoe3Wllwthkliz3shvjMSGmHjpwmdpnoR7alaGcnLozFEJhD-V1EF8iwoqz4.jpg?quality=95&as=32x32,48x48,72x72,108x108,160x160,240x240,360x360,480x480,540x540,640x640,720x720,1000x1000&from=bu&cs=160x0'}, {'height': 640, 'type': 'x', 'width': 640, 'url': 'https://sun9-14.userapi.com/s/v1/ig2/wmnku1KlbuQ5Y6iBAkzOMgP5CPZUxoe3Wllwthkliz3shvjMSGmHjpwmdpnoR7alaGcnLozFEJhD-V1EF8iwoqz4.jpg?quality=95&as=32x32,48x48,72x72,108x108,160x160,240x240,360x360,480x480,540x540,640x640,720x720,1000x1000&from=bu&cs=640x0'}, {'height': 1000, 'type': 'y', 'width': 1000, 'url': 'https://sun9-14.userapi.com/s/v1/ig2/wmnku1KlbuQ5Y6iBAkzOMgP5CPZUxoe3Wllwthkliz3shvjMSGmHjpwmdpnoR7alaGcnLozFEJhD-V1EF8iwoqz4.jpg?quality=95&as=32x32,48x48,72x72,108x108,160x160,240x240,360x360,480x480,540x540,640x640,720x720,1000x1000&from=bu&cs=1000x0'}, {'height': 108, 'type': 'o', 'width': 108, 'url': 'https://sun9-14.userapi.com/s/v1/ig2/wmnku1KlbuQ5Y6iBAkzOMgP5CPZUxoe3Wllwthkliz3shvjMSGmHjpwmdpnoR7alaGcnLozFEJhD-V1EF8iwoqz4.jpg?quality=95&as=32x32,48x48,72x72,108x108,160x160,240x240,360x360,480x480,540x540,640x640,720x720,1000x1000&from=bu&cs=108x0'}, {'height': 240, 'type': 'p', 'width': 240, 'url': 'https://sun9-14.userapi.com/s/v1/ig2/wmnku1KlbuQ5Y6iBAkzOMgP5CPZUxoe3Wllwthkliz3shvjMSGmHjpwmdpnoR7alaGcnLozFEJhD-V1EF8iwoqz4.jpg?quality=95&as=32x32,48x48,72x72,108x108,160x160,240x240,360x360,480x480,540x540,640x640,720x720,1000x1000&from=bu&cs=240x0'}, {'height': 360, 'type': 'q', 'width': 360, 'url': 'https://sun9-14.userapi.com/s/v1/ig2/wmnku1KlbuQ5Y6iBAkzOMgP5CPZUxoe3Wllwthkliz3shvjMSGmHjpwmdpnoR7alaGcnLozFEJhD-V1EF8iwoqz4.jpg?quality=95&as=32x32,48x48,72x72,108x108,160x160,240x240,360x360,480x480,540x540,640x640,720x720,1000x1000&from=bu&cs=360x0'}, {'height': 540, 'type': 'r', 'width': 540, 'url': 'https://sun9-14.userapi.com/s/v1/ig2/wmnku1KlbuQ5Y6iBAkzOMgP5CPZUxoe3Wllwthkliz3shvjMSGmHjpwmdpnoR7alaGcnLozFEJhD-V1EF8iwoqz4.jpg?quality=95&as=32x32,48x48,72x72,108x108,160x160,240x240,360x360,480x480,540x540,640x640,720x720,1000x1000&from=bu&cs=540x0'}, {'height': 1000, 'type': 'base', 'width': 1000, 'url': 'https://sun9-14.userapi.com/s/v1/ig2/wmnku1KlbuQ5Y6iBAkzOMgP5CPZUxoe3Wllwthkliz3shvjMSGmHjpwmdpnoR7alaGcnLozFEJhD-V1EF8iwoqz4.jpg?quality=95&as=32x32,48x48,72x72,108x108,160x160,240x240,360x360,480x480,540x540,640x640,720x720,1000x1000&from=bu'}], 'square_crop': '0,1,999', 'text': '', 'web_view_token': '0dfecd88f26d2726f6', 'likes': {'count': 182, 'user_likes': 0}, 'comments': {'count': 7}, 'reposts': {'count': 0}, 'tags': {'count': 0}, 'orig_photo': {'height': 1000, 'type': 'base', 'url': 'https://sun9-14.userapi.com/s/v1/ig2/wmnku1KlbuQ5Y6iBAkzOMgP5CPZUxoe3Wllwthkliz3shvjMSGmHjpwmdpnoR7alaGcnLozFEJhD-V1EF8iwoqz4.jpg?quality=95&as=32x32,48x48,72x72,108x108,160x160,240x240,360x360,480x480,540x540,640x640,720x720,1000x1000&from=bu', 'width': 1000}}, {'album_id': -6, 'date': 1715587710, 'id': 457245405, 'owner_id': 709507615, 'can_comment': 1, 'post_id': 126948, 'sizes': [{'height': 50, 'type': 's', 'width': 72, 'url': 'https://sun9-75.userapi.com/s/v1/ig2/RM9FAEIT3fOnRW0YqOQdc12eLlKJ4rD2uRkdH-3f0fD4kzgPbVLJ4kw5B0DGMgxrIEULdPYcAs8c4cjnPIlc3x2t.jpg?quality=95&as=32x22,48x33,72x50,108x75,160x111,240x167,360x250,480x334,540x375,640x445,720x500,1080x750,1124x781&from=bu&cs=72x0'}, {'height': 111, 'type': 'm', 'width': 160, 'url': 'https://sun9-75.userapi.com/s/v1/ig2/RM9FAEIT3fOnRW0YqOQdc12eLlKJ4rD2uRkdH-3f0fD4kzgPbVLJ4kw5B0DGMgxrIEULdPYcAs8c4cjnPIlc3x2t.jpg?quality=95&as=32x22,48x33,72x50,108x75,160x111,240x167,360x250,480x334,540x375,640x445,720x500,1080x750,1124x781&from=bu&cs=160x0'}, {'height': 445, 'type': 'x', 'width': 640, 'url': 'https://sun9-75.userapi.com/s/v1/ig2/RM9FAEIT3fOnRW0YqOQdc12eLlKJ4rD2uRkdH-3f0fD4kzgPbVLJ4kw5B0DGMgxrIEULdPYcAs8c4cjnPIlc3x2t.jpg?quality=95&as=32x22,48x33,72x50,108x75,160x111,240x167,360x250,480x334,540x375,640x445,720x500,1080x750,1124x781&from=bu&cs=640x0'}, {'height': 750, 'type': 'y', 'width': 1080, 'url': 'https://sun9-75.userapi.com/s/v1/ig2/RM9FAEIT3fOnRW0YqOQdc12eLlKJ4rD2uRkdH-3f0fD4kzgPbVLJ4kw5B0DGMgxrIEULdPYcAs8c4cjnPIlc3x2t.jpg?quality=95&as=32x22,48x33,72x50,108x75,160x111,240x167,360x250,480x334,540x375,640x445,720x500,1080x750,1124x781&from=bu&cs=1080x0'}, {'height': 781, 'type': 'z', 'width': 1124, 'url': 'https://sun9-75.userapi.com/s/v1/ig2/RM9FAEIT3fOnRW0YqOQdc12eLlKJ4rD2uRkdH-3f0fD4kzgPbVLJ4kw5B0DGMgxrIEULdPYcAs8c4cjnPIlc3x2t.jpg?quality=95&as=32x22,48x33,72x50,108x75,160x111,240x167,360x250,480x334,540x375,640x445,720x500,1080x750,1124x781&from=bu&cs=1124x0'}, {'height': 75, 'type': 'o', 'width': 108, 'url': 'https://sun9-75.userapi.com/s/v1/ig2/RM9FAEIT3fOnRW0YqOQdc12eLlKJ4rD2uRkdH-3f0fD4kzgPbVLJ4kw5B0DGMgxrIEULdPYcAs8c4cjnPIlc3x2t.jpg?quality=95&as=32x22,48x33,72x50,108x75,160x111,240x167,360x250,480x334,540x375,640x445,720x500,1080x750,1124x781&from=bu&cs=108x0'}, {'height': 167, 'type': 'p', 'width': 240, 'url': 'https://sun9-75.userapi.com/s/v1/ig2/RM9FAEIT3fOnRW0YqOQdc12eLlKJ4rD2uRkdH-3f0fD4kzgPbVLJ4kw5B0DGMgxrIEULdPYcAs8c4cjnPIlc3x2t.jpg?quality=95&as=32x22,48x33,72x50,108x75,160x111,240x167,360x250,480x334,540x375,640x445,720x500,1080x750,1124x781&from=bu&cs=240x0'}, {'height': 250, 'type': 'q', 'width': 360, 'url': 'https://sun9-75.userapi.com/s/v1/ig2/RM9FAEIT3fOnRW0YqOQdc12eLlKJ4rD2uRkdH-3f0fD4kzgPbVLJ4kw5B0DGMgxrIEULdPYcAs8c4cjnPIlc3x2t.jpg?quality=95&as=32x22,48x33,72x50,108x75,160x111,240x167,360x250,480x334,540x375,640x445,720x500,1080x750,1124x781&from=bu&cs=360x0'}, {'height': 375, 'type': 'r', 'width': 540, 'url': 'https://sun9-75.userapi.com/s/v1/ig2/RM9FAEIT3fOnRW0YqOQdc12eLlKJ4rD2uRkdH-3f0fD4kzgPbVLJ4kw5B0DGMgxrIEULdPYcAs8c4cjnPIlc3x2t.jpg?quality=95&as=32x22,48x33,72x50,108x75,160x111,240x167,360x250,480x334,540x375,640x445,720x500,1080x750,1124x781&from=bu&cs=540x0'}, {'height': 781, 'type': 'base', 'width': 1124, 'url': 'https://sun9-75.userapi.com/s/v1/ig2/RM9FAEIT3fOnRW0YqOQdc12eLlKJ4rD2uRkdH-3f0fD4kzgPbVLJ4kw5B0DGMgxrIEULdPYcAs8c4cjnPIlc3x2t.jpg?quality=95&as=32x22,48x33,72x50,108x75,160x111,240x167,360x250,480x334,540x375,640x445,720x500,1080x750,1124x781&from=bu'}], 'square_crop': '185,0,781', 'text': '', 'web_view_token': '85a48c19c74614dc0a', 'likes': {'count': 611, 'user_likes': 0}, 'comments': {'count': 25}, 'reposts': {'count': 0}, 'tags': {'count': 0}, 'orig_photo': {'height': 781, 'type': 'base', 'url': 'https://sun9-75.userapi.com/s/v1/ig2/RM9FAEIT3fOnRW0YqOQdc12eLlKJ4rD2uRkdH-3f0fD4kzgPbVLJ4kw5B0DGMgxrIEULdPYcAs8c4cjnPIlc3x2t.jpg?quality=95&as=32x22,48x33,72x50,108x75,160x111,240x167,360x250,480x334,540x375,640x445,720x500,1080x750,1124x781&from=bu', 'width': 1124}}], 'next_from': ''}
11:40:35 - DEBUG - profile photos: [{'album_id': -6, 'date': 1652000081, 'id': 457240291, 'owner_id': 709507615, 'can_comment': 1, 'post_id': 5255, 'sizes': [{'height': 96, 'type': 's', 'width': 72, 'url': 'https://sun9-30.userapi.com/s/v1/ig2/bSIT0aOvWUVvFHZCRnZOoRurC8xVtGn0beEC9-0mejE9M_SWPsTbQrCmGYL4n54cT-Munz8Jn0fZRSfZ3kipGdi3.jpg?quality=95&as=32x43,48x64,72x96,108x144,160x213,240x320,360x480,480x640,540x721,640x854,720x961,1080x1441,1280x1708,1388x1852&from=bu&cs=72x0'}, {'height': 213, 'type': 'm', 'width': 160, 'url': 'https://sun9-30.userapi.com/s/v1/ig2/bSIT0aOvWUVvFHZCRnZOoRurC8xVtGn0beEC9-0mejE9M_SWPsTbQrCmGYL4n54cT-Munz8Jn0fZRSfZ3kipGdi3.jpg?quality=95&as=32x43,48x64,72x96,108x144,160x213,240x320,360x480,480x640,540x721,640x854,720x961,1080x1441,1280x1708,1388x1852&from=bu&cs=160x0'}, {'height': 854, 'type': 'x', 'width': 640, 'url': 'https://sun9-30.userapi.com/s/v1/ig2/bSIT0aOvWUVvFHZCRnZOoRurC8xVtGn0beEC9-0mejE9M_SWPsTbQrCmGYL4n54cT-Munz8Jn0fZRSfZ3kipGdi3.jpg?quality=95&as=32x43,48x64,72x96,108x144,160x213,240x320,360x480,480x640,540x721,640x854,720x961,1080x1441,1280x1708,1388x1852&from=bu&cs=640x0'}, {'height': 1441, 'type': 'y', 'width': 1080, 'url': 'https://sun9-30.userapi.com/s/v1/ig2/bSIT0aOvWUVvFHZCRnZOoRurC8xVtGn0beEC9-0mejE9M_SWPsTbQrCmGYL4n54cT-Munz8Jn0fZRSfZ3kipGdi3.jpg?quality=95&as=32x43,48x64,72x96,108x144,160x213,240x320,360x480,480x640,540x721,640x854,720x961,1080x1441,1280x1708,1388x1852&from=bu&cs=1080x0'}, {'height': 1708, 'type': 'z', 'width': 1280, 'url': 'https://sun9-30.userapi.com/s/v1/ig2/bSIT0aOvWUVvFHZCRnZOoRurC8xVtGn0beEC9-0mejE9M_SWPsTbQrCmGYL4n54cT-Munz8Jn0fZRSfZ3kipGdi3.jpg?quality=95&as=32x43,48x64,72x96,108x144,160x213,240x320,360x480,480x640,540x721,640x854,720x961,1080x1441,1280x1708,1388x1852&from=bu&cs=1280x0'}, {'height': 1852, 'type': 'w', 'width': 1388, 'url': 'https://sun9-30.userapi.com/s/v1/ig2/bSIT0aOvWUVvFHZCRnZOoRurC8xVtGn0beEC9-0mejE9M_SWPsTbQrCmGYL4n54cT-Munz8Jn0fZRSfZ3kipGdi3.jpg?quality=95&as=32x43,48x64,72x96,108x144,160x213,240x320,360x480,480x640,540x721,640x854,720x961,1080x1441,1280x1708,1388x1852&from=bu&cs=1388x0'}, {'height': 144, 'type': 'o', 'width': 108, 'url': 'https://sun9-30.userapi.com/s/v1/ig2/bSIT0aOvWUVvFHZCRnZOoRurC8xVtGn0beEC9-0mejE9M_SWPsTbQrCmGYL4n54cT-Munz8Jn0fZRSfZ3kipGdi3.jpg?quality=95&as=32x43,48x64,72x96,108x144,160x213,240x320,360x480,480x640,540x721,640x854,720x961,1080x1441,1280x1708,1388x1852&from=bu&cs=108x0'}, {'height': 320, 'type': 'p', 'width': 240, 'url': 'https://sun9-30.userapi.com/s/v1/ig2/bSIT0aOvWUVvFHZCRnZOoRurC8xVtGn0beEC9-0mejE9M_SWPsTbQrCmGYL4n54cT-Munz8Jn0fZRSfZ3kipGdi3.jpg?quality=95&as=32x43,48x64,72x96,108x144,160x213,240x320,360x480,480x640,540x721,640x854,720x961,1080x1441,1280x1708,1388x1852&from=bu&cs=240x0'}, {'height': 480, 'type': 'q', 'width': 360, 'url': 'https://sun9-30.userapi.com/s/v1/ig2/bSIT0aOvWUVvFHZCRnZOoRurC8xVtGn0beEC9-0mejE9M_SWPsTbQrCmGYL4n54cT-Munz8Jn0fZRSfZ3kipGdi3.jpg?quality=95&as=32x43,48x64,72x96,108x144,160x213,240x320,360x480,480x640,540x721,640x854,720x961,1080x1441,1280x1708,1388x1852&from=bu&cs=360x0'}, {'height': 721, 'type': 'r', 'width': 540, 'url': 'https://sun9-30.userapi.com/s/v1/ig2/bSIT0aOvWUVvFHZCRnZOoRurC8xVtGn0beEC9-0mejE9M_SWPsTbQrCmGYL4n54cT-Munz8Jn0fZRSfZ3kipGdi3.jpg?quality=95&as=32x43,48x64,72x96,108x144,160x213,240x320,360x480,480x640,540x721,640x854,720x961,1080x1441,1280x1708,1388x1852&from=bu&cs=540x0'}, {'height': 1852, 'type': 'base', 'width': 1388, 'url': 'https://sun9-30.userapi.com/s/v1/ig2/bSIT0aOvWUVvFHZCRnZOoRurC8xVtGn0beEC9-0mejE9M_SWPsTbQrCmGYL4n54cT-Munz8Jn0fZRSfZ3kipGdi3.jpg?quality=95&as=32x43,48x64,72x96,108x144,160x213,240x320,360x480,480x640,540x721,640x854,720x961,1080x1441,1280x1708,1388x1852&from=bu'}], 'square_crop': '0,0,1388', 'text': '', 'web_view_token': '1af3017802313d696b', 'likes': {'count': 113, 'user_likes': 0}, 'comments': {'count': 2}, 'reposts': {'count': 0}, 'tags': {'count': 0}, 'orig_photo': {'height': 1852, 'type': 'base', 'url': 'https://sun9-30.userapi.com/s/v1/ig2/bSIT0aOvWUVvFHZCRnZOoRurC8xVtGn0beEC9-0mejE9M_SWPsTbQrCmGYL4n54cT-Munz8Jn0fZRSfZ3kipGdi3.jpg?quality=95&as=32x43,48x64,72x96,108x144,160x213,240x320,360x480,480x640,540x721,640x854,720x961,1080x1441,1280x1708,1388x1852&from=bu', 'width': 1388}}, {'album_id': -6, 'date': 1683453810, 'id': 457242329, 'owner_id': 709507615, 'can_comment': 1, 'post_id': 46868, 'sizes': [{'height': 72, 'type': 's', 'width': 72, 'url': 'https://sun9-42.userapi.com/s/v1/ig2/lTVvgKdLF8D5M3nJ3DbTKweHXosuatLCTZIS8VPivqH2gpyzcnf0CwX7STtem3HSpwZbPlxnp-aulVaDcyl6yzQT.jpg?quality=95&as=32x32,48x48,72x72,108x108,160x160,240x240,360x360,480x480,540x540,640x640,720x720,1080x1080,1280x1280&from=bu&cs=72x0'}, {'height': 160, 'type': 'm', 'width': 160, 'url': 'https://sun9-42.userapi.com/s/v1/ig2/lTVvgKdLF8D5M3nJ3DbTKweHXosuatLCTZIS8VPivqH2gpyzcnf0CwX7STtem3HSpwZbPlxnp-aulVaDcyl6yzQT.jpg?quality=95&as=32x32,48x48,72x72,108x108,160x160,240x240,360x360,480x480,540x540,640x640,720x720,1080x1080,1280x1280&from=bu&cs=160x0'}, {'height': 640, 'type': 'x', 'width': 640, 'url': 'https://sun9-42.userapi.com/s/v1/ig2/lTVvgKdLF8D5M3nJ3DbTKweHXosuatLCTZIS8VPivqH2gpyzcnf0CwX7STtem3HSpwZbPlxnp-aulVaDcyl6yzQT.jpg?quality=95&as=32x32,48x48,72x72,108x108,160x160,240x240,360x360,480x480,540x540,640x640,720x720,1080x1080,1280x1280&from=bu&cs=640x0'}, {'height': 1080, 'type': 'y', 'width': 1080, 'url': 'https://sun9-42.userapi.com/s/v1/ig2/lTVvgKdLF8D5M3nJ3DbTKweHXosuatLCTZIS8VPivqH2gpyzcnf0CwX7STtem3HSpwZbPlxnp-aulVaDcyl6yzQT.jpg?quality=95&as=32x32,48x48,72x72,108x108,160x160,240x240,360x360,480x480,540x540,640x640,720x720,1080x1080,1280x1280&from=bu&cs=1080x0'}, {'height': 1280, 'type': 'z', 'width': 1280, 'url': 'https://sun9-42.userapi.com/s/v1/ig2/lTVvgKdLF8D5M3nJ3DbTKweHXosuatLCTZIS8VPivqH2gpyzcnf0CwX7STtem3HSpwZbPlxnp-aulVaDcyl6yzQT.jpg?quality=95&as=32x32,48x48,72x72,108x108,160x160,240x240,360x360,480x480,540x540,640x640,720x720,1080x1080,1280x1280&from=bu&cs=1280x0'}, {'height': 1280, 'type': 'w', 'width': 1280, 'url': 'https://sun9-42.userapi.com/s/v1/ig2/lTVvgKdLF8D5M3nJ3DbTKweHXosuatLCTZIS8VPivqH2gpyzcnf0CwX7STtem3HSpwZbPlxnp-aulVaDcyl6yzQT.jpg?quality=95&as=32x32,48x48,72x72,108x108,160x160,240x240,360x360,480x480,540x540,640x640,720x720,1080x1080,1280x1280&from=bu&cs=1280x0'}, {'height': 108, 'type': 'o', 'width': 108, 'url': 'https://sun9-42.userapi.com/s/v1/ig2/lTVvgKdLF8D5M3nJ3DbTKweHXosuatLCTZIS8VPivqH2gpyzcnf0CwX7STtem3HSpwZbPlxnp-aulVaDcyl6yzQT.jpg?quality=95&as=32x32,48x48,72x72,108x108,160x160,240x240,360x360,480x480,540x540,640x640,720x720,1080x1080,1280x1280&from=bu&cs=108x0'}, {'height': 240, 'type': 'p', 'width': 240, 'url': 'https://sun9-42.userapi.com/s/v1/ig2/lTVvgKdLF8D5M3nJ3DbTKweHXosuatLCTZIS8VPivqH2gpyzcnf0CwX7STtem3HSpwZbPlxnp-aulVaDcyl6yzQT.jpg?quality=95&as=32x32,48x48,72x72,108x108,160x160,240x240,360x360,480x480,540x540,640x640,720x720,1080x1080,1280x1280&from=bu&cs=240x0'}, {'height': 360, 'type': 'q', 'width': 360, 'url': 'https://sun9-42.userapi.com/s/v1/ig2/lTVvgKdLF8D5M3nJ3DbTKweHXosuatLCTZIS8VPivqH2gpyzcnf0CwX7STtem3HSpwZbPlxnp-aulVaDcyl6yzQT.jpg?quality=95&as=32x32,48x48,72x72,108x108,160x160,240x240,360x360,480x480,540x540,640x640,720x720,1080x1080,1280x1280&from=bu&cs=360x0'}, {'height': 540, 'type': 'r', 'width': 540, 'url': 'https://sun9-42.userapi.com/s/v1/ig2/lTVvgKdLF8D5M3nJ3DbTKweHXosuatLCTZIS8VPivqH2gpyzcnf0CwX7STtem3HSpwZbPlxnp-aulVaDcyl6yzQT.jpg?quality=95&as=32x32,48x48,72x72,108x108,160x160,240x240,360x360,480x480,540x540,640x640,720x720,1080x1080,1280x1280&from=bu&cs=540x0'}, {'height': 1280, 'type': 'base', 'width': 1280, 'url': 'https://sun9-42.userapi.com/s/v1/ig2/lTVvgKdLF8D5M3nJ3DbTKweHXosuatLCTZIS8VPivqH2gpyzcnf0CwX7STtem3HSpwZbPlxnp-aulVaDcyl6yzQT.jpg?quality=95&as=32x32,48x48,72x72,108x108,160x160,240x240,360x360,480x480,540x540,640x640,720x720,1080x1080,1280x1280&from=bu'}], 'square_crop': '2,0,1278', 'text': '', 'web_view_token': 'c4eacbf2b27fb0dc14', 'likes': {'count': 89, 'user_likes': 0}, 'comments': {'count': 2}, 'reposts': {'count': 0}, 'tags': {'count': 0}, 'orig_photo': {'height': 1280, 'type': 'base', 'url': 'https://sun9-42.userapi.com/s/v1/ig2/lTVvgKdLF8D5M3nJ3DbTKweHXosuatLCTZIS8VPivqH2gpyzcnf0CwX7STtem3HSpwZbPlxnp-aulVaDcyl6yzQT.jpg?quality=95&as=32x32,48x48,72x72,108x108,160x160,240x240,360x360,480x480,540x540,640x640,720x720,1080x1080,1280x1280&from=bu', 'width': 1280}}, {'album_id': -6, 'date': 1683748736, 'id': 457242371, 'owner_id': 709507615, 'can_comment': 1, 'sizes': [{'height': 50, 'type': 's', 'width': 72, 'url': 'https://sun9-2.userapi.com/s/v1/ig2/EPZpVgcHm-c1pCLFYLm_aYm-2jKncJopUdJVMRt5fRAxnoX7gOqEzGAE_ls7V1lNY-9chmDY6_T-g00-k4woPVeF.jpg?quality=95&as=32x22,48x33,72x50,108x75,160x111,240x167,360x250,480x334,540x375,640x445,720x500,1080x750,1124x781&from=bu&cs=72x0'}, {'height': 111, 'type': 'm', 'width': 160, 'url': 'https://sun9-2.userapi.com/s/v1/ig2/EPZpVgcHm-c1pCLFYLm_aYm-2jKncJopUdJVMRt5fRAxnoX7gOqEzGAE_ls7V1lNY-9chmDY6_T-g00-k4woPVeF.jpg?quality=95&as=32x22,48x33,72x50,108x75,160x111,240x167,360x250,480x334,540x375,640x445,720x500,1080x750,1124x781&from=bu&cs=160x0'}, {'height': 445, 'type': 'x', 'width': 640, 'url': 'https://sun9-2.userapi.com/s/v1/ig2/EPZpVgcHm-c1pCLFYLm_aYm-2jKncJopUdJVMRt5fRAxnoX7gOqEzGAE_ls7V1lNY-9chmDY6_T-g00-k4woPVeF.jpg?quality=95&as=32x22,48x33,72x50,108x75,160x111,240x167,360x250,480x334,540x375,640x445,720x500,1080x750,1124x781&from=bu&cs=640x0'}, {'height': 750, 'type': 'y', 'width': 1080, 'url': 'https://sun9-2.userapi.com/s/v1/ig2/EPZpVgcHm-c1pCLFYLm_aYm-2jKncJopUdJVMRt5fRAxnoX7gOqEzGAE_ls7V1lNY-9chmDY6_T-g00-k4woPVeF.jpg?quality=95&as=32x22,48x33,72x50,108x75,160x111,240x167,360x250,480x334,540x375,640x445,720x500,1080x750,1124x781&from=bu&cs=1080x0'}, {'height': 781, 'type': 'z', 'width': 1124, 'url': 'https://sun9-2.userapi.com/s/v1/ig2/EPZpVgcHm-c1pCLFYLm_aYm-2jKncJopUdJVMRt5fRAxnoX7gOqEzGAE_ls7V1lNY-9chmDY6_T-g00-k4woPVeF.jpg?quality=95&as=32x22,48x33,72x50,108x75,160x111,240x167,360x250,480x334,540x375,640x445,720x500,1080x750,1124x781&from=bu&cs=1124x0'}, {'height': 75, 'type': 'o', 'width': 108, 'url': 'https://sun9-2.userapi.com/s/v1/ig2/EPZpVgcHm-c1pCLFYLm_aYm-2jKncJopUdJVMRt5fRAxnoX7gOqEzGAE_ls7V1lNY-9chmDY6_T-g00-k4woPVeF.jpg?quality=95&as=32x22,48x33,72x50,108x75,160x111,240x167,360x250,480x334,540x375,640x445,720x500,1080x750,1124x781&from=bu&cs=108x0'}, {'height': 167, 'type': 'p', 'width': 240, 'url': 'https://sun9-2.userapi.com/s/v1/ig2/EPZpVgcHm-c1pCLFYLm_aYm-2jKncJopUdJVMRt5fRAxnoX7gOqEzGAE_ls7V1lNY-9chmDY6_T-g00-k4woPVeF.jpg?quality=95&as=32x22,48x33,72x50,108x75,160x111,240x167,360x250,480x334,540x375,640x445,720x500,1080x750,1124x781&from=bu&cs=240x0'}, {'height': 250, 'type': 'q', 'width': 360, 'url': 'https://sun9-2.userapi.com/s/v1/ig2/EPZpVgcHm-c1pCLFYLm_aYm-2jKncJopUdJVMRt5fRAxnoX7gOqEzGAE_ls7V1lNY-9chmDY6_T-g00-k4woPVeF.jpg?quality=95&as=32x22,48x33,72x50,108x75,160x111,240x167,360x250,480x334,540x375,640x445,720x500,1080x750,1124x781&from=bu&cs=360x0'}, {'height': 375, 'type': 'r', 'width': 540, 'url': 'https://sun9-2.userapi.com/s/v1/ig2/EPZpVgcHm-c1pCLFYLm_aYm-2jKncJopUdJVMRt5fRAxnoX7gOqEzGAE_ls7V1lNY-9chmDY6_T-g00-k4woPVeF.jpg?quality=95&as=32x22,48x33,72x50,108x75,160x111,240x167,360x250,480x334,540x375,640x445,720x500,1080x750,1124x781&from=bu&cs=540x0'}, {'height': 781, 'type': 'base', 'width': 1124, 'url': 'https://sun9-2.userapi.com/s/v1/ig2/EPZpVgcHm-c1pCLFYLm_aYm-2jKncJopUdJVMRt5fRAxnoX7gOqEzGAE_ls7V1lNY-9chmDY6_T-g00-k4woPVeF.jpg?quality=95&as=32x22,48x33,72x50,108x75,160x111,240x167,360x250,480x334,540x375,640x445,720x500,1080x750,1124x781&from=bu'}], 'square_crop': '146,0,781', 'text': '', 'web_view_token': '76233c849068502850', 'likes': {'count': 247, 'user_likes': 0}, 'comments': {'count': 19}, 'reposts': {'count': 1}, 'tags': {'count': 0}, 'orig_photo': {'height': 781, 'type': 'base', 'url': 'https://sun9-2.userapi.com/s/v1/ig2/EPZpVgcHm-c1pCLFYLm_aYm-2jKncJopUdJVMRt5fRAxnoX7gOqEzGAE_ls7V1lNY-9chmDY6_T-g00-k4woPVeF.jpg?quality=95&as=32x22,48x33,72x50,108x75,160x111,240x167,360x250,480x334,540x375,640x445,720x500,1080x750,1124x781&from=bu', 'width': 1124}}, {'album_id': -6, 'date': 1715165656, 'id': 457245344, 'owner_id': 709507615, 'can_comment': 1, 'post_id': 125043, 'sizes': [{'height': 72, 'type': 's', 'width': 72, 'url': 'https://sun9-14.userapi.com/s/v1/ig2/wmnku1KlbuQ5Y6iBAkzOMgP5CPZUxoe3Wllwthkliz3shvjMSGmHjpwmdpnoR7alaGcnLozFEJhD-V1EF8iwoqz4.jpg?quality=95&as=32x32,48x48,72x72,108x108,160x160,240x240,360x360,480x480,540x540,640x640,720x720,1000x1000&from=bu&cs=72x0'}, {'height': 160, 'type': 'm', 'width': 160, 'url': 'https://sun9-14.userapi.com/s/v1/ig2/wmnku1KlbuQ5Y6iBAkzOMgP5CPZUxoe3Wllwthkliz3shvjMSGmHjpwmdpnoR7alaGcnLozFEJhD-V1EF8iwoqz4.jpg?quality=95&as=32x32,48x48,72x72,108x108,160x160,240x240,360x360,480x480,540x540,640x640,720x720,1000x1000&from=bu&cs=160x0'}, {'height': 640, 'type': 'x', 'width': 640, 'url': 'https://sun9-14.userapi.com/s/v1/ig2/wmnku1KlbuQ5Y6iBAkzOMgP5CPZUxoe3Wllwthkliz3shvjMSGmHjpwmdpnoR7alaGcnLozFEJhD-V1EF8iwoqz4.jpg?quality=95&as=32x32,48x48,72x72,108x108,160x160,240x240,360x360,480x480,540x540,640x640,720x720,1000x1000&from=bu&cs=640x0'}, {'height': 1000, 'type': 'y', 'width': 1000, 'url': 'https://sun9-14.userapi.com/s/v1/ig2/wmnku1KlbuQ5Y6iBAkzOMgP5CPZUxoe3Wllwthkliz3shvjMSGmHjpwmdpnoR7alaGcnLozFEJhD-V1EF8iwoqz4.jpg?quality=95&as=32x32,48x48,72x72,108x108,160x160,240x240,360x360,480x480,540x540,640x640,720x720,1000x1000&from=bu&cs=1000x0'}, {'height': 108, 'type': 'o', 'width': 108, 'url': 'https://sun9-14.userapi.com/s/v1/ig2/wmnku1KlbuQ5Y6iBAkzOMgP5CPZUxoe3Wllwthkliz3shvjMSGmHjpwmdpnoR7alaGcnLozFEJhD-V1EF8iwoqz4.jpg?quality=95&as=32x32,48x48,72x72,108x108,160x160,240x240,360x360,480x480,540x540,640x640,720x720,1000x1000&from=bu&cs=108x0'}, {'height': 240, 'type': 'p', 'width': 240, 'url': 'https://sun9-14.userapi.com/s/v1/ig2/wmnku1KlbuQ5Y6iBAkzOMgP5CPZUxoe3Wllwthkliz3shvjMSGmHjpwmdpnoR7alaGcnLozFEJhD-V1EF8iwoqz4.jpg?quality=95&as=32x32,48x48,72x72,108x108,160x160,240x240,360x360,480x480,540x540,640x640,720x720,1000x1000&from=bu&cs=240x0'}, {'height': 360, 'type': 'q', 'width': 360, 'url': 'https://sun9-14.userapi.com/s/v1/ig2/wmnku1KlbuQ5Y6iBAkzOMgP5CPZUxoe3Wllwthkliz3shvjMSGmHjpwmdpnoR7alaGcnLozFEJhD-V1EF8iwoqz4.jpg?quality=95&as=32x32,48x48,72x72,108x108,160x160,240x240,360x360,480x480,540x540,640x640,720x720,1000x1000&from=bu&cs=360x0'}, {'height': 540, 'type': 'r', 'width': 540, 'url': 'https://sun9-14.userapi.com/s/v1/ig2/wmnku1KlbuQ5Y6iBAkzOMgP5CPZUxoe3Wllwthkliz3shvjMSGmHjpwmdpnoR7alaGcnLozFEJhD-V1EF8iwoqz4.jpg?quality=95&as=32x32,48x48,72x72,108x108,160x160,240x240,360x360,480x480,540x540,640x640,720x720,1000x1000&from=bu&cs=540x0'}, {'height': 1000, 'type': 'base', 'width': 1000, 'url': 'https://sun9-14.userapi.com/s/v1/ig2/wmnku1KlbuQ5Y6iBAkzOMgP5CPZUxoe3Wllwthkliz3shvjMSGmHjpwmdpnoR7alaGcnLozFEJhD-V1EF8iwoqz4.jpg?quality=95&as=32x32,48x48,72x72,108x108,160x160,240x240,360x360,480x480,540x540,640x640,720x720,1000x1000&from=bu'}], 'square_crop': '0,1,999', 'text': '', 'web_view_token': '0dfecd88f26d2726f6', 'likes': {'count': 182, 'user_likes': 0}, 'comments': {'count': 7}, 'reposts': {'count': 0}, 'tags': {'count': 0}, 'orig_photo': {'height': 1000, 'type': 'base', 'url': 'https://sun9-14.userapi.com/s/v1/ig2/wmnku1KlbuQ5Y6iBAkzOMgP5CPZUxoe3Wllwthkliz3shvjMSGmHjpwmdpnoR7alaGcnLozFEJhD-V1EF8iwoqz4.jpg?quality=95&as=32x32,48x48,72x72,108x108,160x160,240x240,360x360,480x480,540x540,640x640,720x720,1000x1000&from=bu', 'width': 1000}}, {'album_id': -6, 'date': 1715587710, 'id': 457245405, 'owner_id': 709507615, 'can_comment': 1, 'post_id': 126948, 'sizes': [{'height': 50, 'type': 's', 'width': 72, 'url': 'https://sun9-75.userapi.com/s/v1/ig2/RM9FAEIT3fOnRW0YqOQdc12eLlKJ4rD2uRkdH-3f0fD4kzgPbVLJ4kw5B0DGMgxrIEULdPYcAs8c4cjnPIlc3x2t.jpg?quality=95&as=32x22,48x33,72x50,108x75,160x111,240x167,360x250,480x334,540x375,640x445,720x500,1080x750,1124x781&from=bu&cs=72x0'}, {'height': 111, 'type': 'm', 'width': 160, 'url': 'https://sun9-75.userapi.com/s/v1/ig2/RM9FAEIT3fOnRW0YqOQdc12eLlKJ4rD2uRkdH-3f0fD4kzgPbVLJ4kw5B0DGMgxrIEULdPYcAs8c4cjnPIlc3x2t.jpg?quality=95&as=32x22,48x33,72x50,108x75,160x111,240x167,360x250,480x334,540x375,640x445,720x500,1080x750,1124x781&from=bu&cs=160x0'}, {'height': 445, 'type': 'x', 'width': 640, 'url': 'https://sun9-75.userapi.com/s/v1/ig2/RM9FAEIT3fOnRW0YqOQdc12eLlKJ4rD2uRkdH-3f0fD4kzgPbVLJ4kw5B0DGMgxrIEULdPYcAs8c4cjnPIlc3x2t.jpg?quality=95&as=32x22,48x33,72x50,108x75,160x111,240x167,360x250,480x334,540x375,640x445,720x500,1080x750,1124x781&from=bu&cs=640x0'}, {'height': 750, 'type': 'y', 'width': 1080, 'url': 'https://sun9-75.userapi.com/s/v1/ig2/RM9FAEIT3fOnRW0YqOQdc12eLlKJ4rD2uRkdH-3f0fD4kzgPbVLJ4kw5B0DGMgxrIEULdPYcAs8c4cjnPIlc3x2t.jpg?quality=95&as=32x22,48x33,72x50,108x75,160x111,240x167,360x250,480x334,540x375,640x445,720x500,1080x750,1124x781&from=bu&cs=1080x0'}, {'height': 781, 'type': 'z', 'width': 1124, 'url': 'https://sun9-75.userapi.com/s/v1/ig2/RM9FAEIT3fOnRW0YqOQdc12eLlKJ4rD2uRkdH-3f0fD4kzgPbVLJ4kw5B0DGMgxrIEULdPYcAs8c4cjnPIlc3x2t.jpg?quality=95&as=32x22,48x33,72x50,108x75,160x111,240x167,360x250,480x334,540x375,640x445,720x500,1080x750,1124x781&from=bu&cs=1124x0'}, {'height': 75, 'type': 'o', 'width': 108, 'url': 'https://sun9-75.userapi.com/s/v1/ig2/RM9FAEIT3fOnRW0YqOQdc12eLlKJ4rD2uRkdH-3f0fD4kzgPbVLJ4kw5B0DGMgxrIEULdPYcAs8c4cjnPIlc3x2t.jpg?quality=95&as=32x22,48x33,72x50,108x75,160x111,240x167,360x250,480x334,540x375,640x445,720x500,1080x750,1124x781&from=bu&cs=108x0'}, {'height': 167, 'type': 'p', 'width': 240, 'url': 'https://sun9-75.userapi.com/s/v1/ig2/RM9FAEIT3fOnRW0YqOQdc12eLlKJ4rD2uRkdH-3f0fD4kzgPbVLJ4kw5B0DGMgxrIEULdPYcAs8c4cjnPIlc3x2t.jpg?quality=95&as=32x22,48x33,72x50,108x75,160x111,240x167,360x250,480x334,540x375,640x445,720x500,1080x750,1124x781&from=bu&cs=240x0'}, {'height': 250, 'type': 'q', 'width': 360, 'url': 'https://sun9-75.userapi.com/s/v1/ig2/RM9FAEIT3fOnRW0YqOQdc12eLlKJ4rD2uRkdH-3f0fD4kzgPbVLJ4kw5B0DGMgxrIEULdPYcAs8c4cjnPIlc3x2t.jpg?quality=95&as=32x22,48x33,72x50,108x75,160x111,240x167,360x250,480x334,540x375,640x445,720x500,1080x750,1124x781&from=bu&cs=360x0'}, {'height': 375, 'type': 'r', 'width': 540, 'url': 'https://sun9-75.userapi.com/s/v1/ig2/RM9FAEIT3fOnRW0YqOQdc12eLlKJ4rD2uRkdH-3f0fD4kzgPbVLJ4kw5B0DGMgxrIEULdPYcAs8c4cjnPIlc3x2t.jpg?quality=95&as=32x22,48x33,72x50,108x75,160x111,240x167,360x250,480x334,540x375,640x445,720x500,1080x750,1124x781&from=bu&cs=540x0'}, {'height': 781, 'type': 'base', 'width': 1124, 'url': 'https://sun9-75.userapi.com/s/v1/ig2/RM9FAEIT3fOnRW0YqOQdc12eLlKJ4rD2uRkdH-3f0fD4kzgPbVLJ4kw5B0DGMgxrIEULdPYcAs8c4cjnPIlc3x2t.jpg?quality=95&as=32x22,48x33,72x50,108x75,160x111,240x167,360x250,480x334,540x375,640x445,720x500,1080x750,1124x781&from=bu'}], 'square_crop': '185,0,781', 'text': '', 'web_view_token': '85a48c19c74614dc0a', 'likes': {'count': 611, 'user_likes': 0}, 'comments': {'count': 25}, 'reposts': {'count': 0}, 'tags': {'count': 0}, 'orig_photo': {'height': 781, 'type': 'base', 'url': 'https://sun9-75.userapi.com/s/v1/ig2/RM9FAEIT3fOnRW0YqOQdc12eLlKJ4rD2uRkdH-3f0fD4kzgPbVLJ4kw5B0DGMgxrIEULdPYcAs8c4cjnPIlc3x2t.jpg?quality=95&as=32x22,48x33,72x50,108x75,160x111,240x167,360x250,480x334,540x375,640x445,720x500,1080x750,1124x781&from=bu', 'width': 1124}}]
11:40:36 - DEBUG - https://api.vk.com:443 "POST /method/photos.get HTTP/1.1" 200 1097
11:40:36 - DEBUG - get profile photos response: {'count': 8, 'items': [{'album_id': -6, 'date': 1746625126, 'id': 457251076, 'owner_id': 709507615, 'can_comment': 1, 'sizes': [{'height': 72, 'type': 's', 'width': 72, 'url': 'https://sun9-35.userapi.com/s/v1/ig2/H4x71RxhMI-pLUMcg9JpUhoB9Z2sDZ5Y1UmYlu_lgX_LiQEQ-BMEOLYG3E2KyH4GlEMveL4O5Qb6BKo7fyvyNZV2.jpg?quality=95&as=32x32,48x48,72x72,108x108,160x160,240x240,360x360,480x480,540x540,640x640,720x720,1080x1080,1280x1280&from=bu&cs=72x0'}, {'height': 160, 'type': 'm', 'width': 160, 'url': 'https://sun9-35.userapi.com/s/v1/ig2/H4x71RxhMI-pLUMcg9JpUhoB9Z2sDZ5Y1UmYlu_lgX_LiQEQ-BMEOLYG3E2KyH4GlEMveL4O5Qb6BKo7fyvyNZV2.jpg?quality=95&as=32x32,48x48,72x72,108x108,160x160,240x240,360x360,480x480,540x540,640x640,720x720,1080x1080,1280x1280&from=bu&cs=160x0'}, {'height': 640, 'type': 'x', 'width': 640, 'url': 'https://sun9-35.userapi.com/s/v1/ig2/H4x71RxhMI-pLUMcg9JpUhoB9Z2sDZ5Y1UmYlu_lgX_LiQEQ-BMEOLYG3E2KyH4GlEMveL4O5Qb6BKo7fyvyNZV2.jpg?quality=95&as=32x32,48x48,72x72,108x108,160x160,240x240,360x360,480x480,540x540,640x640,720x720,1080x1080,1280x1280&from=bu&cs=640x0'}, {'height': 1080, 'type': 'y', 'width': 1080, 'url': 'https://sun9-35.userapi.com/s/v1/ig2/H4x71RxhMI-pLUMcg9JpUhoB9Z2sDZ5Y1UmYlu_lgX_LiQEQ-BMEOLYG3E2KyH4GlEMveL4O5Qb6BKo7fyvyNZV2.jpg?quality=95&as=32x32,48x48,72x72,108x108,160x160,240x240,360x360,480x480,540x540,640x640,720x720,1080x1080,1280x1280&from=bu&cs=1080x0'}, {'height': 1280, 'type': 'z', 'width': 1280, 'url': 'https://sun9-35.userapi.com/s/v1/ig2/H4x71RxhMI-pLUMcg9JpUhoB9Z2sDZ5Y1UmYlu_lgX_LiQEQ-BMEOLYG3E2KyH4GlEMveL4O5Qb6BKo7fyvyNZV2.jpg?quality=95&as=32x32,48x48,72x72,108x108,160x160,240x240,360x360,480x480,540x540,640x640,720x720,1080x1080,1280x1280&from=bu&cs=1280x0'}, {'height': 1280, 'type': 'w', 'width': 1280, 'url': 'https://sun9-35.userapi.com/s/v1/ig2/H4x71RxhMI-pLUMcg9JpUhoB9Z2sDZ5Y1UmYlu_lgX_LiQEQ-BMEOLYG3E2KyH4GlEMveL4O5Qb6BKo7fyvyNZV2.jpg?quality=95&as=32x32,48x48,72x72,108x108,160x160,240x240,360x360,480x480,540x540,640x640,720x720,1080x1080,1280x1280&from=bu&cs=1280x0'}, {'height': 108, 'type': 'o', 'width': 108, 'url': 'https://sun9-35.userapi.com/s/v1/ig2/H4x71RxhMI-pLUMcg9JpUhoB9Z2sDZ5Y1UmYlu_lgX_LiQEQ-BMEOLYG3E2KyH4GlEMveL4O5Qb6BKo7fyvyNZV2.jpg?quality=95&as=32x32,48x48,72x72,108x108,160x160,240x240,360x360,480x480,540x540,640x640,720x720,1080x1080,1280x1280&from=bu&cs=108x0'}, {'height': 240, 'type': 'p', 'width': 240, 'url': 'https://sun9-35.userapi.com/s/v1/ig2/H4x71RxhMI-pLUMcg9JpUhoB9Z2sDZ5Y1UmYlu_lgX_LiQEQ-BMEOLYG3E2KyH4GlEMveL4O5Qb6BKo7fyvyNZV2.jpg?quality=95&as=32x32,48x48,72x72,108x108,160x160,240x240,360x360,480x480,540x540,640x640,720x720,1080x1080,1280x1280&from=bu&cs=240x0'}, {'height': 360, 'type': 'q', 'width': 360, 'url': 'https://sun9-35.userapi.com/s/v1/ig2/H4x71RxhMI-pLUMcg9JpUhoB9Z2sDZ5Y1UmYlu_lgX_LiQEQ-BMEOLYG3E2KyH4GlEMveL4O5Qb6BKo7fyvyNZV2.jpg?quality=95&as=32x32,48x48,72x72,108x108,160x160,240x240,360x360,480x480,540x540,640x640,720x720,1080x1080,1280x1280&from=bu&cs=360x0'}, {'height': 540, 'type': 'r', 'width': 540, 'url': 'https://sun9-35.userapi.com/s/v1/ig2/H4x71RxhMI-pLUMcg9JpUhoB9Z2sDZ5Y1UmYlu_lgX_LiQEQ-BMEOLYG3E2KyH4GlEMveL4O5Qb6BKo7fyvyNZV2.jpg?quality=95&as=32x32,48x48,72x72,108x108,160x160,240x240,360x360,480x480,540x540,640x640,720x720,1080x1080,1280x1280&from=bu&cs=540x0'}, {'height': 1280, 'type': 'base', 'width': 1280, 'url': 'https://sun9-35.userapi.com/s/v1/ig2/H4x71RxhMI-pLUMcg9JpUhoB9Z2sDZ5Y1UmYlu_lgX_LiQEQ-BMEOLYG3E2KyH4GlEMveL4O5Qb6BKo7fyvyNZV2.jpg?quality=95&as=32x32,48x48,72x72,108x108,160x160,240x240,360x360,480x480,540x540,640x640,720x720,1080x1080,1280x1280&from=bu'}], 'square_crop': '1,0,1279', 'text': '', 'web_view_token': '6d0d5384b46a5bc674', 'likes': {'count': 78, 'user_likes': 0}, 'comments': {'count': 1}, 'reposts': {'count': 0}, 'tags': {'count': 0}, 'orig_photo': {'height': 1280, 'type': 'base', 'url': 'https://sun9-35.userapi.com/s/v1/ig2/H4x71RxhMI-pLUMcg9JpUhoB9Z2sDZ5Y1UmYlu_lgX_LiQEQ-BMEOLYG3E2KyH4GlEMveL4O5Qb6BKo7fyvyNZV2.jpg?quality=95&as=32x32,48x48,72x72,108x108,160x160,240x240,360x360,480x480,540x540,640x640,720x720,1080x1080,1280x1280&from=bu', 'width': 1280}}, {'album_id': -6, 'date': 1733748229, 'id': 457247975, 'owner_id': 709507615, 'can_comment': 1, 'sizes': [{'height': 40, 'type': 's', 'width': 72, 'url': 'https://sun9-49.userapi.com/s/v1/ig2/GjPlDqVok859susSW2zakRmOmxg02xOTj0FQMr5cxm4N8aCJoocsNdV12O9n7zBsBCINguyHksV2s5xDftdMdkhS.jpg?quality=95&as=32x18,48x27,72x40,108x60,160x88,240x133,360x199,480x265,540x298,640x354,720x398,1080x597,1279x707&from=bu&cs=72x0'}, {'height': 88, 'type': 'm', 'width': 160, 'url': 'https://sun9-49.userapi.com/s/v1/ig2/GjPlDqVok859susSW2zakRmOmxg02xOTj0FQMr5cxm4N8aCJoocsNdV12O9n7zBsBCINguyHksV2s5xDftdMdkhS.jpg?quality=95&as=32x18,48x27,72x40,108x60,160x88,240x133,360x199,480x265,540x298,640x354,720x398,1080x597,1279x707&from=bu&cs=160x0'}, {'height': 354, 'type': 'x', 'width': 640, 'url': 'https://sun9-49.userapi.com/s/v1/ig2/GjPlDqVok859susSW2zakRmOmxg02xOTj0FQMr5cxm4N8aCJoocsNdV12O9n7zBsBCINguyHksV2s5xDftdMdkhS.jpg?quality=95&as=32x18,48x27,72x40,108x60,160x88,240x133,360x199,480x265,540x298,640x354,720x398,1080x597,1279x707&from=bu&cs=640x0'}, {'height': 597, 'type': 'y', 'width': 1080, 'url': 'https://sun9-49.userapi.com/s/v1/ig2/GjPlDqVok859susSW2zakRmOmxg02xOTj0FQMr5cxm4N8aCJoocsNdV12O9n7zBsBCINguyHksV2s5xDftdMdkhS.jpg?quality=95&as=32x18,48x27,72x40,108x60,160x88,240x133,360x199,480x265,540x298,640x354,720x398,1080x597,1279x707&from=bu&cs=1080x0'}, {'height': 707, 'type': 'z', 'width': 1279, 'url': 'https://sun9-49.userapi.com/s/v1/ig2/GjPlDqVok859susSW2zakRmOmxg02xOTj0FQMr5cxm4N8aCJoocsNdV12O9n7zBsBCINguyHksV2s5xDftdMdkhS.jpg?quality=95&as=32x18,48x27,72x40,108x60,160x88,240x133,360x199,480x265,540x298,640x354,720x398,1080x597,1279x707&from=bu&cs=1279x0'}, {'height': 60, 'type': 'o', 'width': 108, 'url': 'https://sun9-49.userapi.com/s/v1/ig2/GjPlDqVok859susSW2zakRmOmxg02xOTj0FQMr5cxm4N8aCJoocsNdV12O9n7zBsBCINguyHksV2s5xDftdMdkhS.jpg?quality=95&as=32x18,48x27,72x40,108x60,160x88,240x133,360x199,480x265,540x298,640x354,720x398,1080x597,1279x707&from=bu&cs=108x0'}, {'height': 133, 'type': 'p', 'width': 240, 'url': 'https://sun9-49.userapi.com/s/v1/ig2/GjPlDqVok859susSW2zakRmOmxg02xOTj0FQMr5cxm4N8aCJoocsNdV12O9n7zBsBCINguyHksV2s5xDftdMdkhS.jpg?quality=95&as=32x18,48x27,72x40,108x60,160x88,240x133,360x199,480x265,540x298,640x354,720x398,1080x597,1279x707&from=bu&cs=240x0'}, {'height': 199, 'type': 'q', 'width': 360, 'url': 'https://sun9-49.userapi.com/s/v1/ig2/GjPlDqVok859susSW2zakRmOmxg02xOTj0FQMr5cxm4N8aCJoocsNdV12O9n7zBsBCINguyHksV2s5xDftdMdkhS.jpg?quality=95&as=32x18,48x27,72x40,108x60,160x88,240x133,360x199,480x265,540x298,640x354,720x398,1080x597,1279x707&from=bu&cs=360x0'}, {'height': 298, 'type': 'r', 'width': 540, 'url': 'https://sun9-49.userapi.com/s/v1/ig2/GjPlDqVok859susSW2zakRmOmxg02xOTj0FQMr5cxm4N8aCJoocsNdV12O9n7zBsBCINguyHksV2s5xDftdMdkhS.jpg?quality=95&as=32x18,48x27,72x40,108x60,160x88,240x133,360x199,480x265,540x298,640x354,720x398,1080x597,1279x707&from=bu&cs=540x0'}, {'height': 707, 'type': 'base', 'width': 1279, 'url': 'https://sun9-49.userapi.com/s/v1/ig2/GjPlDqVok859susSW2zakRmOmxg02xOTj0FQMr5cxm4N8aCJoocsNdV12O9n7zBsBCINguyHksV2s5xDftdMdkhS.jpg?quality=95&as=32x18,48x27,72x40,108x60,160x88,240x133,360x199,480x265,540x298,640x354,720x398,1080x597,1279x707&from=bu'}], 'square_crop': '284,1,706', 'text': '', 'web_view_token': '9b6cbdbfd6f9ce0f58', 'likes': {'count': 355, 'user_likes': 0}, 'comments': {'count': 51}, 'reposts': {'count': 0}, 'tags': {'count': 0}, 'orig_photo': {'height': 707, 'type': 'base', 'url': 'https://sun9-49.userapi.com/s/v1/ig2/GjPlDqVok859susSW2zakRmOmxg02xOTj0FQMr5cxm4N8aCJoocsNdV12O9n7zBsBCINguyHksV2s5xDftdMdkhS.jpg?quality=95&as=32x18,48x27,72x40,108x60,160x88,240x133,360x199,480x265,540x298,640x354,720x398,1080x597,1279x707&from=bu', 'width': 1279}}, {'album_id': -6, 'date': 1778053694, 'id': 457257440, 'owner_id': 709507615, 'can_comment': 1, 'sizes': [{'height': 72, 'type': 's', 'width': 72, 'url': 'https://sun1-28.userapi.com/s/v1/ig2/oK9dx3zqNCyph7HUF-pYI4OprppjmuhcDbaBtO17Z2X9jMOtovEtuOZcOOtO9o-08uVCuMHEsW9VWp1k5sqdJn87.jpg?quality=95&as=32x32,48x48,72x72,108x108,160x160,240x240,360x360,480x480,540x540,640x640,720x720,1080x1080,1280x1280&from=bu&cs=72x0'}, {'height': 160, 'type': 'm', 'width': 160, 'url': 'https://sun1-28.userapi.com/s/v1/ig2/oK9dx3zqNCyph7HUF-pYI4OprppjmuhcDbaBtO17Z2X9jMOtovEtuOZcOOtO9o-08uVCuMHEsW9VWp1k5sqdJn87.jpg?quality=95&as=32x32,48x48,72x72,108x108,160x160,240x240,360x360,480x480,540x540,640x640,720x720,1080x1080,1280x1280&from=bu&cs=160x0'}, {'height': 640, 'type': 'x', 'width': 640, 'url': 'https://sun1-28.userapi.com/s/v1/ig2/oK9dx3zqNCyph7HUF-pYI4OprppjmuhcDbaBtO17Z2X9jMOtovEtuOZcOOtO9o-08uVCuMHEsW9VWp1k5sqdJn87.jpg?quality=95&as=32x32,48x48,72x72,108x108,160x160,240x240,360x360,480x480,540x540,640x640,720x720,1080x1080,1280x1280&from=bu&cs=640x0'}, {'height': 1080, 'type': 'y', 'width': 1080, 'url': 'https://sun1-28.userapi.com/s/v1/ig2/oK9dx3zqNCyph7HUF-pYI4OprppjmuhcDbaBtO17Z2X9jMOtovEtuOZcOOtO9o-08uVCuMHEsW9VWp1k5sqdJn87.jpg?quality=95&as=32x32,48x48,72x72,108x108,160x160,240x240,360x360,480x480,540x540,640x640,720x720,1080x1080,1280x1280&from=bu&cs=1080x0'}, {'height': 1280, 'type': 'z', 'width': 1280, 'url': 'https://sun1-28.userapi.com/s/v1/ig2/oK9dx3zqNCyph7HUF-pYI4OprppjmuhcDbaBtO17Z2X9jMOtovEtuOZcOOtO9o-08uVCuMHEsW9VWp1k5sqdJn87.jpg?quality=95&as=32x32,48x48,72x72,108x108,160x160,240x240,360x360,480x480,540x540,640x640,720x720,1080x1080,1280x1280&from=bu&cs=1280x0'}, {'height': 1280, 'type': 'w', 'width': 1280, 'url': 'https://sun1-28.userapi.com/s/v1/ig2/oK9dx3zqNCyph7HUF-pYI4OprppjmuhcDbaBtO17Z2X9jMOtovEtuOZcOOtO9o-08uVCuMHEsW9VWp1k5sqdJn87.jpg?quality=95&as=32x32,48x48,72x72,108x108,160x160,240x240,360x360,480x480,540x540,640x640,720x720,1080x1080,1280x1280&from=bu&cs=1280x0'}, {'height': 108, 'type': 'o', 'width': 108, 'url': 'https://sun1-28.userapi.com/s/v1/ig2/oK9dx3zqNCyph7HUF-pYI4OprppjmuhcDbaBtO17Z2X9jMOtovEtuOZcOOtO9o-08uVCuMHEsW9VWp1k5sqdJn87.jpg?quality=95&as=32x32,48x48,72x72,108x108,160x160,240x240,360x360,480x480,540x540,640x640,720x720,1080x1080,1280x1280&from=bu&cs=108x0'}, {'height': 240, 'type': 'p', 'width': 240, 'url': 'https://sun1-28.userapi.com/s/v1/ig2/oK9dx3zqNCyph7HUF-pYI4OprppjmuhcDbaBtO17Z2X9jMOtovEtuOZcOOtO9o-08uVCuMHEsW9VWp1k5sqdJn87.jpg?quality=95&as=32x32,48x48,72x72,108x108,160x160,240x240,360x360,480x480,540x540,640x640,720x720,1080x1080,1280x1280&from=bu&cs=240x0'}, {'height': 360, 'type': 'q', 'width': 360, 'url': 'https://sun1-28.userapi.com/s/v1/ig2/oK9dx3zqNCyph7HUF-pYI4OprppjmuhcDbaBtO17Z2X9jMOtovEtuOZcOOtO9o-08uVCuMHEsW9VWp1k5sqdJn87.jpg?quality=95&as=32x32,48x48,72x72,108x108,160x160,240x240,360x360,480x480,540x540,640x640,720x720,1080x1080,1280x1280&from=bu&cs=360x0'}, {'height': 540, 'type': 'r', 'width': 540, 'url': 'https://sun1-28.userapi.com/s/v1/ig2/oK9dx3zqNCyph7HUF-pYI4OprppjmuhcDbaBtO17Z2X9jMOtovEtuOZcOOtO9o-08uVCuMHEsW9VWp1k5sqdJn87.jpg?quality=95&as=32x32,48x48,72x72,108x108,160x160,240x240,360x360,480x480,540x540,640x640,720x720,1080x1080,1280x1280&from=bu&cs=540x0'}, {'height': 1280, 'type': 'base', 'width': 1280, 'url': 'https://sun1-28.userapi.com/s/v1/ig2/oK9dx3zqNCyph7HUF-pYI4OprppjmuhcDbaBtO17Z2X9jMOtovEtuOZcOOtO9o-08uVCuMHEsW9VWp1k5sqdJn87.jpg?quality=95&as=32x32,48x48,72x72,108x108,160x160,240x240,360x360,480x480,540x540,640x640,720x720,1080x1080,1280x1280&from=bu'}], 'square_crop': '1,1,1279', 'text': '', 'web_view_token': 'd2f5255d896317de72', 'likes': {'count': 124, 'user_likes': 0}, 'comments': {'count': 0}, 'reposts': {'count': 0}, 'tags': {'count': 0}, 'orig_photo': {'height': 1280, 'type': 'base', 'url': 'https://sun1-28.userapi.com/s/v1/ig2/oK9dx3zqNCyph7HUF-pYI4OprppjmuhcDbaBtO17Z2X9jMOtovEtuOZcOOtO9o-08uVCuMHEsW9VWp1k5sqdJn87.jpg?quality=95&as=32x32,48x48,72x72,108x108,160x160,240x240,360x360,480x480,540x540,640x640,720x720,1080x1080,1280x1280&from=bu', 'width': 1280}}], 'next_from': ''}
11:40:36 - DEBUG - profile photos: [{'album_id': -6, 'date': 1746625126, 'id': 457251076, 'owner_id': 709507615, 'can_comment': 1, 'sizes': [{'height': 72, 'type': 's', 'width': 72, 'url': 'https://sun9-35.userapi.com/s/v1/ig2/H4x71RxhMI-pLUMcg9JpUhoB9Z2sDZ5Y1UmYlu_lgX_LiQEQ-BMEOLYG3E2KyH4GlEMveL4O5Qb6BKo7fyvyNZV2.jpg?quality=95&as=32x32,48x48,72x72,108x108,160x160,240x240,360x360,480x480,540x540,640x640,720x720,1080x1080,1280x1280&from=bu&cs=72x0'}, {'height': 160, 'type': 'm', 'width': 160, 'url': 'https://sun9-35.userapi.com/s/v1/ig2/H4x71RxhMI-pLUMcg9JpUhoB9Z2sDZ5Y1UmYlu_lgX_LiQEQ-BMEOLYG3E2KyH4GlEMveL4O5Qb6BKo7fyvyNZV2.jpg?quality=95&as=32x32,48x48,72x72,108x108,160x160,240x240,360x360,480x480,540x540,640x640,720x720,1080x1080,1280x1280&from=bu&cs=160x0'}, {'height': 640, 'type': 'x', 'width': 640, 'url': 'https://sun9-35.userapi.com/s/v1/ig2/H4x71RxhMI-pLUMcg9JpUhoB9Z2sDZ5Y1UmYlu_lgX_LiQEQ-BMEOLYG3E2KyH4GlEMveL4O5Qb6BKo7fyvyNZV2.jpg?quality=95&as=32x32,48x48,72x72,108x108,160x160,240x240,360x360,480x480,540x540,640x640,720x720,1080x1080,1280x1280&from=bu&cs=640x0'}, {'height': 1080, 'type': 'y', 'width': 1080, 'url': 'https://sun9-35.userapi.com/s/v1/ig2/H4x71RxhMI-pLUMcg9JpUhoB9Z2sDZ5Y1UmYlu_lgX_LiQEQ-BMEOLYG3E2KyH4GlEMveL4O5Qb6BKo7fyvyNZV2.jpg?quality=95&as=32x32,48x48,72x72,108x108,160x160,240x240,360x360,480x480,540x540,640x640,720x720,1080x1080,1280x1280&from=bu&cs=1080x0'}, {'height': 1280, 'type': 'z', 'width': 1280, 'url': 'https://sun9-35.userapi.com/s/v1/ig2/H4x71RxhMI-pLUMcg9JpUhoB9Z2sDZ5Y1UmYlu_lgX_LiQEQ-BMEOLYG3E2KyH4GlEMveL4O5Qb6BKo7fyvyNZV2.jpg?quality=95&as=32x32,48x48,72x72,108x108,160x160,240x240,360x360,480x480,540x540,640x640,720x720,1080x1080,1280x1280&from=bu&cs=1280x0'}, {'height': 1280, 'type': 'w', 'width': 1280, 'url': 'https://sun9-35.userapi.com/s/v1/ig2/H4x71RxhMI-pLUMcg9JpUhoB9Z2sDZ5Y1UmYlu_lgX_LiQEQ-BMEOLYG3E2KyH4GlEMveL4O5Qb6BKo7fyvyNZV2.jpg?quality=95&as=32x32,48x48,72x72,108x108,160x160,240x240,360x360,480x480,540x540,640x640,720x720,1080x1080,1280x1280&from=bu&cs=1280x0'}, {'height': 108, 'type': 'o', 'width': 108, 'url': 'https://sun9-35.userapi.com/s/v1/ig2/H4x71RxhMI-pLUMcg9JpUhoB9Z2sDZ5Y1UmYlu_lgX_LiQEQ-BMEOLYG3E2KyH4GlEMveL4O5Qb6BKo7fyvyNZV2.jpg?quality=95&as=32x32,48x48,72x72,108x108,160x160,240x240,360x360,480x480,540x540,640x640,720x720,1080x1080,1280x1280&from=bu&cs=108x0'}, {'height': 240, 'type': 'p', 'width': 240, 'url': 'https://sun9-35.userapi.com/s/v1/ig2/H4x71RxhMI-pLUMcg9JpUhoB9Z2sDZ5Y1UmYlu_lgX_LiQEQ-BMEOLYG3E2KyH4GlEMveL4O5Qb6BKo7fyvyNZV2.jpg?quality=95&as=32x32,48x48,72x72,108x108,160x160,240x240,360x360,480x480,540x540,640x640,720x720,1080x1080,1280x1280&from=bu&cs=240x0'}, {'height': 360, 'type': 'q', 'width': 360, 'url': 'https://sun9-35.userapi.com/s/v1/ig2/H4x71RxhMI-pLUMcg9JpUhoB9Z2sDZ5Y1UmYlu_lgX_LiQEQ-BMEOLYG3E2KyH4GlEMveL4O5Qb6BKo7fyvyNZV2.jpg?quality=95&as=32x32,48x48,72x72,108x108,160x160,240x240,360x360,480x480,540x540,640x640,720x720,1080x1080,1280x1280&from=bu&cs=360x0'}, {'height': 540, 'type': 'r', 'width': 540, 'url': 'https://sun9-35.userapi.com/s/v1/ig2/H4x71RxhMI-pLUMcg9JpUhoB9Z2sDZ5Y1UmYlu_lgX_LiQEQ-BMEOLYG3E2KyH4GlEMveL4O5Qb6BKo7fyvyNZV2.jpg?quality=95&as=32x32,48x48,72x72,108x108,160x160,240x240,360x360,480x480,540x540,640x640,720x720,1080x1080,1280x1280&from=bu&cs=540x0'}, {'height': 1280, 'type': 'base', 'width': 1280, 'url': 'https://sun9-35.userapi.com/s/v1/ig2/H4x71RxhMI-pLUMcg9JpUhoB9Z2sDZ5Y1UmYlu_lgX_LiQEQ-BMEOLYG3E2KyH4GlEMveL4O5Qb6BKo7fyvyNZV2.jpg?quality=95&as=32x32,48x48,72x72,108x108,160x160,240x240,360x360,480x480,540x540,640x640,720x720,1080x1080,1280x1280&from=bu'}], 'square_crop': '1,0,1279', 'text': '', 'web_view_token': '6d0d5384b46a5bc674', 'likes': {'count': 78, 'user_likes': 0}, 'comments': {'count': 1}, 'reposts': {'count': 0}, 'tags': {'count': 0}, 'orig_photo': {'height': 1280, 'type': 'base', 'url': 'https://sun9-35.userapi.com/s/v1/ig2/H4x71RxhMI-pLUMcg9JpUhoB9Z2sDZ5Y1UmYlu_lgX_LiQEQ-BMEOLYG3E2KyH4GlEMveL4O5Qb6BKo7fyvyNZV2.jpg?quality=95&as=32x32,48x48,72x72,108x108,160x160,240x240,360x360,480x480,540x540,640x640,720x720,1080x1080,1280x1280&from=bu', 'width': 1280}}, {'album_id': -6, 'date': 1733748229, 'id': 457247975, 'owner_id': 709507615, 'can_comment': 1, 'sizes': [{'height': 40, 'type': 's', 'width': 72, 'url': 'https://sun9-49.userapi.com/s/v1/ig2/GjPlDqVok859susSW2zakRmOmxg02xOTj0FQMr5cxm4N8aCJoocsNdV12O9n7zBsBCINguyHksV2s5xDftdMdkhS.jpg?quality=95&as=32x18,48x27,72x40,108x60,160x88,240x133,360x199,480x265,540x298,640x354,720x398,1080x597,1279x707&from=bu&cs=72x0'}, {'height': 88, 'type': 'm', 'width': 160, 'url': 'https://sun9-49.userapi.com/s/v1/ig2/GjPlDqVok859susSW2zakRmOmxg02xOTj0FQMr5cxm4N8aCJoocsNdV12O9n7zBsBCINguyHksV2s5xDftdMdkhS.jpg?quality=95&as=32x18,48x27,72x40,108x60,160x88,240x133,360x199,480x265,540x298,640x354,720x398,1080x597,1279x707&from=bu&cs=160x0'}, {'height': 354, 'type': 'x', 'width': 640, 'url': 'https://sun9-49.userapi.com/s/v1/ig2/GjPlDqVok859susSW2zakRmOmxg02xOTj0FQMr5cxm4N8aCJoocsNdV12O9n7zBsBCINguyHksV2s5xDftdMdkhS.jpg?quality=95&as=32x18,48x27,72x40,108x60,160x88,240x133,360x199,480x265,540x298,640x354,720x398,1080x597,1279x707&from=bu&cs=640x0'}, {'height': 597, 'type': 'y', 'width': 1080, 'url': 'https://sun9-49.userapi.com/s/v1/ig2/GjPlDqVok859susSW2zakRmOmxg02xOTj0FQMr5cxm4N8aCJoocsNdV12O9n7zBsBCINguyHksV2s5xDftdMdkhS.jpg?quality=95&as=32x18,48x27,72x40,108x60,160x88,240x133,360x199,480x265,540x298,640x354,720x398,1080x597,1279x707&from=bu&cs=1080x0'}, {'height': 707, 'type': 'z', 'width': 1279, 'url': 'https://sun9-49.userapi.com/s/v1/ig2/GjPlDqVok859susSW2zakRmOmxg02xOTj0FQMr5cxm4N8aCJoocsNdV12O9n7zBsBCINguyHksV2s5xDftdMdkhS.jpg?quality=95&as=32x18,48x27,72x40,108x60,160x88,240x133,360x199,480x265,540x298,640x354,720x398,1080x597,1279x707&from=bu&cs=1279x0'}, {'height': 60, 'type': 'o', 'width': 108, 'url': 'https://sun9-49.userapi.com/s/v1/ig2/GjPlDqVok859susSW2zakRmOmxg02xOTj0FQMr5cxm4N8aCJoocsNdV12O9n7zBsBCINguyHksV2s5xDftdMdkhS.jpg?quality=95&as=32x18,48x27,72x40,108x60,160x88,240x133,360x199,480x265,540x298,640x354,720x398,1080x597,1279x707&from=bu&cs=108x0'}, {'height': 133, 'type': 'p', 'width': 240, 'url': 'https://sun9-49.userapi.com/s/v1/ig2/GjPlDqVok859susSW2zakRmOmxg02xOTj0FQMr5cxm4N8aCJoocsNdV12O9n7zBsBCINguyHksV2s5xDftdMdkhS.jpg?quality=95&as=32x18,48x27,72x40,108x60,160x88,240x133,360x199,480x265,540x298,640x354,720x398,1080x597,1279x707&from=bu&cs=240x0'}, {'height': 199, 'type': 'q', 'width': 360, 'url': 'https://sun9-49.userapi.com/s/v1/ig2/GjPlDqVok859susSW2zakRmOmxg02xOTj0FQMr5cxm4N8aCJoocsNdV12O9n7zBsBCINguyHksV2s5xDftdMdkhS.jpg?quality=95&as=32x18,48x27,72x40,108x60,160x88,240x133,360x199,480x265,540x298,640x354,720x398,1080x597,1279x707&from=bu&cs=360x0'}, {'height': 298, 'type': 'r', 'width': 540, 'url': 'https://sun9-49.userapi.com/s/v1/ig2/GjPlDqVok859susSW2zakRmOmxg02xOTj0FQMr5cxm4N8aCJoocsNdV12O9n7zBsBCINguyHksV2s5xDftdMdkhS.jpg?quality=95&as=32x18,48x27,72x40,108x60,160x88,240x133,360x199,480x265,540x298,640x354,720x398,1080x597,1279x707&from=bu&cs=540x0'}, {'height': 707, 'type': 'base', 'width': 1279, 'url': 'https://sun9-49.userapi.com/s/v1/ig2/GjPlDqVok859susSW2zakRmOmxg02xOTj0FQMr5cxm4N8aCJoocsNdV12O9n7zBsBCINguyHksV2s5xDftdMdkhS.jpg?quality=95&as=32x18,48x27,72x40,108x60,160x88,240x133,360x199,480x265,540x298,640x354,720x398,1080x597,1279x707&from=bu'}], 'square_crop': '284,1,706', 'text': '', 'web_view_token': '9b6cbdbfd6f9ce0f58', 'likes': {'count': 355, 'user_likes': 0}, 'comments': {'count': 51}, 'reposts': {'count': 0}, 'tags': {'count': 0}, 'orig_photo': {'height': 707, 'type': 'base', 'url': 'https://sun9-49.userapi.com/s/v1/ig2/GjPlDqVok859susSW2zakRmOmxg02xOTj0FQMr5cxm4N8aCJoocsNdV12O9n7zBsBCINguyHksV2s5xDftdMdkhS.jpg?quality=95&as=32x18,48x27,72x40,108x60,160x88,240x133,360x199,480x265,540x298,640x354,720x398,1080x597,1279x707&from=bu', 'width': 1279}}, {'album_id': -6, 'date': 1778053694, 'id': 457257440, 'owner_id': 709507615, 'can_comment': 1, 'sizes': [{'height': 72, 'type': 's', 'width': 72, 'url': 'https://sun1-28.userapi.com/s/v1/ig2/oK9dx3zqNCyph7HUF-pYI4OprppjmuhcDbaBtO17Z2X9jMOtovEtuOZcOOtO9o-08uVCuMHEsW9VWp1k5sqdJn87.jpg?quality=95&as=32x32,48x48,72x72,108x108,160x160,240x240,360x360,480x480,540x540,640x640,720x720,1080x1080,1280x1280&from=bu&cs=72x0'}, {'height': 160, 'type': 'm', 'width': 160, 'url': 'https://sun1-28.userapi.com/s/v1/ig2/oK9dx3zqNCyph7HUF-pYI4OprppjmuhcDbaBtO17Z2X9jMOtovEtuOZcOOtO9o-08uVCuMHEsW9VWp1k5sqdJn87.jpg?quality=95&as=32x32,48x48,72x72,108x108,160x160,240x240,360x360,480x480,540x540,640x640,720x720,1080x1080,1280x1280&from=bu&cs=160x0'}, {'height': 640, 'type': 'x', 'width': 640, 'url': 'https://sun1-28.userapi.com/s/v1/ig2/oK9dx3zqNCyph7HUF-pYI4OprppjmuhcDbaBtO17Z2X9jMOtovEtuOZcOOtO9o-08uVCuMHEsW9VWp1k5sqdJn87.jpg?quality=95&as=32x32,48x48,72x72,108x108,160x160,240x240,360x360,480x480,540x540,640x640,720x720,1080x1080,1280x1280&from=bu&cs=640x0'}, {'height': 1080, 'type': 'y', 'width': 1080, 'url': 'https://sun1-28.userapi.com/s/v1/ig2/oK9dx3zqNCyph7HUF-pYI4OprppjmuhcDbaBtO17Z2X9jMOtovEtuOZcOOtO9o-08uVCuMHEsW9VWp1k5sqdJn87.jpg?quality=95&as=32x32,48x48,72x72,108x108,160x160,240x240,360x360,480x480,540x540,640x640,720x720,1080x1080,1280x1280&from=bu&cs=1080x0'}, {'height': 1280, 'type': 'z', 'width': 1280, 'url': 'https://sun1-28.userapi.com/s/v1/ig2/oK9dx3zqNCyph7HUF-pYI4OprppjmuhcDbaBtO17Z2X9jMOtovEtuOZcOOtO9o-08uVCuMHEsW9VWp1k5sqdJn87.jpg?quality=95&as=32x32,48x48,72x72,108x108,160x160,240x240,360x360,480x480,540x540,640x640,720x720,1080x1080,1280x1280&from=bu&cs=1280x0'}, {'height': 1280, 'type': 'w', 'width': 1280, 'url': 'https://sun1-28.userapi.com/s/v1/ig2/oK9dx3zqNCyph7HUF-pYI4OprppjmuhcDbaBtO17Z2X9jMOtovEtuOZcOOtO9o-08uVCuMHEsW9VWp1k5sqdJn87.jpg?quality=95&as=32x32,48x48,72x72,108x108,160x160,240x240,360x360,480x480,540x540,640x640,720x720,1080x1080,1280x1280&from=bu&cs=1280x0'}, {'height': 108, 'type': 'o', 'width': 108, 'url': 'https://sun1-28.userapi.com/s/v1/ig2/oK9dx3zqNCyph7HUF-pYI4OprppjmuhcDbaBtO17Z2X9jMOtovEtuOZcOOtO9o-08uVCuMHEsW9VWp1k5sqdJn87.jpg?quality=95&as=32x32,48x48,72x72,108x108,160x160,240x240,360x360,480x480,540x540,640x640,720x720,1080x1080,1280x1280&from=bu&cs=108x0'}, {'height': 240, 'type': 'p', 'width': 240, 'url': 'https://sun1-28.userapi.com/s/v1/ig2/oK9dx3zqNCyph7HUF-pYI4OprppjmuhcDbaBtO17Z2X9jMOtovEtuOZcOOtO9o-08uVCuMHEsW9VWp1k5sqdJn87.jpg?quality=95&as=32x32,48x48,72x72,108x108,160x160,240x240,360x360,480x480,540x540,640x640,720x720,1080x1080,1280x1280&from=bu&cs=240x0'}, {'height': 360, 'type': 'q', 'width': 360, 'url': 'https://sun1-28.userapi.com/s/v1/ig2/oK9dx3zqNCyph7HUF-pYI4OprppjmuhcDbaBtO17Z2X9jMOtovEtuOZcOOtO9o-08uVCuMHEsW9VWp1k5sqdJn87.jpg?quality=95&as=32x32,48x48,72x72,108x108,160x160,240x240,360x360,480x480,540x540,640x640,720x720,1080x1080,1280x1280&from=bu&cs=360x0'}, {'height': 540, 'type': 'r', 'width': 540, 'url': 'https://sun1-28.userapi.com/s/v1/ig2/oK9dx3zqNCyph7HUF-pYI4OprppjmuhcDbaBtO17Z2X9jMOtovEtuOZcOOtO9o-08uVCuMHEsW9VWp1k5sqdJn87.jpg?quality=95&as=32x32,48x48,72x72,108x108,160x160,240x240,360x360,480x480,540x540,640x640,720x720,1080x1080,1280x1280&from=bu&cs=540x0'}, {'height': 1280, 'type': 'base', 'width': 1280, 'url': 'https://sun1-28.userapi.com/s/v1/ig2/oK9dx3zqNCyph7HUF-pYI4OprppjmuhcDbaBtO17Z2X9jMOtovEtuOZcOOtO9o-08uVCuMHEsW9VWp1k5sqdJn87.jpg?quality=95&as=32x32,48x48,72x72,108x108,160x160,240x240,360x360,480x480,540x540,640x640,720x720,1080x1080,1280x1280&from=bu'}], 'square_crop': '1,1,1279', 'text': '', 'web_view_token': 'd2f5255d896317de72', 'likes': {'count': 124, 'user_likes': 0}, 'comments': {'count': 0}, 'reposts': {'count': 0}, 'tags': {'count': 0}, 'orig_photo': {'height': 1280, 'type': 'base', 'url': 'https://sun1-28.userapi.com/s/v1/ig2/oK9dx3zqNCyph7HUF-pYI4OprppjmuhcDbaBtO17Z2X9jMOtovEtuOZcOOtO9o-08uVCuMHEsW9VWp1k5sqdJn87.jpg?quality=95&as=32x32,48x48,72x72,108x108,160x160,240x240,360x360,480x480,540x540,640x640,720x720,1080x1080,1280x1280&from=bu', 'width': 1280}}]
11:40:36 - DEBUG - all profile photos result: [{'album_id': -6, 'date': 1652000081, 'id': 457240291, 'owner_id': 709507615, 'can_comment': 1, 'post_id': 5255, 'sizes': [{'height': 96, 'type': 's', 'width': 72, 'url': 'https://sun9-30.userapi.com/s/v1/ig2/bSIT0aOvWUVvFHZCRnZOoRurC8xVtGn0beEC9-0mejE9M_SWPsTbQrCmGYL4n54cT-Munz8Jn0fZRSfZ3kipGdi3.jpg?quality=95&as=32x43,48x64,72x96,108x144,160x213,240x320,360x480,480x640,540x721,640x854,720x961,1080x1441,1280x1708,1388x1852&from=bu&cs=72x0'}, {'height': 213, 'type': 'm', 'width': 160, 'url': 'https://sun9-30.userapi.com/s/v1/ig2/bSIT0aOvWUVvFHZCRnZOoRurC8xVtGn0beEC9-0mejE9M_SWPsTbQrCmGYL4n54cT-Munz8Jn0fZRSfZ3kipGdi3.jpg?quality=95&as=32x43,48x64,72x96,108x144,160x213,240x320,360x480,480x640,540x721,640x854,720x961,1080x1441,1280x1708,1388x1852&from=bu&cs=160x0'}, {'height': 854, 'type': 'x', 'width': 640, 'url': 'https://sun9-30.userapi.com/s/v1/ig2/bSIT0aOvWUVvFHZCRnZOoRurC8xVtGn0beEC9-0mejE9M_SWPsTbQrCmGYL4n54cT-Munz8Jn0fZRSfZ3kipGdi3.jpg?quality=95&as=32x43,48x64,72x96,108x144,160x213,240x320,360x480,480x640,540x721,640x854,720x961,1080x1441,1280x1708,1388x1852&from=bu&cs=640x0'}, {'height': 1441, 'type': 'y', 'width': 1080, 'url': 'https://sun9-30.userapi.com/s/v1/ig2/bSIT0aOvWUVvFHZCRnZOoRurC8xVtGn0beEC9-0mejE9M_SWPsTbQrCmGYL4n54cT-Munz8Jn0fZRSfZ3kipGdi3.jpg?quality=95&as=32x43,48x64,72x96,108x144,160x213,240x320,360x480,480x640,540x721,640x854,720x961,1080x1441,1280x1708,1388x1852&from=bu&cs=1080x0'}, {'height': 1708, 'type': 'z', 'width': 1280, 'url': 'https://sun9-30.userapi.com/s/v1/ig2/bSIT0aOvWUVvFHZCRnZOoRurC8xVtGn0beEC9-0mejE9M_SWPsTbQrCmGYL4n54cT-Munz8Jn0fZRSfZ3kipGdi3.jpg?quality=95&as=32x43,48x64,72x96,108x144,160x213,240x320,360x480,480x640,540x721,640x854,720x961,1080x1441,1280x1708,1388x1852&from=bu&cs=1280x0'}, {'height': 1852, 'type': 'w', 'width': 1388, 'url': 'https://sun9-30.userapi.com/s/v1/ig2/bSIT0aOvWUVvFHZCRnZOoRurC8xVtGn0beEC9-0mejE9M_SWPsTbQrCmGYL4n54cT-Munz8Jn0fZRSfZ3kipGdi3.jpg?quality=95&as=32x43,48x64,72x96,108x144,160x213,240x320,360x480,480x640,540x721,640x854,720x961,1080x1441,1280x1708,1388x1852&from=bu&cs=1388x0'}, {'height': 144, 'type': 'o', 'width': 108, 'url': 'https://sun9-30.userapi.com/s/v1/ig2/bSIT0aOvWUVvFHZCRnZOoRurC8xVtGn0beEC9-0mejE9M_SWPsTbQrCmGYL4n54cT-Munz8Jn0fZRSfZ3kipGdi3.jpg?quality=95&as=32x43,48x64,72x96,108x144,160x213,240x320,360x480,480x640,540x721,640x854,720x961,1080x1441,1280x1708,1388x1852&from=bu&cs=108x0'}, {'height': 320, 'type': 'p', 'width': 240, 'url': 'https://sun9-30.userapi.com/s/v1/ig2/bSIT0aOvWUVvFHZCRnZOoRurC8xVtGn0beEC9-0mejE9M_SWPsTbQrCmGYL4n54cT-Munz8Jn0fZRSfZ3kipGdi3.jpg?quality=95&as=32x43,48x64,72x96,108x144,160x213,240x320,360x480,480x640,540x721,640x854,720x961,1080x1441,1280x1708,1388x1852&from=bu&cs=240x0'}, {'height': 480, 'type': 'q', 'width': 360, 'url': 'https://sun9-30.userapi.com/s/v1/ig2/bSIT0aOvWUVvFHZCRnZOoRurC8xVtGn0beEC9-0mejE9M_SWPsTbQrCmGYL4n54cT-Munz8Jn0fZRSfZ3kipGdi3.jpg?quality=95&as=32x43,48x64,72x96,108x144,160x213,240x320,360x480,480x640,540x721,640x854,720x961,1080x1441,1280x1708,1388x1852&from=bu&cs=360x0'}, {'height': 721, 'type': 'r', 'width': 540, 'url': 'https://sun9-30.userapi.com/s/v1/ig2/bSIT0aOvWUVvFHZCRnZOoRurC8xVtGn0beEC9-0mejE9M_SWPsTbQrCmGYL4n54cT-Munz8Jn0fZRSfZ3kipGdi3.jpg?quality=95&as=32x43,48x64,72x96,108x144,160x213,240x320,360x480,480x640,540x721,640x854,720x961,1080x1441,1280x1708,1388x1852&from=bu&cs=540x0'}, {'height': 1852, 'type': 'base', 'width': 1388, 'url': 'https://sun9-30.userapi.com/s/v1/ig2/bSIT0aOvWUVvFHZCRnZOoRurC8xVtGn0beEC9-0mejE9M_SWPsTbQrCmGYL4n54cT-Munz8Jn0fZRSfZ3kipGdi3.jpg?quality=95&as=32x43,48x64,72x96,108x144,160x213,240x320,360x480,480x640,540x721,640x854,720x961,1080x1441,1280x1708,1388x1852&from=bu'}], 'square_crop': '0,0,1388', 'text': '', 'web_view_token': '1af3017802313d696b', 'likes': {'count': 113, 'user_likes': 0}, 'comments': {'count': 2}, 'reposts': {'count': 0}, 'tags': {'count': 0}, 'orig_photo': {'height': 1852, 'type': 'base', 'url': 'https://sun9-30.userapi.com/s/v1/ig2/bSIT0aOvWUVvFHZCRnZOoRurC8xVtGn0beEC9-0mejE9M_SWPsTbQrCmGYL4n54cT-Munz8Jn0fZRSfZ3kipGdi3.jpg?quality=95&as=32x43,48x64,72x96,108x144,160x213,240x320,360x480,480x640,540x721,640x854,720x961,1080x1441,1280x1708,1388x1852&from=bu', 'width': 1388}}, {'album_id': -6, 'date': 1683453810, 'id': 457242329, 'owner_id': 709507615, 'can_comment': 1, 'post_id': 46868, 'sizes': [{'height': 72, 'type': 's', 'width': 72, 'url': 'https://sun9-42.userapi.com/s/v1/ig2/lTVvgKdLF8D5M3nJ3DbTKweHXosuatLCTZIS8VPivqH2gpyzcnf0CwX7STtem3HSpwZbPlxnp-aulVaDcyl6yzQT.jpg?quality=95&as=32x32,48x48,72x72,108x108,160x160,240x240,360x360,480x480,540x540,640x640,720x720,1080x1080,1280x1280&from=bu&cs=72x0'}, {'height': 160, 'type': 'm', 'width': 160, 'url': 'https://sun9-42.userapi.com/s/v1/ig2/lTVvgKdLF8D5M3nJ3DbTKweHXosuatLCTZIS8VPivqH2gpyzcnf0CwX7STtem3HSpwZbPlxnp-aulVaDcyl6yzQT.jpg?quality=95&as=32x32,48x48,72x72,108x108,160x160,240x240,360x360,480x480,540x540,640x640,720x720,1080x1080,1280x1280&from=bu&cs=160x0'}, {'height': 640, 'type': 'x', 'width': 640, 'url': 'https://sun9-42.userapi.com/s/v1/ig2/lTVvgKdLF8D5M3nJ3DbTKweHXosuatLCTZIS8VPivqH2gpyzcnf0CwX7STtem3HSpwZbPlxnp-aulVaDcyl6yzQT.jpg?quality=95&as=32x32,48x48,72x72,108x108,160x160,240x240,360x360,480x480,540x540,640x640,720x720,1080x1080,1280x1280&from=bu&cs=640x0'}, {'height': 1080, 'type': 'y', 'width': 1080, 'url': 'https://sun9-42.userapi.com/s/v1/ig2/lTVvgKdLF8D5M3nJ3DbTKweHXosuatLCTZIS8VPivqH2gpyzcnf0CwX7STtem3HSpwZbPlxnp-aulVaDcyl6yzQT.jpg?quality=95&as=32x32,48x48,72x72,108x108,160x160,240x240,360x360,480x480,540x540,640x640,720x720,1080x1080,1280x1280&from=bu&cs=1080x0'}, {'height': 1280, 'type': 'z', 'width': 1280, 'url': 'https://sun9-42.userapi.com/s/v1/ig2/lTVvgKdLF8D5M3nJ3DbTKweHXosuatLCTZIS8VPivqH2gpyzcnf0CwX7STtem3HSpwZbPlxnp-aulVaDcyl6yzQT.jpg?quality=95&as=32x32,48x48,72x72,108x108,160x160,240x240,360x360,480x480,540x540,640x640,720x720,1080x1080,1280x1280&from=bu&cs=1280x0'}, {'height': 1280, 'type': 'w', 'width': 1280, 'url': 'https://sun9-42.userapi.com/s/v1/ig2/lTVvgKdLF8D5M3nJ3DbTKweHXosuatLCTZIS8VPivqH2gpyzcnf0CwX7STtem3HSpwZbPlxnp-aulVaDcyl6yzQT.jpg?quality=95&as=32x32,48x48,72x72,108x108,160x160,240x240,360x360,480x480,540x540,640x640,720x720,1080x1080,1280x1280&from=bu&cs=1280x0'}, {'height': 108, 'type': 'o', 'width': 108, 'url': 'https://sun9-42.userapi.com/s/v1/ig2/lTVvgKdLF8D5M3nJ3DbTKweHXosuatLCTZIS8VPivqH2gpyzcnf0CwX7STtem3HSpwZbPlxnp-aulVaDcyl6yzQT.jpg?quality=95&as=32x32,48x48,72x72,108x108,160x160,240x240,360x360,480x480,540x540,640x640,720x720,1080x1080,1280x1280&from=bu&cs=108x0'}, {'height': 240, 'type': 'p', 'width': 240, 'url': 'https://sun9-42.userapi.com/s/v1/ig2/lTVvgKdLF8D5M3nJ3DbTKweHXosuatLCTZIS8VPivqH2gpyzcnf0CwX7STtem3HSpwZbPlxnp-aulVaDcyl6yzQT.jpg?quality=95&as=32x32,48x48,72x72,108x108,160x160,240x240,360x360,480x480,540x540,640x640,720x720,1080x1080,1280x1280&from=bu&cs=240x0'}, {'height': 360, 'type': 'q', 'width': 360, 'url': 'https://sun9-42.userapi.com/s/v1/ig2/lTVvgKdLF8D5M3nJ3DbTKweHXosuatLCTZIS8VPivqH2gpyzcnf0CwX7STtem3HSpwZbPlxnp-aulVaDcyl6yzQT.jpg?quality=95&as=32x32,48x48,72x72,108x108,160x160,240x240,360x360,480x480,540x540,640x640,720x720,1080x1080,1280x1280&from=bu&cs=360x0'}, {'height': 540, 'type': 'r', 'width': 540, 'url': 'https://sun9-42.userapi.com/s/v1/ig2/lTVvgKdLF8D5M3nJ3DbTKweHXosuatLCTZIS8VPivqH2gpyzcnf0CwX7STtem3HSpwZbPlxnp-aulVaDcyl6yzQT.jpg?quality=95&as=32x32,48x48,72x72,108x108,160x160,240x240,360x360,480x480,540x540,640x640,720x720,1080x1080,1280x1280&from=bu&cs=540x0'}, {'height': 1280, 'type': 'base', 'width': 1280, 'url': 'https://sun9-42.userapi.com/s/v1/ig2/lTVvgKdLF8D5M3nJ3DbTKweHXosuatLCTZIS8VPivqH2gpyzcnf0CwX7STtem3HSpwZbPlxnp-aulVaDcyl6yzQT.jpg?quality=95&as=32x32,48x48,72x72,108x108,160x160,240x240,360x360,480x480,540x540,640x640,720x720,1080x1080,1280x1280&from=bu'}], 'square_crop': '2,0,1278', 'text': '', 'web_view_token': 'c4eacbf2b27fb0dc14', 'likes': {'count': 89, 'user_likes': 0}, 'comments': {'count': 2}, 'reposts': {'count': 0}, 'tags': {'count': 0}, 'orig_photo': {'height': 1280, 'type': 'base', 'url': 'https://sun9-42.userapi.com/s/v1/ig2/lTVvgKdLF8D5M3nJ3DbTKweHXosuatLCTZIS8VPivqH2gpyzcnf0CwX7STtem3HSpwZbPlxnp-aulVaDcyl6yzQT.jpg?quality=95&as=32x32,48x48,72x72,108x108,160x160,240x240,360x360,480x480,540x540,640x640,720x720,1080x1080,1280x1280&from=bu', 'width': 1280}}, {'album_id': -6, 'date': 1683748736, 'id': 457242371, 'owner_id': 709507615, 'can_comment': 1, 'sizes': [{'height': 50, 'type': 's', 'width': 72, 'url': 'https://sun9-2.userapi.com/s/v1/ig2/EPZpVgcHm-c1pCLFYLm_aYm-2jKncJopUdJVMRt5fRAxnoX7gOqEzGAE_ls7V1lNY-9chmDY6_T-g00-k4woPVeF.jpg?quality=95&as=32x22,48x33,72x50,108x75,160x111,240x167,360x250,480x334,540x375,640x445,720x500,1080x750,1124x781&from=bu&cs=72x0'}, {'height': 111, 'type': 'm', 'width': 160, 'url': 'https://sun9-2.userapi.com/s/v1/ig2/EPZpVgcHm-c1pCLFYLm_aYm-2jKncJopUdJVMRt5fRAxnoX7gOqEzGAE_ls7V1lNY-9chmDY6_T-g00-k4woPVeF.jpg?quality=95&as=32x22,48x33,72x50,108x75,160x111,240x167,360x250,480x334,540x375,640x445,720x500,1080x750,1124x781&from=bu&cs=160x0'}, {'height': 445, 'type': 'x', 'width': 640, 'url': 'https://sun9-2.userapi.com/s/v1/ig2/EPZpVgcHm-c1pCLFYLm_aYm-2jKncJopUdJVMRt5fRAxnoX7gOqEzGAE_ls7V1lNY-9chmDY6_T-g00-k4woPVeF.jpg?quality=95&as=32x22,48x33,72x50,108x75,160x111,240x167,360x250,480x334,540x375,640x445,720x500,1080x750,1124x781&from=bu&cs=640x0'}, {'height': 750, 'type': 'y', 'width': 1080, 'url': 'https://sun9-2.userapi.com/s/v1/ig2/EPZpVgcHm-c1pCLFYLm_aYm-2jKncJopUdJVMRt5fRAxnoX7gOqEzGAE_ls7V1lNY-9chmDY6_T-g00-k4woPVeF.jpg?quality=95&as=32x22,48x33,72x50,108x75,160x111,240x167,360x250,480x334,540x375,640x445,720x500,1080x750,1124x781&from=bu&cs=1080x0'}, {'height': 781, 'type': 'z', 'width': 1124, 'url': 'https://sun9-2.userapi.com/s/v1/ig2/EPZpVgcHm-c1pCLFYLm_aYm-2jKncJopUdJVMRt5fRAxnoX7gOqEzGAE_ls7V1lNY-9chmDY6_T-g00-k4woPVeF.jpg?quality=95&as=32x22,48x33,72x50,108x75,160x111,240x167,360x250,480x334,540x375,640x445,720x500,1080x750,1124x781&from=bu&cs=1124x0'}, {'height': 75, 'type': 'o', 'width': 108, 'url': 'https://sun9-2.userapi.com/s/v1/ig2/EPZpVgcHm-c1pCLFYLm_aYm-2jKncJopUdJVMRt5fRAxnoX7gOqEzGAE_ls7V1lNY-9chmDY6_T-g00-k4woPVeF.jpg?quality=95&as=32x22,48x33,72x50,108x75,160x111,240x167,360x250,480x334,540x375,640x445,720x500,1080x750,1124x781&from=bu&cs=108x0'}, {'height': 167, 'type': 'p', 'width': 240, 'url': 'https://sun9-2.userapi.com/s/v1/ig2/EPZpVgcHm-c1pCLFYLm_aYm-2jKncJopUdJVMRt5fRAxnoX7gOqEzGAE_ls7V1lNY-9chmDY6_T-g00-k4woPVeF.jpg?quality=95&as=32x22,48x33,72x50,108x75,160x111,240x167,360x250,480x334,540x375,640x445,720x500,1080x750,1124x781&from=bu&cs=240x0'}, {'height': 250, 'type': 'q', 'width': 360, 'url': 'https://sun9-2.userapi.com/s/v1/ig2/EPZpVgcHm-c1pCLFYLm_aYm-2jKncJopUdJVMRt5fRAxnoX7gOqEzGAE_ls7V1lNY-9chmDY6_T-g00-k4woPVeF.jpg?quality=95&as=32x22,48x33,72x50,108x75,160x111,240x167,360x250,480x334,540x375,640x445,720x500,1080x750,1124x781&from=bu&cs=360x0'}, {'height': 375, 'type': 'r', 'width': 540, 'url': 'https://sun9-2.userapi.com/s/v1/ig2/EPZpVgcHm-c1pCLFYLm_aYm-2jKncJopUdJVMRt5fRAxnoX7gOqEzGAE_ls7V1lNY-9chmDY6_T-g00-k4woPVeF.jpg?quality=95&as=32x22,48x33,72x50,108x75,160x111,240x167,360x250,480x334,540x375,640x445,720x500,1080x750,1124x781&from=bu&cs=540x0'}, {'height': 781, 'type': 'base', 'width': 1124, 'url': 'https://sun9-2.userapi.com/s/v1/ig2/EPZpVgcHm-c1pCLFYLm_aYm-2jKncJopUdJVMRt5fRAxnoX7gOqEzGAE_ls7V1lNY-9chmDY6_T-g00-k4woPVeF.jpg?quality=95&as=32x22,48x33,72x50,108x75,160x111,240x167,360x250,480x334,540x375,640x445,720x500,1080x750,1124x781&from=bu'}], 'square_crop': '146,0,781', 'text': '', 'web_view_token': '76233c849068502850', 'likes': {'count': 247, 'user_likes': 0}, 'comments': {'count': 19}, 'reposts': {'count': 1}, 'tags': {'count': 0}, 'orig_photo': {'height': 781, 'type': 'base', 'url': 'https://sun9-2.userapi.com/s/v1/ig2/EPZpVgcHm-c1pCLFYLm_aYm-2jKncJopUdJVMRt5fRAxnoX7gOqEzGAE_ls7V1lNY-9chmDY6_T-g00-k4woPVeF.jpg?quality=95&as=32x22,48x33,72x50,108x75,160x111,240x167,360x250,480x334,540x375,640x445,720x500,1080x750,1124x781&from=bu', 'width': 1124}}, {'album_id': -6, 'date': 1715165656, 'id': 457245344, 'owner_id': 709507615, 'can_comment': 1, 'post_id': 125043, 'sizes': [{'height': 72, 'type': 's', 'width': 72, 'url': 'https://sun9-14.userapi.com/s/v1/ig2/wmnku1KlbuQ5Y6iBAkzOMgP5CPZUxoe3Wllwthkliz3shvjMSGmHjpwmdpnoR7alaGcnLozFEJhD-V1EF8iwoqz4.jpg?quality=95&as=32x32,48x48,72x72,108x108,160x160,240x240,360x360,480x480,540x540,640x640,720x720,1000x1000&from=bu&cs=72x0'}, {'height': 160, 'type': 'm', 'width': 160, 'url': 'https://sun9-14.userapi.com/s/v1/ig2/wmnku1KlbuQ5Y6iBAkzOMgP5CPZUxoe3Wllwthkliz3shvjMSGmHjpwmdpnoR7alaGcnLozFEJhD-V1EF8iwoqz4.jpg?quality=95&as=32x32,48x48,72x72,108x108,160x160,240x240,360x360,480x480,540x540,640x640,720x720,1000x1000&from=bu&cs=160x0'}, {'height': 640, 'type': 'x', 'width': 640, 'url': 'https://sun9-14.userapi.com/s/v1/ig2/wmnku1KlbuQ5Y6iBAkzOMgP5CPZUxoe3Wllwthkliz3shvjMSGmHjpwmdpnoR7alaGcnLozFEJhD-V1EF8iwoqz4.jpg?quality=95&as=32x32,48x48,72x72,108x108,160x160,240x240,360x360,480x480,540x540,640x640,720x720,1000x1000&from=bu&cs=640x0'}, {'height': 1000, 'type': 'y', 'width': 1000, 'url': 'https://sun9-14.userapi.com/s/v1/ig2/wmnku1KlbuQ5Y6iBAkzOMgP5CPZUxoe3Wllwthkliz3shvjMSGmHjpwmdpnoR7alaGcnLozFEJhD-V1EF8iwoqz4.jpg?quality=95&as=32x32,48x48,72x72,108x108,160x160,240x240,360x360,480x480,540x540,640x640,720x720,1000x1000&from=bu&cs=1000x0'}, {'height': 108, 'type': 'o', 'width': 108, 'url': 'https://sun9-14.userapi.com/s/v1/ig2/wmnku1KlbuQ5Y6iBAkzOMgP5CPZUxoe3Wllwthkliz3shvjMSGmHjpwmdpnoR7alaGcnLozFEJhD-V1EF8iwoqz4.jpg?quality=95&as=32x32,48x48,72x72,108x108,160x160,240x240,360x360,480x480,540x540,640x640,720x720,1000x1000&from=bu&cs=108x0'}, {'height': 240, 'type': 'p', 'width': 240, 'url': 'https://sun9-14.userapi.com/s/v1/ig2/wmnku1KlbuQ5Y6iBAkzOMgP5CPZUxoe3Wllwthkliz3shvjMSGmHjpwmdpnoR7alaGcnLozFEJhD-V1EF8iwoqz4.jpg?quality=95&as=32x32,48x48,72x72,108x108,160x160,240x240,360x360,480x480,540x540,640x640,720x720,1000x1000&from=bu&cs=240x0'}, {'height': 360, 'type': 'q', 'width': 360, 'url': 'https://sun9-14.userapi.com/s/v1/ig2/wmnku1KlbuQ5Y6iBAkzOMgP5CPZUxoe3Wllwthkliz3shvjMSGmHjpwmdpnoR7alaGcnLozFEJhD-V1EF8iwoqz4.jpg?quality=95&as=32x32,48x48,72x72,108x108,160x160,240x240,360x360,480x480,540x540,640x640,720x720,1000x1000&from=bu&cs=360x0'}, {'height': 540, 'type': 'r', 'width': 540, 'url': 'https://sun9-14.userapi.com/s/v1/ig2/wmnku1KlbuQ5Y6iBAkzOMgP5CPZUxoe3Wllwthkliz3shvjMSGmHjpwmdpnoR7alaGcnLozFEJhD-V1EF8iwoqz4.jpg?quality=95&as=32x32,48x48,72x72,108x108,160x160,240x240,360x360,480x480,540x540,640x640,720x720,1000x1000&from=bu&cs=540x0'}, {'height': 1000, 'type': 'base', 'width': 1000, 'url': 'https://sun9-14.userapi.com/s/v1/ig2/wmnku1KlbuQ5Y6iBAkzOMgP5CPZUxoe3Wllwthkliz3shvjMSGmHjpwmdpnoR7alaGcnLozFEJhD-V1EF8iwoqz4.jpg?quality=95&as=32x32,48x48,72x72,108x108,160x160,240x240,360x360,480x480,540x540,640x640,720x720,1000x1000&from=bu'}], 'square_crop': '0,1,999', 'text': '', 'web_view_token': '0dfecd88f26d2726f6', 'likes': {'count': 182, 'user_likes': 0}, 'comments': {'count': 7}, 'reposts': {'count': 0}, 'tags': {'count': 0}, 'orig_photo': {'height': 1000, 'type': 'base', 'url': 'https://sun9-14.userapi.com/s/v1/ig2/wmnku1KlbuQ5Y6iBAkzOMgP5CPZUxoe3Wllwthkliz3shvjMSGmHjpwmdpnoR7alaGcnLozFEJhD-V1EF8iwoqz4.jpg?quality=95&as=32x32,48x48,72x72,108x108,160x160,240x240,360x360,480x480,540x540,640x640,720x720,1000x1000&from=bu', 'width': 1000}}, {'album_id': -6, 'date': 1715587710, 'id': 457245405, 'owner_id': 709507615, 'can_comment': 1, 'post_id': 126948, 'sizes': [{'height': 50, 'type': 's', 'width': 72, 'url': 'https://sun9-75.userapi.com/s/v1/ig2/RM9FAEIT3fOnRW0YqOQdc12eLlKJ4rD2uRkdH-3f0fD4kzgPbVLJ4kw5B0DGMgxrIEULdPYcAs8c4cjnPIlc3x2t.jpg?quality=95&as=32x22,48x33,72x50,108x75,160x111,240x167,360x250,480x334,540x375,640x445,720x500,1080x750,1124x781&from=bu&cs=72x0'}, {'height': 111, 'type': 'm', 'width': 160, 'url': 'https://sun9-75.userapi.com/s/v1/ig2/RM9FAEIT3fOnRW0YqOQdc12eLlKJ4rD2uRkdH-3f0fD4kzgPbVLJ4kw5B0DGMgxrIEULdPYcAs8c4cjnPIlc3x2t.jpg?quality=95&as=32x22,48x33,72x50,108x75,160x111,240x167,360x250,480x334,540x375,640x445,720x500,1080x750,1124x781&from=bu&cs=160x0'}, {'height': 445, 'type': 'x', 'width': 640, 'url': 'https://sun9-75.userapi.com/s/v1/ig2/RM9FAEIT3fOnRW0YqOQdc12eLlKJ4rD2uRkdH-3f0fD4kzgPbVLJ4kw5B0DGMgxrIEULdPYcAs8c4cjnPIlc3x2t.jpg?quality=95&as=32x22,48x33,72x50,108x75,160x111,240x167,360x250,480x334,540x375,640x445,720x500,1080x750,1124x781&from=bu&cs=640x0'}, {'height': 750, 'type': 'y', 'width': 1080, 'url': 'https://sun9-75.userapi.com/s/v1/ig2/RM9FAEIT3fOnRW0YqOQdc12eLlKJ4rD2uRkdH-3f0fD4kzgPbVLJ4kw5B0DGMgxrIEULdPYcAs8c4cjnPIlc3x2t.jpg?quality=95&as=32x22,48x33,72x50,108x75,160x111,240x167,360x250,480x334,540x375,640x445,720x500,1080x750,1124x781&from=bu&cs=1080x0'}, {'height': 781, 'type': 'z', 'width': 1124, 'url': 'https://sun9-75.userapi.com/s/v1/ig2/RM9FAEIT3fOnRW0YqOQdc12eLlKJ4rD2uRkdH-3f0fD4kzgPbVLJ4kw5B0DGMgxrIEULdPYcAs8c4cjnPIlc3x2t.jpg?quality=95&as=32x22,48x33,72x50,108x75,160x111,240x167,360x250,480x334,540x375,640x445,720x500,1080x750,1124x781&from=bu&cs=1124x0'}, {'height': 75, 'type': 'o', 'width': 108, 'url': 'https://sun9-75.userapi.com/s/v1/ig2/RM9FAEIT3fOnRW0YqOQdc12eLlKJ4rD2uRkdH-3f0fD4kzgPbVLJ4kw5B0DGMgxrIEULdPYcAs8c4cjnPIlc3x2t.jpg?quality=95&as=32x22,48x33,72x50,108x75,160x111,240x167,360x250,480x334,540x375,640x445,720x500,1080x750,1124x781&from=bu&cs=108x0'}, {'height': 167, 'type': 'p', 'width': 240, 'url': 'https://sun9-75.userapi.com/s/v1/ig2/RM9FAEIT3fOnRW0YqOQdc12eLlKJ4rD2uRkdH-3f0fD4kzgPbVLJ4kw5B0DGMgxrIEULdPYcAs8c4cjnPIlc3x2t.jpg?quality=95&as=32x22,48x33,72x50,108x75,160x111,240x167,360x250,480x334,540x375,640x445,720x500,1080x750,1124x781&from=bu&cs=240x0'}, {'height': 250, 'type': 'q', 'width': 360, 'url': 'https://sun9-75.userapi.com/s/v1/ig2/RM9FAEIT3fOnRW0YqOQdc12eLlKJ4rD2uRkdH-3f0fD4kzgPbVLJ4kw5B0DGMgxrIEULdPYcAs8c4cjnPIlc3x2t.jpg?quality=95&as=32x22,48x33,72x50,108x75,160x111,240x167,360x250,480x334,540x375,640x445,720x500,1080x750,1124x781&from=bu&cs=360x0'}, {'height': 375, 'type': 'r', 'width': 540, 'url': 'https://sun9-75.userapi.com/s/v1/ig2/RM9FAEIT3fOnRW0YqOQdc12eLlKJ4rD2uRkdH-3f0fD4kzgPbVLJ4kw5B0DGMgxrIEULdPYcAs8c4cjnPIlc3x2t.jpg?quality=95&as=32x22,48x33,72x50,108x75,160x111,240x167,360x250,480x334,540x375,640x445,720x500,1080x750,1124x781&from=bu&cs=540x0'}, {'height': 781, 'type': 'base', 'width': 1124, 'url': 'https://sun9-75.userapi.com/s/v1/ig2/RM9FAEIT3fOnRW0YqOQdc12eLlKJ4rD2uRkdH-3f0fD4kzgPbVLJ4kw5B0DGMgxrIEULdPYcAs8c4cjnPIlc3x2t.jpg?quality=95&as=32x22,48x33,72x50,108x75,160x111,240x167,360x250,480x334,540x375,640x445,720x500,1080x750,1124x781&from=bu'}], 'square_crop': '185,0,781', 'text': '', 'web_view_token': '85a48c19c74614dc0a', 'likes': {'count': 611, 'user_likes': 0}, 'comments': {'count': 25}, 'reposts': {'count': 0}, 'tags': {'count': 0}, 'orig_photo': {'height': 781, 'type': 'base', 'url': 'https://sun9-75.userapi.com/s/v1/ig2/RM9FAEIT3fOnRW0YqOQdc12eLlKJ4rD2uRkdH-3f0fD4kzgPbVLJ4kw5B0DGMgxrIEULdPYcAs8c4cjnPIlc3x2t.jpg?quality=95&as=32x22,48x33,72x50,108x75,160x111,240x167,360x250,480x334,540x375,640x445,720x500,1080x750,1124x781&from=bu', 'width': 1124}}, {'album_id': -6, 'date': 1746625126, 'id': 457251076, 'owner_id': 709507615, 'can_comment': 1, 'sizes': [{'height': 72, 'type': 's', 'width': 72, 'url': 'https://sun9-35.userapi.com/s/v1/ig2/H4x71RxhMI-pLUMcg9JpUhoB9Z2sDZ5Y1UmYlu_lgX_LiQEQ-BMEOLYG3E2KyH4GlEMveL4O5Qb6BKo7fyvyNZV2.jpg?quality=95&as=32x32,48x48,72x72,108x108,160x160,240x240,360x360,480x480,540x540,640x640,720x720,1080x1080,1280x1280&from=bu&cs=72x0'}, {'height': 160, 'type': 'm', 'width': 160, 'url': 'https://sun9-35.userapi.com/s/v1/ig2/H4x71RxhMI-pLUMcg9JpUhoB9Z2sDZ5Y1UmYlu_lgX_LiQEQ-BMEOLYG3E2KyH4GlEMveL4O5Qb6BKo7fyvyNZV2.jpg?quality=95&as=32x32,48x48,72x72,108x108,160x160,240x240,360x360,480x480,540x540,640x640,720x720,1080x1080,1280x1280&from=bu&cs=160x0'}, {'height': 640, 'type': 'x', 'width': 640, 'url': 'https://sun9-35.userapi.com/s/v1/ig2/H4x71RxhMI-pLUMcg9JpUhoB9Z2sDZ5Y1UmYlu_lgX_LiQEQ-BMEOLYG3E2KyH4GlEMveL4O5Qb6BKo7fyvyNZV2.jpg?quality=95&as=32x32,48x48,72x72,108x108,160x160,240x240,360x360,480x480,540x540,640x640,720x720,1080x1080,1280x1280&from=bu&cs=640x0'}, {'height': 1080, 'type': 'y', 'width': 1080, 'url': 'https://sun9-35.userapi.com/s/v1/ig2/H4x71RxhMI-pLUMcg9JpUhoB9Z2sDZ5Y1UmYlu_lgX_LiQEQ-BMEOLYG3E2KyH4GlEMveL4O5Qb6BKo7fyvyNZV2.jpg?quality=95&as=32x32,48x48,72x72,108x108,160x160,240x240,360x360,480x480,540x540,640x640,720x720,1080x1080,1280x1280&from=bu&cs=1080x0'}, {'height': 1280, 'type': 'z', 'width': 1280, 'url': 'https://sun9-35.userapi.com/s/v1/ig2/H4x71RxhMI-pLUMcg9JpUhoB9Z2sDZ5Y1UmYlu_lgX_LiQEQ-BMEOLYG3E2KyH4GlEMveL4O5Qb6BKo7fyvyNZV2.jpg?quality=95&as=32x32,48x48,72x72,108x108,160x160,240x240,360x360,480x480,540x540,640x640,720x720,1080x1080,1280x1280&from=bu&cs=1280x0'}, {'height': 1280, 'type': 'w', 'width': 1280, 'url': 'https://sun9-35.userapi.com/s/v1/ig2/H4x71RxhMI-pLUMcg9JpUhoB9Z2sDZ5Y1UmYlu_lgX_LiQEQ-BMEOLYG3E2KyH4GlEMveL4O5Qb6BKo7fyvyNZV2.jpg?quality=95&as=32x32,48x48,72x72,108x108,160x160,240x240,360x360,480x480,540x540,640x640,720x720,1080x1080,1280x1280&from=bu&cs=1280x0'}, {'height': 108, 'type': 'o', 'width': 108, 'url': 'https://sun9-35.userapi.com/s/v1/ig2/H4x71RxhMI-pLUMcg9JpUhoB9Z2sDZ5Y1UmYlu_lgX_LiQEQ-BMEOLYG3E2KyH4GlEMveL4O5Qb6BKo7fyvyNZV2.jpg?quality=95&as=32x32,48x48,72x72,108x108,160x160,240x240,360x360,480x480,540x540,640x640,720x720,1080x1080,1280x1280&from=bu&cs=108x0'}, {'height': 240, 'type': 'p', 'width': 240, 'url': 'https://sun9-35.userapi.com/s/v1/ig2/H4x71RxhMI-pLUMcg9JpUhoB9Z2sDZ5Y1UmYlu_lgX_LiQEQ-BMEOLYG3E2KyH4GlEMveL4O5Qb6BKo7fyvyNZV2.jpg?quality=95&as=32x32,48x48,72x72,108x108,160x160,240x240,360x360,480x480,540x540,640x640,720x720,1080x1080,1280x1280&from=bu&cs=240x0'}, {'height': 360, 'type': 'q', 'width': 360, 'url': 'https://sun9-35.userapi.com/s/v1/ig2/H4x71RxhMI-pLUMcg9JpUhoB9Z2sDZ5Y1UmYlu_lgX_LiQEQ-BMEOLYG3E2KyH4GlEMveL4O5Qb6BKo7fyvyNZV2.jpg?quality=95&as=32x32,48x48,72x72,108x108,160x160,240x240,360x360,480x480,540x540,640x640,720x720,1080x1080,1280x1280&from=bu&cs=360x0'}, {'height': 540, 'type': 'r', 'width': 540, 'url': 'https://sun9-35.userapi.com/s/v1/ig2/H4x71RxhMI-pLUMcg9JpUhoB9Z2sDZ5Y1UmYlu_lgX_LiQEQ-BMEOLYG3E2KyH4GlEMveL4O5Qb6BKo7fyvyNZV2.jpg?quality=95&as=32x32,48x48,72x72,108x108,160x160,240x240,360x360,480x480,540x540,640x640,720x720,1080x1080,1280x1280&from=bu&cs=540x0'}, {'height': 1280, 'type': 'base', 'width': 1280, 'url': 'https://sun9-35.userapi.com/s/v1/ig2/H4x71RxhMI-pLUMcg9JpUhoB9Z2sDZ5Y1UmYlu_lgX_LiQEQ-BMEOLYG3E2KyH4GlEMveL4O5Qb6BKo7fyvyNZV2.jpg?quality=95&as=32x32,48x48,72x72,108x108,160x160,240x240,360x360,480x480,540x540,640x640,720x720,1080x1080,1280x1280&from=bu'}], 'square_crop': '1,0,1279', 'text': '', 'web_view_token': '6d0d5384b46a5bc674', 'likes': {'count': 78, 'user_likes': 0}, 'comments': {'count': 1}, 'reposts': {'count': 0}, 'tags': {'count': 0}, 'orig_photo': {'height': 1280, 'type': 'base', 'url': 'https://sun9-35.userapi.com/s/v1/ig2/H4x71RxhMI-pLUMcg9JpUhoB9Z2sDZ5Y1UmYlu_lgX_LiQEQ-BMEOLYG3E2KyH4GlEMveL4O5Qb6BKo7fyvyNZV2.jpg?quality=95&as=32x32,48x48,72x72,108x108,160x160,240x240,360x360,480x480,540x540,640x640,720x720,1080x1080,1280x1280&from=bu', 'width': 1280}}, {'album_id': -6, 'date': 1733748229, 'id': 457247975, 'owner_id': 709507615, 'can_comment': 1, 'sizes': [{'height': 40, 'type': 's', 'width': 72, 'url': 'https://sun9-49.userapi.com/s/v1/ig2/GjPlDqVok859susSW2zakRmOmxg02xOTj0FQMr5cxm4N8aCJoocsNdV12O9n7zBsBCINguyHksV2s5xDftdMdkhS.jpg?quality=95&as=32x18,48x27,72x40,108x60,160x88,240x133,360x199,480x265,540x298,640x354,720x398,1080x597,1279x707&from=bu&cs=72x0'}, {'height': 88, 'type': 'm', 'width': 160, 'url': 'https://sun9-49.userapi.com/s/v1/ig2/GjPlDqVok859susSW2zakRmOmxg02xOTj0FQMr5cxm4N8aCJoocsNdV12O9n7zBsBCINguyHksV2s5xDftdMdkhS.jpg?quality=95&as=32x18,48x27,72x40,108x60,160x88,240x133,360x199,480x265,540x298,640x354,720x398,1080x597,1279x707&from=bu&cs=160x0'}, {'height': 354, 'type': 'x', 'width': 640, 'url': 'https://sun9-49.userapi.com/s/v1/ig2/GjPlDqVok859susSW2zakRmOmxg02xOTj0FQMr5cxm4N8aCJoocsNdV12O9n7zBsBCINguyHksV2s5xDftdMdkhS.jpg?quality=95&as=32x18,48x27,72x40,108x60,160x88,240x133,360x199,480x265,540x298,640x354,720x398,1080x597,1279x707&from=bu&cs=640x0'}, {'height': 597, 'type': 'y', 'width': 1080, 'url': 'https://sun9-49.userapi.com/s/v1/ig2/GjPlDqVok859susSW2zakRmOmxg02xOTj0FQMr5cxm4N8aCJoocsNdV12O9n7zBsBCINguyHksV2s5xDftdMdkhS.jpg?quality=95&as=32x18,48x27,72x40,108x60,160x88,240x133,360x199,480x265,540x298,640x354,720x398,1080x597,1279x707&from=bu&cs=1080x0'}, {'height': 707, 'type': 'z', 'width': 1279, 'url': 'https://sun9-49.userapi.com/s/v1/ig2/GjPlDqVok859susSW2zakRmOmxg02xOTj0FQMr5cxm4N8aCJoocsNdV12O9n7zBsBCINguyHksV2s5xDftdMdkhS.jpg?quality=95&as=32x18,48x27,72x40,108x60,160x88,240x133,360x199,480x265,540x298,640x354,720x398,1080x597,1279x707&from=bu&cs=1279x0'}, {'height': 60, 'type': 'o', 'width': 108, 'url': 'https://sun9-49.userapi.com/s/v1/ig2/GjPlDqVok859susSW2zakRmOmxg02xOTj0FQMr5cxm4N8aCJoocsNdV12O9n7zBsBCINguyHksV2s5xDftdMdkhS.jpg?quality=95&as=32x18,48x27,72x40,108x60,160x88,240x133,360x199,480x265,540x298,640x354,720x398,1080x597,1279x707&from=bu&cs=108x0'}, {'height': 133, 'type': 'p', 'width': 240, 'url': 'https://sun9-49.userapi.com/s/v1/ig2/GjPlDqVok859susSW2zakRmOmxg02xOTj0FQMr5cxm4N8aCJoocsNdV12O9n7zBsBCINguyHksV2s5xDftdMdkhS.jpg?quality=95&as=32x18,48x27,72x40,108x60,160x88,240x133,360x199,480x265,540x298,640x354,720x398,1080x597,1279x707&from=bu&cs=240x0'}, {'height': 199, 'type': 'q', 'width': 360, 'url': 'https://sun9-49.userapi.com/s/v1/ig2/GjPlDqVok859susSW2zakRmOmxg02xOTj0FQMr5cxm4N8aCJoocsNdV12O9n7zBsBCINguyHksV2s5xDftdMdkhS.jpg?quality=95&as=32x18,48x27,72x40,108x60,160x88,240x133,360x199,480x265,540x298,640x354,720x398,1080x597,1279x707&from=bu&cs=360x0'}, {'height': 298, 'type': 'r', 'width': 540, 'url': 'https://sun9-49.userapi.com/s/v1/ig2/GjPlDqVok859susSW2zakRmOmxg02xOTj0FQMr5cxm4N8aCJoocsNdV12O9n7zBsBCINguyHksV2s5xDftdMdkhS.jpg?quality=95&as=32x18,48x27,72x40,108x60,160x88,240x133,360x199,480x265,540x298,640x354,720x398,1080x597,1279x707&from=bu&cs=540x0'}, {'height': 707, 'type': 'base', 'width': 1279, 'url': 'https://sun9-49.userapi.com/s/v1/ig2/GjPlDqVok859susSW2zakRmOmxg02xOTj0FQMr5cxm4N8aCJoocsNdV12O9n7zBsBCINguyHksV2s5xDftdMdkhS.jpg?quality=95&as=32x18,48x27,72x40,108x60,160x88,240x133,360x199,480x265,540x298,640x354,720x398,1080x597,1279x707&from=bu'}], 'square_crop': '284,1,706', 'text': '', 'web_view_token': '9b6cbdbfd6f9ce0f58', 'likes': {'count': 355, 'user_likes': 0}, 'comments': {'count': 51}, 'reposts': {'count': 0}, 'tags': {'count': 0}, 'orig_photo': {'height': 707, 'type': 'base', 'url': 'https://sun9-49.userapi.com/s/v1/ig2/GjPlDqVok859susSW2zakRmOmxg02xOTj0FQMr5cxm4N8aCJoocsNdV12O9n7zBsBCINguyHksV2s5xDftdMdkhS.jpg?quality=95&as=32x18,48x27,72x40,108x60,160x88,240x133,360x199,480x265,540x298,640x354,720x398,1080x597,1279x707&from=bu', 'width': 1279}}, {'album_id': -6, 'date': 1778053694, 'id': 457257440, 'owner_id': 709507615, 'can_comment': 1, 'sizes': [{'height': 72, 'type': 's', 'width': 72, 'url': 'https://sun1-28.userapi.com/s/v1/ig2/oK9dx3zqNCyph7HUF-pYI4OprppjmuhcDbaBtO17Z2X9jMOtovEtuOZcOOtO9o-08uVCuMHEsW9VWp1k5sqdJn87.jpg?quality=95&as=32x32,48x48,72x72,108x108,160x160,240x240,360x360,480x480,540x540,640x640,720x720,1080x1080,1280x1280&from=bu&cs=72x0'}, {'height': 160, 'type': 'm', 'width': 160, 'url': 'https://sun1-28.userapi.com/s/v1/ig2/oK9dx3zqNCyph7HUF-pYI4OprppjmuhcDbaBtO17Z2X9jMOtovEtuOZcOOtO9o-08uVCuMHEsW9VWp1k5sqdJn87.jpg?quality=95&as=32x32,48x48,72x72,108x108,160x160,240x240,360x360,480x480,540x540,640x640,720x720,1080x1080,1280x1280&from=bu&cs=160x0'}, {'height': 640, 'type': 'x', 'width': 640, 'url': 'https://sun1-28.userapi.com/s/v1/ig2/oK9dx3zqNCyph7HUF-pYI4OprppjmuhcDbaBtO17Z2X9jMOtovEtuOZcOOtO9o-08uVCuMHEsW9VWp1k5sqdJn87.jpg?quality=95&as=32x32,48x48,72x72,108x108,160x160,240x240,360x360,480x480,540x540,640x640,720x720,1080x1080,1280x1280&from=bu&cs=640x0'}, {'height': 1080, 'type': 'y', 'width': 1080, 'url': 'https://sun1-28.userapi.com/s/v1/ig2/oK9dx3zqNCyph7HUF-pYI4OprppjmuhcDbaBtO17Z2X9jMOtovEtuOZcOOtO9o-08uVCuMHEsW9VWp1k5sqdJn87.jpg?quality=95&as=32x32,48x48,72x72,108x108,160x160,240x240,360x360,480x480,540x540,640x640,720x720,1080x1080,1280x1280&from=bu&cs=1080x0'}, {'height': 1280, 'type': 'z', 'width': 1280, 'url': 'https://sun1-28.userapi.com/s/v1/ig2/oK9dx3zqNCyph7HUF-pYI4OprppjmuhcDbaBtO17Z2X9jMOtovEtuOZcOOtO9o-08uVCuMHEsW9VWp1k5sqdJn87.jpg?quality=95&as=32x32,48x48,72x72,108x108,160x160,240x240,360x360,480x480,540x540,640x640,720x720,1080x1080,1280x1280&from=bu&cs=1280x0'}, {'height': 1280, 'type': 'w', 'width': 1280, 'url': 'https://sun1-28.userapi.com/s/v1/ig2/oK9dx3zqNCyph7HUF-pYI4OprppjmuhcDbaBtO17Z2X9jMOtovEtuOZcOOtO9o-08uVCuMHEsW9VWp1k5sqdJn87.jpg?quality=95&as=32x32,48x48,72x72,108x108,160x160,240x240,360x360,480x480,540x540,640x640,720x720,1080x1080,1280x1280&from=bu&cs=1280x0'}, {'height': 108, 'type': 'o', 'width': 108, 'url': 'https://sun1-28.userapi.com/s/v1/ig2/oK9dx3zqNCyph7HUF-pYI4OprppjmuhcDbaBtO17Z2X9jMOtovEtuOZcOOtO9o-08uVCuMHEsW9VWp1k5sqdJn87.jpg?quality=95&as=32x32,48x48,72x72,108x108,160x160,240x240,360x360,480x480,540x540,640x640,720x720,1080x1080,1280x1280&from=bu&cs=108x0'}, {'height': 240, 'type': 'p', 'width': 240, 'url': 'https://sun1-28.userapi.com/s/v1/ig2/oK9dx3zqNCyph7HUF-pYI4OprppjmuhcDbaBtO17Z2X9jMOtovEtuOZcOOtO9o-08uVCuMHEsW9VWp1k5sqdJn87.jpg?quality=95&as=32x32,48x48,72x72,108x108,160x160,240x240,360x360,480x480,540x540,640x640,720x720,1080x1080,1280x1280&from=bu&cs=240x0'}, {'height': 360, 'type': 'q', 'width': 360, 'url': 'https://sun1-28.userapi.com/s/v1/ig2/oK9dx3zqNCyph7HUF-pYI4OprppjmuhcDbaBtO17Z2X9jMOtovEtuOZcOOtO9o-08uVCuMHEsW9VWp1k5sqdJn87.jpg?quality=95&as=32x32,48x48,72x72,108x108,160x160,240x240,360x360,480x480,540x540,640x640,720x720,1080x1080,1280x1280&from=bu&cs=360x0'}, {'height': 540, 'type': 'r', 'width': 540, 'url': 'https://sun1-28.userapi.com/s/v1/ig2/oK9dx3zqNCyph7HUF-pYI4OprppjmuhcDbaBtO17Z2X9jMOtovEtuOZcOOtO9o-08uVCuMHEsW9VWp1k5sqdJn87.jpg?quality=95&as=32x32,48x48,72x72,108x108,160x160,240x240,360x360,480x480,540x540,640x640,720x720,1080x1080,1280x1280&from=bu&cs=540x0'}, {'height': 1280, 'type': 'base', 'width': 1280, 'url': 'https://sun1-28.userapi.com/s/v1/ig2/oK9dx3zqNCyph7HUF-pYI4OprppjmuhcDbaBtO17Z2X9jMOtovEtuOZcOOtO9o-08uVCuMHEsW9VWp1k5sqdJn87.jpg?quality=95&as=32x32,48x48,72x72,108x108,160x160,240x240,360x360,480x480,540x540,640x640,720x720,1080x1080,1280x1280&from=bu'}], 'square_crop': '1,1,1279', 'text': '', 'web_view_token': 'd2f5255d896317de72', 'likes': {'count': 124, 'user_likes': 0}, 'comments': {'count': 0}, 'reposts': {'count': 0}, 'tags': {'count': 0}, 'orig_photo': {'height': 1280, 'type': 'base', 'url': 'https://sun1-28.userapi.com/s/v1/ig2/oK9dx3zqNCyph7HUF-pYI4OprppjmuhcDbaBtO17Z2X9jMOtovEtuOZcOOtO9o-08uVCuMHEsW9VWp1k5sqdJn87.jpg?quality=95&as=32x32,48x48,72x72,108x108,160x160,240x240,360x360,480x480,540x540,640x640,720x720,1080x1080,1280x1280&from=bu', 'width': 1280}}]
11:40:36 - DEBUG - result get top3 photo: ['photo709507615_457245405', 'photo709507615_457247975', 'photo709507615_457242371']
11:40:36 - DEBUG - result extract user data: {'user_id': 709507615, 'first_name': 'Александр', 'last_name': 'Хинштейн', 'sex': 2, 'sex_as_text': 'Мужской', 'profile_URL': 'https://vk.com/id709507615', 'age': 51, 'city_id': 75, 'city': 'Курск', 'photo_URL': ['photo709507615_457245405', 'photo709507615_457247975', 'photo709507615_457242371']}
11:40:36 - DEBUG - search user result: {'user_id': 709507615, 'first_name': 'Александр', 'last_name': 'Хинштейн', 'sex': 2, 'sex_as_text': 'Мужской', 'profile_URL': 'https://vk.com/id709507615', 'age': 51, 'city_id': 75, 'city': 'Курск', 'photo_URL': ['photo709507615_457245405', 'photo709507615_457247975', 'photo709507615_457242371']}
11:40:36 - INFO - BEGIN (implicit)
11:40:36 - INFO - SELECT favorites.id AS favorites_id, favorites.vk_user_id AS favorites_vk_user_id, favorites.profile_vk_id AS favorites_profile_vk_id 
FROM favorites 
WHERE favorites.vk_user_id = %(vk_user_id_1)s AND favorites.profile_vk_id = %(profile_vk_id_1)s 
 LIMIT %(param_1)s
11:40:36 - INFO - [generated in 0.00023s] {'vk_user_id_1': '311485261', 'profile_vk_id_1': '864559765', 'param_1': 1}
11:40:36 - INFO - INSERT INTO favorites (vk_user_id, profile_vk_id) VALUES (%(vk_user_id)s, %(profile_vk_id)s) RETURNING favorites.id
11:40:36 - INFO - [generated in 0.00016s] {'vk_user_id': '311485261', 'profile_vk_id': '864559765'}
11:40:36 - INFO - COMMIT
11:40:36 - DEBUG - API request was validated
11:40:36 - DEBUG - Request messages.send with {'random_id': 0, 'peer_ids': '311485261', 'message': 'Пользователь Алексей Беспрозванных добавлен в избранное'} data returned {"response":[{"peer_id":311485261,"message_id":575,"conversation_message_id":574}]}
11:40:36 - DEBUG - API response was validated
11:40:36 - INFO - BEGIN (implicit)
11:40:36 - INFO - SELECT viewed.id AS viewed_id, viewed.vk_user_id AS viewed_vk_user_id, viewed.profile_vk_id AS viewed_profile_vk_id 
FROM viewed 
WHERE viewed.vk_user_id = %(vk_user_id_1)s AND viewed.profile_vk_id = %(profile_vk_id_1)s 
 LIMIT %(param_1)s
11:40:36 - INFO - [cached since 4.044s ago] {'vk_user_id_1': '311485261', 'profile_vk_id_1': '709507615', 'param_1': 1}
11:40:36 - INFO - INSERT INTO viewed (vk_user_id, profile_vk_id) VALUES (%(vk_user_id)s, %(profile_vk_id)s) RETURNING viewed.id
11:40:36 - INFO - [cached since 4.044s ago] {'vk_user_id': '311485261', 'profile_vk_id': '709507615'}
11:40:36 - INFO - COMMIT
11:40:36 - DEBUG - API request was validated
11:40:36 - DEBUG - Request messages.send with {'random_id': 0, 'peer_ids': '311485261', 'message': 'Александр Хинштейн, г. Курск, 51', 'attachment': 'photo709507615_457245405,photo709507615_457247975,photo709507615_457242371', 'keyboard': <vkbottle.tools.keyboard.keyboard.Keyboard object at 0x000000002A03E780>} data returned {"response":[{"peer_id":311485261,"message_id":576,"conversation_message_id":575}]}
11:40:36 - DEBUG - API response was validated
11:40:38 - DEBUG - New event was received: {'ts': '111', 'updates': [{'group_id': 238429916, 'type': 'message_new', 'event_id': '8e15c6205e40305dac45db21e5178c13afd240d7', 'v': '5.199', 'object': {'client_info': {'button_actions': ['text', 'vkpay', 'open_app', 'location', 'open_link', 'open_photo', 'callback', 'intent_subscribe', 'intent_unsubscribe'], 'keyboard': True, 'inline_keyboard': True, 'carousel': True, 'lang_id': 0}, 'message': {'date': 1778575239, 'from_id': 311485261, 'id': 577, 'version': 10001877, 'out': 0, 'fwd_messages': [], 'important': False, 'is_hidden': False, 'attachments': [], 'conversation_message_id': 576, 'payload': '{"cmd":"to_main_menu"}', 'text': 'В главное меню', 'peer_id': 311485261, 'random_id': 0}}}]}
11:40:38 - DEBUG - Making long request to get event with longpoll...
11:40:38 - DEBUG - Routing update {'group_id': 238429916, 'type': 'message_new', 'event_id': '8e15c6205e40305dac45db21e5178c13afd240d7', 'v': '5.199', 'object': {'client_info': {'button_actions': ['text', 'vkpay', 'open_app', 'location', 'open_link', 'open_photo', 'callback', 'intent_subscribe', 'intent_unsubscribe'], 'keyboard': True, 'inline_keyboard': True, 'carousel': True, 'lang_id': 0}, 'message': {'date': 1778575239, 'from_id': 311485261, 'id': 577, 'version': 10001877, 'out': 0, 'fwd_messages': [], 'important': False, 'is_hidden': False, 'attachments': [], 'conversation_message_id': 576, 'payload': '{"cmd":"to_main_menu"}', 'text': 'В главное меню', 'peer_id': 311485261, 'random_id': 0}}}
11:40:38 - DEBUG - Handling event (message_new) with message view
11:40:38 - DEBUG - Casting state for peer_id 311485261
11:40:38 - DEBUG - Handler <FromFuncHandler greet_handler blocking=True rules=(<vkbottle.dispatch.rules.base.PeerRule>, <vkbottle.dispatch.rules.base.StateRule>)> returned False
11:40:38 - DEBUG - Handler <FromFuncHandler start_dating blocking=True rules=(<vkbottle.dispatch.rules.base.PeerRule>, <vkbottle.dispatch.rules.base.StateRule>, <vkbottle.dispatch.rules.base.PayloadRule>)> returned False
11:40:38 - DEBUG - Handler <FromFuncHandler next_dating blocking=True rules=(<vkbottle.dispatch.rules.base.PeerRule>, <vkbottle.dispatch.rules.base.StateRule>, <vkbottle.dispatch.rules.base.PayloadRule>)> returned False
11:40:38 - DEBUG - Handler <FromFuncHandler add_to_favourite blocking=True rules=(<vkbottle.dispatch.rules.base.PeerRule>, <vkbottle.dispatch.rules.base.StateRule>, <vkbottle.dispatch.rules.base.PayloadRule>)> returned False
11:40:38 - DEBUG - Handler <FromFuncHandler go_to_favourite blocking=True rules=(<vkbottle.dispatch.rules.base.PeerRule>, <vkbottle.dispatch.rules.base.StateRule>, <vkbottle.dispatch.rules.base.PayloadRule>)> returned False
11:40:38 - DEBUG - Handler <FromFuncHandler next_favourite blocking=True rules=(<vkbottle.dispatch.rules.base.PeerRule>, <vkbottle.dispatch.rules.base.StateRule>, <vkbottle.dispatch.rules.base.PayloadRule>)> returned False
11:40:38 - DEBUG - Handler <FromFuncHandler go_to_main_menu blocking=True rules=(<vkbottle.dispatch.rules.base.PeerRule>, <vkbottle.dispatch.rules.base.PayloadRule>)> returned {}
11:40:38 - DEBUG - API request was validated
11:40:38 - DEBUG - Request messages.send with {'random_id': 0, 'peer_ids': '311485261', 'message': 'Чем хочешь заняться?', 'keyboard': <vkbottle.tools.keyboard.keyboard.Keyboard object at 0x000000002A06D450>} data returned {"response":[{"peer_id":311485261,"message_id":578,"conversation_message_id":577}]}
11:40:38 - DEBUG - API response was validated
11:40:40 - DEBUG - New event was received: {'ts': '112', 'updates': [{'group_id': 238429916, 'type': 'message_new', 'event_id': '4db5ce042fcc6e9654587fe8797bdd60d9e0a373', 'v': '5.199', 'object': {'client_info': {'button_actions': ['text', 'vkpay', 'open_app', 'location', 'open_link', 'open_photo', 'callback', 'intent_subscribe', 'intent_unsubscribe'], 'keyboard': True, 'inline_keyboard': True, 'carousel': True, 'lang_id': 0}, 'message': {'date': 1778575241, 'from_id': 311485261, 'id': 579, 'version': 10001885, 'out': 0, 'fwd_messages': [], 'important': False, 'is_hidden': False, 'attachments': [], 'conversation_message_id': 578, 'payload': '{"cmd":"to_favourites"}', 'text': 'Посмотреть избранное', 'peer_id': 311485261, 'random_id': 0}}}]}
11:40:40 - DEBUG - Making long request to get event with longpoll...
11:40:40 - DEBUG - Routing update {'group_id': 238429916, 'type': 'message_new', 'event_id': '4db5ce042fcc6e9654587fe8797bdd60d9e0a373', 'v': '5.199', 'object': {'client_info': {'button_actions': ['text', 'vkpay', 'open_app', 'location', 'open_link', 'open_photo', 'callback', 'intent_subscribe', 'intent_unsubscribe'], 'keyboard': True, 'inline_keyboard': True, 'carousel': True, 'lang_id': 0}, 'message': {'date': 1778575241, 'from_id': 311485261, 'id': 579, 'version': 10001885, 'out': 0, 'fwd_messages': [], 'important': False, 'is_hidden': False, 'attachments': [], 'conversation_message_id': 578, 'payload': '{"cmd":"to_favourites"}', 'text': 'Посмотреть избранное', 'peer_id': 311485261, 'random_id': 0}}}
11:40:40 - DEBUG - Handling event (message_new) with message view
11:40:40 - DEBUG - Casting state for peer_id 311485261
11:40:40 - DEBUG - Handler <FromFuncHandler greet_handler blocking=True rules=(<vkbottle.dispatch.rules.base.PeerRule>, <vkbottle.dispatch.rules.base.StateRule>)> returned False
11:40:40 - DEBUG - Handler <FromFuncHandler start_dating blocking=True rules=(<vkbottle.dispatch.rules.base.PeerRule>, <vkbottle.dispatch.rules.base.StateRule>, <vkbottle.dispatch.rules.base.PayloadRule>)> returned False
11:40:40 - DEBUG - Handler <FromFuncHandler next_dating blocking=True rules=(<vkbottle.dispatch.rules.base.PeerRule>, <vkbottle.dispatch.rules.base.StateRule>, <vkbottle.dispatch.rules.base.PayloadRule>)> returned False
11:40:40 - DEBUG - Handler <FromFuncHandler add_to_favourite blocking=True rules=(<vkbottle.dispatch.rules.base.PeerRule>, <vkbottle.dispatch.rules.base.StateRule>, <vkbottle.dispatch.rules.base.PayloadRule>)> returned False
11:40:40 - DEBUG - Handler <FromFuncHandler go_to_favourite blocking=True rules=(<vkbottle.dispatch.rules.base.PeerRule>, <vkbottle.dispatch.rules.base.StateRule>, <vkbottle.dispatch.rules.base.PayloadRule>)> returned {}
11:40:40 - INFO - BEGIN (implicit)
11:40:40 - INFO - SELECT favorites.id AS favorites_id, favorites.vk_user_id AS favorites_vk_user_id, favorites.profile_vk_id AS favorites_profile_vk_id 
FROM favorites 
WHERE favorites.vk_user_id = %(vk_user_id_1)s
11:40:40 - INFO - [generated in 0.00018s] {'vk_user_id_1': '311485261'}
11:40:40 - INFO - ROLLBACK
11:40:40 - DEBUG - https://api.vk.com:443 "POST /method/users.get HTTP/1.1" 200 161
11:40:40 - DEBUG - get user info response: [{'id': 864559765, 'bdate': '23.8.1979', 'sex': 2, 'first_name': 'Алексей', 'last_name': 'Беспрозванных', 'can_access_closed': True, 'is_closed': False}]
11:40:40 - DEBUG - get user info item: {'id': 864559765, 'bdate': '23.8.1979', 'sex': 2, 'first_name': 'Алексей', 'last_name': 'Беспрозванных', 'can_access_closed': True, 'is_closed': False}
11:40:41 - DEBUG - https://api.vk.com:443 "POST /method/photos.get HTTP/1.1" 200 656
11:40:41 - DEBUG - get profile photos response: {'count': 1, 'items': [{'album_id': -6, 'date': 1717153993, 'id': 457239018, 'owner_id': 864559765, 'can_comment': 1, 'post_id': 1, 'sizes': [{'height': 72, 'type': 's', 'width': 72, 'url': 'https://sun9-23.userapi.com/s/v1/ig2/vw3BcqX7yyHlDZpYdn8lHTBaOVjECgGelXyZlsyJzGak93NcCCRhISmITadrYLgG1KiK5khUS2JOsK5B4xlYSsIw.jpg?quality=96&as=32x32,48x48,72x72,108x108,160x160,240x240,360x360,480x480,540x540,640x640,720x720,1080x1080,1280x1280,1440x1440,2160x2160&from=bu&cs=72x0'}, {'height': 160, 'type': 'm', 'width': 160, 'url': 'https://sun9-23.userapi.com/s/v1/ig2/vw3BcqX7yyHlDZpYdn8lHTBaOVjECgGelXyZlsyJzGak93NcCCRhISmITadrYLgG1KiK5khUS2JOsK5B4xlYSsIw.jpg?quality=96&as=32x32,48x48,72x72,108x108,160x160,240x240,360x360,480x480,540x540,640x640,720x720,1080x1080,1280x1280,1440x1440,2160x2160&from=bu&cs=160x0'}, {'height': 640, 'type': 'x', 'width': 640, 'url': 'https://sun9-23.userapi.com/s/v1/ig2/vw3BcqX7yyHlDZpYdn8lHTBaOVjECgGelXyZlsyJzGak93NcCCRhISmITadrYLgG1KiK5khUS2JOsK5B4xlYSsIw.jpg?quality=96&as=32x32,48x48,72x72,108x108,160x160,240x240,360x360,480x480,540x540,640x640,720x720,1080x1080,1280x1280,1440x1440,2160x2160&from=bu&cs=640x0'}, {'height': 1080, 'type': 'y', 'width': 1080, 'url': 'https://sun9-23.userapi.com/s/v1/ig2/vw3BcqX7yyHlDZpYdn8lHTBaOVjECgGelXyZlsyJzGak93NcCCRhISmITadrYLgG1KiK5khUS2JOsK5B4xlYSsIw.jpg?quality=96&as=32x32,48x48,72x72,108x108,160x160,240x240,360x360,480x480,540x540,640x640,720x720,1080x1080,1280x1280,1440x1440,2160x2160&from=bu&cs=1080x0'}, {'height': 1280, 'type': 'z', 'width': 1280, 'url': 'https://sun9-23.userapi.com/s/v1/ig2/vw3BcqX7yyHlDZpYdn8lHTBaOVjECgGelXyZlsyJzGak93NcCCRhISmITadrYLgG1KiK5khUS2JOsK5B4xlYSsIw.jpg?quality=96&as=32x32,48x48,72x72,108x108,160x160,240x240,360x360,480x480,540x540,640x640,720x720,1080x1080,1280x1280,1440x1440,2160x2160&from=bu&cs=1280x0'}, {'height': 2160, 'type': 'w', 'width': 2160, 'url': 'https://sun9-23.userapi.com/s/v1/ig2/vw3BcqX7yyHlDZpYdn8lHTBaOVjECgGelXyZlsyJzGak93NcCCRhISmITadrYLgG1KiK5khUS2JOsK5B4xlYSsIw.jpg?quality=96&as=32x32,48x48,72x72,108x108,160x160,240x240,360x360,480x480,540x540,640x640,720x720,1080x1080,1280x1280,1440x1440,2160x2160&from=bu&cs=2160x0'}, {'height': 108, 'type': 'o', 'width': 108, 'url': 'https://sun9-23.userapi.com/s/v1/ig2/vw3BcqX7yyHlDZpYdn8lHTBaOVjECgGelXyZlsyJzGak93NcCCRhISmITadrYLgG1KiK5khUS2JOsK5B4xlYSsIw.jpg?quality=96&as=32x32,48x48,72x72,108x108,160x160,240x240,360x360,480x480,540x540,640x640,720x720,1080x1080,1280x1280,1440x1440,2160x2160&from=bu&cs=108x0'}, {'height': 240, 'type': 'p', 'width': 240, 'url': 'https://sun9-23.userapi.com/s/v1/ig2/vw3BcqX7yyHlDZpYdn8lHTBaOVjECgGelXyZlsyJzGak93NcCCRhISmITadrYLgG1KiK5khUS2JOsK5B4xlYSsIw.jpg?quality=96&as=32x32,48x48,72x72,108x108,160x160,240x240,360x360,480x480,540x540,640x640,720x720,1080x1080,1280x1280,1440x1440,2160x2160&from=bu&cs=240x0'}, {'height': 360, 'type': 'q', 'width': 360, 'url': 'https://sun9-23.userapi.com/s/v1/ig2/vw3BcqX7yyHlDZpYdn8lHTBaOVjECgGelXyZlsyJzGak93NcCCRhISmITadrYLgG1KiK5khUS2JOsK5B4xlYSsIw.jpg?quality=96&as=32x32,48x48,72x72,108x108,160x160,240x240,360x360,480x480,540x540,640x640,720x720,1080x1080,1280x1280,1440x1440,2160x2160&from=bu&cs=360x0'}, {'height': 540, 'type': 'r', 'width': 540, 'url': 'https://sun9-23.userapi.com/s/v1/ig2/vw3BcqX7yyHlDZpYdn8lHTBaOVjECgGelXyZlsyJzGak93NcCCRhISmITadrYLgG1KiK5khUS2JOsK5B4xlYSsIw.jpg?quality=96&as=32x32,48x48,72x72,108x108,160x160,240x240,360x360,480x480,540x540,640x640,720x720,1080x1080,1280x1280,1440x1440,2160x2160&from=bu&cs=540x0'}, {'height': 2160, 'type': 'base', 'width': 2160, 'url': 'https://sun9-23.userapi.com/s/v1/ig2/vw3BcqX7yyHlDZpYdn8lHTBaOVjECgGelXyZlsyJzGak93NcCCRhISmITadrYLgG1KiK5khUS2JOsK5B4xlYSsIw.jpg?quality=96&as=32x32,48x48,72x72,108x108,160x160,240x240,360x360,480x480,540x540,640x640,720x720,1080x1080,1280x1280,1440x1440,2160x2160&from=bu'}], 'square_crop': '216,216,1728', 'text': '', 'web_view_token': '81ca483ac52ac349c9', 'likes': {'count': 369, 'user_likes': 0}, 'comments': {'count': 116}, 'reposts': {'count': 0}, 'tags': {'count': 0}, 'orig_photo': {'height': 2160, 'type': 'base', 'url': 'https://sun9-23.userapi.com/s/v1/ig2/vw3BcqX7yyHlDZpYdn8lHTBaOVjECgGelXyZlsyJzGak93NcCCRhISmITadrYLgG1KiK5khUS2JOsK5B4xlYSsIw.jpg?quality=96&as=32x32,48x48,72x72,108x108,160x160,240x240,360x360,480x480,540x540,640x640,720x720,1080x1080,1280x1280,1440x1440,2160x2160&from=bu', 'width': 2160}}], 'next_from': ''}
11:40:41 - DEBUG - profile photos: [{'album_id': -6, 'date': 1717153993, 'id': 457239018, 'owner_id': 864559765, 'can_comment': 1, 'post_id': 1, 'sizes': [{'height': 72, 'type': 's', 'width': 72, 'url': 'https://sun9-23.userapi.com/s/v1/ig2/vw3BcqX7yyHlDZpYdn8lHTBaOVjECgGelXyZlsyJzGak93NcCCRhISmITadrYLgG1KiK5khUS2JOsK5B4xlYSsIw.jpg?quality=96&as=32x32,48x48,72x72,108x108,160x160,240x240,360x360,480x480,540x540,640x640,720x720,1080x1080,1280x1280,1440x1440,2160x2160&from=bu&cs=72x0'}, {'height': 160, 'type': 'm', 'width': 160, 'url': 'https://sun9-23.userapi.com/s/v1/ig2/vw3BcqX7yyHlDZpYdn8lHTBaOVjECgGelXyZlsyJzGak93NcCCRhISmITadrYLgG1KiK5khUS2JOsK5B4xlYSsIw.jpg?quality=96&as=32x32,48x48,72x72,108x108,160x160,240x240,360x360,480x480,540x540,640x640,720x720,1080x1080,1280x1280,1440x1440,2160x2160&from=bu&cs=160x0'}, {'height': 640, 'type': 'x', 'width': 640, 'url': 'https://sun9-23.userapi.com/s/v1/ig2/vw3BcqX7yyHlDZpYdn8lHTBaOVjECgGelXyZlsyJzGak93NcCCRhISmITadrYLgG1KiK5khUS2JOsK5B4xlYSsIw.jpg?quality=96&as=32x32,48x48,72x72,108x108,160x160,240x240,360x360,480x480,540x540,640x640,720x720,1080x1080,1280x1280,1440x1440,2160x2160&from=bu&cs=640x0'}, {'height': 1080, 'type': 'y', 'width': 1080, 'url': 'https://sun9-23.userapi.com/s/v1/ig2/vw3BcqX7yyHlDZpYdn8lHTBaOVjECgGelXyZlsyJzGak93NcCCRhISmITadrYLgG1KiK5khUS2JOsK5B4xlYSsIw.jpg?quality=96&as=32x32,48x48,72x72,108x108,160x160,240x240,360x360,480x480,540x540,640x640,720x720,1080x1080,1280x1280,1440x1440,2160x2160&from=bu&cs=1080x0'}, {'height': 1280, 'type': 'z', 'width': 1280, 'url': 'https://sun9-23.userapi.com/s/v1/ig2/vw3BcqX7yyHlDZpYdn8lHTBaOVjECgGelXyZlsyJzGak93NcCCRhISmITadrYLgG1KiK5khUS2JOsK5B4xlYSsIw.jpg?quality=96&as=32x32,48x48,72x72,108x108,160x160,240x240,360x360,480x480,540x540,640x640,720x720,1080x1080,1280x1280,1440x1440,2160x2160&from=bu&cs=1280x0'}, {'height': 2160, 'type': 'w', 'width': 2160, 'url': 'https://sun9-23.userapi.com/s/v1/ig2/vw3BcqX7yyHlDZpYdn8lHTBaOVjECgGelXyZlsyJzGak93NcCCRhISmITadrYLgG1KiK5khUS2JOsK5B4xlYSsIw.jpg?quality=96&as=32x32,48x48,72x72,108x108,160x160,240x240,360x360,480x480,540x540,640x640,720x720,1080x1080,1280x1280,1440x1440,2160x2160&from=bu&cs=2160x0'}, {'height': 108, 'type': 'o', 'width': 108, 'url': 'https://sun9-23.userapi.com/s/v1/ig2/vw3BcqX7yyHlDZpYdn8lHTBaOVjECgGelXyZlsyJzGak93NcCCRhISmITadrYLgG1KiK5khUS2JOsK5B4xlYSsIw.jpg?quality=96&as=32x32,48x48,72x72,108x108,160x160,240x240,360x360,480x480,540x540,640x640,720x720,1080x1080,1280x1280,1440x1440,2160x2160&from=bu&cs=108x0'}, {'height': 240, 'type': 'p', 'width': 240, 'url': 'https://sun9-23.userapi.com/s/v1/ig2/vw3BcqX7yyHlDZpYdn8lHTBaOVjECgGelXyZlsyJzGak93NcCCRhISmITadrYLgG1KiK5khUS2JOsK5B4xlYSsIw.jpg?quality=96&as=32x32,48x48,72x72,108x108,160x160,240x240,360x360,480x480,540x540,640x640,720x720,1080x1080,1280x1280,1440x1440,2160x2160&from=bu&cs=240x0'}, {'height': 360, 'type': 'q', 'width': 360, 'url': 'https://sun9-23.userapi.com/s/v1/ig2/vw3BcqX7yyHlDZpYdn8lHTBaOVjECgGelXyZlsyJzGak93NcCCRhISmITadrYLgG1KiK5khUS2JOsK5B4xlYSsIw.jpg?quality=96&as=32x32,48x48,72x72,108x108,160x160,240x240,360x360,480x480,540x540,640x640,720x720,1080x1080,1280x1280,1440x1440,2160x2160&from=bu&cs=360x0'}, {'height': 540, 'type': 'r', 'width': 540, 'url': 'https://sun9-23.userapi.com/s/v1/ig2/vw3BcqX7yyHlDZpYdn8lHTBaOVjECgGelXyZlsyJzGak93NcCCRhISmITadrYLgG1KiK5khUS2JOsK5B4xlYSsIw.jpg?quality=96&as=32x32,48x48,72x72,108x108,160x160,240x240,360x360,480x480,540x540,640x640,720x720,1080x1080,1280x1280,1440x1440,2160x2160&from=bu&cs=540x0'}, {'height': 2160, 'type': 'base', 'width': 2160, 'url': 'https://sun9-23.userapi.com/s/v1/ig2/vw3BcqX7yyHlDZpYdn8lHTBaOVjECgGelXyZlsyJzGak93NcCCRhISmITadrYLgG1KiK5khUS2JOsK5B4xlYSsIw.jpg?quality=96&as=32x32,48x48,72x72,108x108,160x160,240x240,360x360,480x480,540x540,640x640,720x720,1080x1080,1280x1280,1440x1440,2160x2160&from=bu'}], 'square_crop': '216,216,1728', 'text': '', 'web_view_token': '81ca483ac52ac349c9', 'likes': {'count': 369, 'user_likes': 0}, 'comments': {'count': 116}, 'reposts': {'count': 0}, 'tags': {'count': 0}, 'orig_photo': {'height': 2160, 'type': 'base', 'url': 'https://sun9-23.userapi.com/s/v1/ig2/vw3BcqX7yyHlDZpYdn8lHTBaOVjECgGelXyZlsyJzGak93NcCCRhISmITadrYLgG1KiK5khUS2JOsK5B4xlYSsIw.jpg?quality=96&as=32x32,48x48,72x72,108x108,160x160,240x240,360x360,480x480,540x540,640x640,720x720,1080x1080,1280x1280,1440x1440,2160x2160&from=bu', 'width': 2160}}]
11:40:41 - DEBUG - all profile photos result: [{'album_id': -6, 'date': 1717153993, 'id': 457239018, 'owner_id': 864559765, 'can_comment': 1, 'post_id': 1, 'sizes': [{'height': 72, 'type': 's', 'width': 72, 'url': 'https://sun9-23.userapi.com/s/v1/ig2/vw3BcqX7yyHlDZpYdn8lHTBaOVjECgGelXyZlsyJzGak93NcCCRhISmITadrYLgG1KiK5khUS2JOsK5B4xlYSsIw.jpg?quality=96&as=32x32,48x48,72x72,108x108,160x160,240x240,360x360,480x480,540x540,640x640,720x720,1080x1080,1280x1280,1440x1440,2160x2160&from=bu&cs=72x0'}, {'height': 160, 'type': 'm', 'width': 160, 'url': 'https://sun9-23.userapi.com/s/v1/ig2/vw3BcqX7yyHlDZpYdn8lHTBaOVjECgGelXyZlsyJzGak93NcCCRhISmITadrYLgG1KiK5khUS2JOsK5B4xlYSsIw.jpg?quality=96&as=32x32,48x48,72x72,108x108,160x160,240x240,360x360,480x480,540x540,640x640,720x720,1080x1080,1280x1280,1440x1440,2160x2160&from=bu&cs=160x0'}, {'height': 640, 'type': 'x', 'width': 640, 'url': 'https://sun9-23.userapi.com/s/v1/ig2/vw3BcqX7yyHlDZpYdn8lHTBaOVjECgGelXyZlsyJzGak93NcCCRhISmITadrYLgG1KiK5khUS2JOsK5B4xlYSsIw.jpg?quality=96&as=32x32,48x48,72x72,108x108,160x160,240x240,360x360,480x480,540x540,640x640,720x720,1080x1080,1280x1280,1440x1440,2160x2160&from=bu&cs=640x0'}, {'height': 1080, 'type': 'y', 'width': 1080, 'url': 'https://sun9-23.userapi.com/s/v1/ig2/vw3BcqX7yyHlDZpYdn8lHTBaOVjECgGelXyZlsyJzGak93NcCCRhISmITadrYLgG1KiK5khUS2JOsK5B4xlYSsIw.jpg?quality=96&as=32x32,48x48,72x72,108x108,160x160,240x240,360x360,480x480,540x540,640x640,720x720,1080x1080,1280x1280,1440x1440,2160x2160&from=bu&cs=1080x0'}, {'height': 1280, 'type': 'z', 'width': 1280, 'url': 'https://sun9-23.userapi.com/s/v1/ig2/vw3BcqX7yyHlDZpYdn8lHTBaOVjECgGelXyZlsyJzGak93NcCCRhISmITadrYLgG1KiK5khUS2JOsK5B4xlYSsIw.jpg?quality=96&as=32x32,48x48,72x72,108x108,160x160,240x240,360x360,480x480,540x540,640x640,720x720,1080x1080,1280x1280,1440x1440,2160x2160&from=bu&cs=1280x0'}, {'height': 2160, 'type': 'w', 'width': 2160, 'url': 'https://sun9-23.userapi.com/s/v1/ig2/vw3BcqX7yyHlDZpYdn8lHTBaOVjECgGelXyZlsyJzGak93NcCCRhISmITadrYLgG1KiK5khUS2JOsK5B4xlYSsIw.jpg?quality=96&as=32x32,48x48,72x72,108x108,160x160,240x240,360x360,480x480,540x540,640x640,720x720,1080x1080,1280x1280,1440x1440,2160x2160&from=bu&cs=2160x0'}, {'height': 108, 'type': 'o', 'width': 108, 'url': 'https://sun9-23.userapi.com/s/v1/ig2/vw3BcqX7yyHlDZpYdn8lHTBaOVjECgGelXyZlsyJzGak93NcCCRhISmITadrYLgG1KiK5khUS2JOsK5B4xlYSsIw.jpg?quality=96&as=32x32,48x48,72x72,108x108,160x160,240x240,360x360,480x480,540x540,640x640,720x720,1080x1080,1280x1280,1440x1440,2160x2160&from=bu&cs=108x0'}, {'height': 240, 'type': 'p', 'width': 240, 'url': 'https://sun9-23.userapi.com/s/v1/ig2/vw3BcqX7yyHlDZpYdn8lHTBaOVjECgGelXyZlsyJzGak93NcCCRhISmITadrYLgG1KiK5khUS2JOsK5B4xlYSsIw.jpg?quality=96&as=32x32,48x48,72x72,108x108,160x160,240x240,360x360,480x480,540x540,640x640,720x720,1080x1080,1280x1280,1440x1440,2160x2160&from=bu&cs=240x0'}, {'height': 360, 'type': 'q', 'width': 360, 'url': 'https://sun9-23.userapi.com/s/v1/ig2/vw3BcqX7yyHlDZpYdn8lHTBaOVjECgGelXyZlsyJzGak93NcCCRhISmITadrYLgG1KiK5khUS2JOsK5B4xlYSsIw.jpg?quality=96&as=32x32,48x48,72x72,108x108,160x160,240x240,360x360,480x480,540x540,640x640,720x720,1080x1080,1280x1280,1440x1440,2160x2160&from=bu&cs=360x0'}, {'height': 540, 'type': 'r', 'width': 540, 'url': 'https://sun9-23.userapi.com/s/v1/ig2/vw3BcqX7yyHlDZpYdn8lHTBaOVjECgGelXyZlsyJzGak93NcCCRhISmITadrYLgG1KiK5khUS2JOsK5B4xlYSsIw.jpg?quality=96&as=32x32,48x48,72x72,108x108,160x160,240x240,360x360,480x480,540x540,640x640,720x720,1080x1080,1280x1280,1440x1440,2160x2160&from=bu&cs=540x0'}, {'height': 2160, 'type': 'base', 'width': 2160, 'url': 'https://sun9-23.userapi.com/s/v1/ig2/vw3BcqX7yyHlDZpYdn8lHTBaOVjECgGelXyZlsyJzGak93NcCCRhISmITadrYLgG1KiK5khUS2JOsK5B4xlYSsIw.jpg?quality=96&as=32x32,48x48,72x72,108x108,160x160,240x240,360x360,480x480,540x540,640x640,720x720,1080x1080,1280x1280,1440x1440,2160x2160&from=bu'}], 'square_crop': '216,216,1728', 'text': '', 'web_view_token': '81ca483ac52ac349c9', 'likes': {'count': 369, 'user_likes': 0}, 'comments': {'count': 116}, 'reposts': {'count': 0}, 'tags': {'count': 0}, 'orig_photo': {'height': 2160, 'type': 'base', 'url': 'https://sun9-23.userapi.com/s/v1/ig2/vw3BcqX7yyHlDZpYdn8lHTBaOVjECgGelXyZlsyJzGak93NcCCRhISmITadrYLgG1KiK5khUS2JOsK5B4xlYSsIw.jpg?quality=96&as=32x32,48x48,72x72,108x108,160x160,240x240,360x360,480x480,540x540,640x640,720x720,1080x1080,1280x1280,1440x1440,2160x2160&from=bu', 'width': 2160}}]
11:40:41 - DEBUG - result get top3 photo: ['photo864559765_457239018']
11:40:41 - DEBUG - result extract user data: {'user_id': 864559765, 'first_name': 'Алексей', 'last_name': 'Беспрозванных', 'sex': 2, 'sex_as_text': 'Мужской', 'profile_URL': 'https://vk.com/id864559765', 'age': 46, 'city_id': None, 'city': None, 'photo_URL': ['photo864559765_457239018']}
11:40:41 - DEBUG - API request was validated
11:40:41 - DEBUG - Request messages.send with {'random_id': 0, 'peer_ids': '311485261', 'message': 'Алексей Беспрозванных, 46 лет', 'attachment': 'photo864559765_457239018', 'keyboard': <vkbottle.tools.keyboard.keyboard.Keyboard object at 0x000000002A03EB10>} data returned {"response":[{"peer_id":311485261,"message_id":580,"conversation_message_id":579}]}
11:40:41 - DEBUG - API response was validated
11:40:41 - DEBUG - API request was validated
11:40:41 - DEBUG - Request messages.send with {'random_id': 0, 'peer_ids': '311485261', 'message': 'Это последний элемент списка!', 'keyboard': <vkbottle.tools.keyboard.keyboard.Keyboard object at 0x0000000029FFBBF0>} data returned {"response":[{"peer_id":311485261,"message_id":581,"conversation_message_id":580}]}
11:40:41 - DEBUG - API response was validated
11:40:43 - DEBUG - New event was received: {'ts': '113', 'updates': [{'group_id': 238429916, 'type': 'message_new', 'event_id': '10e75bffe7a311eaeae318805a71a148d3faeb1e', 'v': '5.199', 'object': {'client_info': {'button_actions': ['text', 'vkpay', 'open_app', 'location', 'open_link', 'open_photo', 'callback', 'intent_subscribe', 'intent_unsubscribe'], 'keyboard': True, 'inline_keyboard': True, 'carousel': True, 'lang_id': 0}, 'message': {'date': 1778575244, 'from_id': 311485261, 'id': 582, 'version': 10001895, 'out': 0, 'fwd_messages': [], 'important': False, 'is_hidden': False, 'attachments': [], 'conversation_message_id': 581, 'payload': '{"cmd":"to_main_menu"}', 'text': 'В главное меню', 'peer_id': 311485261, 'random_id': 0}}}]}
11:40:43 - DEBUG - Making long request to get event with longpoll...
11:40:43 - DEBUG - Routing update {'group_id': 238429916, 'type': 'message_new', 'event_id': '10e75bffe7a311eaeae318805a71a148d3faeb1e', 'v': '5.199', 'object': {'client_info': {'button_actions': ['text', 'vkpay', 'open_app', 'location', 'open_link', 'open_photo', 'callback', 'intent_subscribe', 'intent_unsubscribe'], 'keyboard': True, 'inline_keyboard': True, 'carousel': True, 'lang_id': 0}, 'message': {'date': 1778575244, 'from_id': 311485261, 'id': 582, 'version': 10001895, 'out': 0, 'fwd_messages': [], 'important': False, 'is_hidden': False, 'attachments': [], 'conversation_message_id': 581, 'payload': '{"cmd":"to_main_menu"}', 'text': 'В главное меню', 'peer_id': 311485261, 'random_id': 0}}}
11:40:43 - DEBUG - Handling event (message_new) with message view
11:40:43 - DEBUG - Casting state for peer_id 311485261
11:40:43 - DEBUG - Handler <FromFuncHandler greet_handler blocking=True rules=(<vkbottle.dispatch.rules.base.PeerRule>, <vkbottle.dispatch.rules.base.StateRule>)> returned False
11:40:43 - DEBUG - Handler <FromFuncHandler start_dating blocking=True rules=(<vkbottle.dispatch.rules.base.PeerRule>, <vkbottle.dispatch.rules.base.StateRule>, <vkbottle.dispatch.rules.base.PayloadRule>)> returned False
11:40:43 - DEBUG - Handler <FromFuncHandler next_dating blocking=True rules=(<vkbottle.dispatch.rules.base.PeerRule>, <vkbottle.dispatch.rules.base.StateRule>, <vkbottle.dispatch.rules.base.PayloadRule>)> returned False
11:40:43 - DEBUG - Handler <FromFuncHandler add_to_favourite blocking=True rules=(<vkbottle.dispatch.rules.base.PeerRule>, <vkbottle.dispatch.rules.base.StateRule>, <vkbottle.dispatch.rules.base.PayloadRule>)> returned False
11:40:43 - DEBUG - Handler <FromFuncHandler go_to_favourite blocking=True rules=(<vkbottle.dispatch.rules.base.PeerRule>, <vkbottle.dispatch.rules.base.StateRule>, <vkbottle.dispatch.rules.base.PayloadRule>)> returned False
11:40:43 - DEBUG - Handler <FromFuncHandler next_favourite blocking=True rules=(<vkbottle.dispatch.rules.base.PeerRule>, <vkbottle.dispatch.rules.base.StateRule>, <vkbottle.dispatch.rules.base.PayloadRule>)> returned False
11:40:43 - DEBUG - Handler <FromFuncHandler go_to_main_menu blocking=True rules=(<vkbottle.dispatch.rules.base.PeerRule>, <vkbottle.dispatch.rules.base.PayloadRule>)> returned {}
11:40:43 - DEBUG - API request was validated
11:40:43 - DEBUG - Request messages.send with {'random_id': 0, 'peer_ids': '311485261', 'message': 'Чем хочешь заняться?', 'keyboard': <vkbottle.tools.keyboard.keyboard.Keyboard object at 0x000000002A06D450>} data returned {"response":[{"peer_id":311485261,"message_id":583,"conversation_message_id":582}]}
11:40:43 - DEBUG - API response was validated
11:41:05 - DEBUG - New event was received: {'ts': '113', 'updates': []}
11:41:05 - DEBUG - Making long request to get event with longpoll...
11:41:09 - INFO - Caught keyboard interrupt. Shutting down...
11:41:09 - ERROR - Task was destroyed but it is pending!
task: <Task pending name='Task-26' coro=<_wait_for_close() running at C:\Users\Марина\AppData\Local\Programs\Python\Python314\Lib\site-packages\aiohttp\connector.py:136>>
14:16:42 - INFO - select pg_catalog.version()
14:16:42 - INFO - [raw sql] {}
14:16:42 - INFO - select current_schema()
14:16:42 - INFO - [raw sql] {}
14:16:42 - INFO - show standard_conforming_strings
14:16:42 - INFO - [raw sql] {}
14:16:42 - INFO - BEGIN (implicit)
14:16:42 - INFO - SELECT pg_catalog.pg_class.relname 
FROM pg_catalog.pg_class JOIN pg_catalog.pg_namespace ON pg_catalog.pg_namespace.oid = pg_catalog.pg_class.relnamespace 
WHERE pg_catalog.pg_class.relname = %(table_name)s AND pg_catalog.pg_class.relkind = ANY (ARRAY[%(param_1)s, %(param_2)s, %(param_3)s, %(param_4)s, %(param_5)s]) AND pg_catalog.pg_table_is_visible(pg_catalog.pg_class.oid) AND pg_catalog.pg_namespace.nspname != %(nspname_1)s
14:16:42 - INFO - [generated in 0.00014s] {'table_name': 'users', 'param_1': 'r', 'param_2': 'p', 'param_3': 'f', 'param_4': 'v', 'param_5': 'm', 'nspname_1': 'pg_catalog'}
14:16:42 - INFO - SELECT pg_catalog.pg_class.relname 
FROM pg_catalog.pg_class JOIN pg_catalog.pg_namespace ON pg_catalog.pg_namespace.oid = pg_catalog.pg_class.relnamespace 
WHERE pg_catalog.pg_class.relname = %(table_name)s AND pg_catalog.pg_class.relkind = ANY (ARRAY[%(param_1)s, %(param_2)s, %(param_3)s, %(param_4)s, %(param_5)s]) AND pg_catalog.pg_table_is_visible(pg_catalog.pg_class.oid) AND pg_catalog.pg_namespace.nspname != %(nspname_1)s
14:16:42 - INFO - [cached since 0.001594s ago] {'table_name': 'favorites', 'param_1': 'r', 'param_2': 'p', 'param_3': 'f', 'param_4': 'v', 'param_5': 'm', 'nspname_1': 'pg_catalog'}
14:16:42 - INFO - SELECT pg_catalog.pg_class.relname 
FROM pg_catalog.pg_class JOIN pg_catalog.pg_namespace ON pg_catalog.pg_namespace.oid = pg_catalog.pg_class.relnamespace 
WHERE pg_catalog.pg_class.relname = %(table_name)s AND pg_catalog.pg_class.relkind = ANY (ARRAY[%(param_1)s, %(param_2)s, %(param_3)s, %(param_4)s, %(param_5)s]) AND pg_catalog.pg_table_is_visible(pg_catalog.pg_class.oid) AND pg_catalog.pg_namespace.nspname != %(nspname_1)s
14:16:42 - INFO - [cached since 0.002083s ago] {'table_name': 'viewed', 'param_1': 'r', 'param_2': 'p', 'param_3': 'f', 'param_4': 'v', 'param_5': 'm', 'nspname_1': 'pg_catalog'}
14:16:42 - INFO - 
DROP TABLE viewed
14:16:42 - INFO - [no key 0.00009s] {}
14:16:42 - INFO - 
DROP TABLE favorites
14:16:42 - INFO - [no key 0.00009s] {}
14:16:42 - INFO - 
DROP TABLE users
14:16:42 - INFO - [no key 0.00008s] {}
14:16:42 - INFO - COMMIT
14:16:42 - INFO - BEGIN (implicit)
14:16:42 - INFO - SELECT pg_catalog.pg_class.relname 
FROM pg_catalog.pg_class JOIN pg_catalog.pg_namespace ON pg_catalog.pg_namespace.oid = pg_catalog.pg_class.relnamespace 
WHERE pg_catalog.pg_class.relname = %(table_name)s AND pg_catalog.pg_class.relkind = ANY (ARRAY[%(param_1)s, %(param_2)s, %(param_3)s, %(param_4)s, %(param_5)s]) AND pg_catalog.pg_table_is_visible(pg_catalog.pg_class.oid) AND pg_catalog.pg_namespace.nspname != %(nspname_1)s
14:16:42 - INFO - [cached since 0.01258s ago] {'table_name': 'users', 'param_1': 'r', 'param_2': 'p', 'param_3': 'f', 'param_4': 'v', 'param_5': 'm', 'nspname_1': 'pg_catalog'}
14:16:42 - INFO - SELECT pg_catalog.pg_class.relname 
FROM pg_catalog.pg_class JOIN pg_catalog.pg_namespace ON pg_catalog.pg_namespace.oid = pg_catalog.pg_class.relnamespace 
WHERE pg_catalog.pg_class.relname = %(table_name)s AND pg_catalog.pg_class.relkind = ANY (ARRAY[%(param_1)s, %(param_2)s, %(param_3)s, %(param_4)s, %(param_5)s]) AND pg_catalog.pg_table_is_visible(pg_catalog.pg_class.oid) AND pg_catalog.pg_namespace.nspname != %(nspname_1)s
14:16:42 - INFO - [cached since 0.01326s ago] {'table_name': 'favorites', 'param_1': 'r', 'param_2': 'p', 'param_3': 'f', 'param_4': 'v', 'param_5': 'm', 'nspname_1': 'pg_catalog'}
14:16:42 - INFO - SELECT pg_catalog.pg_class.relname 
FROM pg_catalog.pg_class JOIN pg_catalog.pg_namespace ON pg_catalog.pg_namespace.oid = pg_catalog.pg_class.relnamespace 
WHERE pg_catalog.pg_class.relname = %(table_name)s AND pg_catalog.pg_class.relkind = ANY (ARRAY[%(param_1)s, %(param_2)s, %(param_3)s, %(param_4)s, %(param_5)s]) AND pg_catalog.pg_table_is_visible(pg_catalog.pg_class.oid) AND pg_catalog.pg_namespace.nspname != %(nspname_1)s
14:16:42 - INFO - [cached since 0.01377s ago] {'table_name': 'viewed', 'param_1': 'r', 'param_2': 'p', 'param_3': 'f', 'param_4': 'v', 'param_5': 'm', 'nspname_1': 'pg_catalog'}
14:16:42 - INFO - 
CREATE TABLE users (
	user_id VARCHAR(30) NOT NULL, 
	first_name VARCHAR(255) NOT NULL, 
	last_name VARCHAR(255) NOT NULL, 
	age INTEGER, 
	sex INTEGER NOT NULL, 
	city_id INTEGER, 
	photos VARCHAR, 
	id SERIAL NOT NULL, 
	PRIMARY KEY (id), 
	UNIQUE (user_id)
)


14:16:42 - INFO - [no key 0.00008s] {}
14:16:42 - INFO - 
CREATE TABLE favorites (
	id SERIAL NOT NULL, 
	vk_user_id VARCHAR(30) NOT NULL, 
	profile_vk_id VARCHAR(30) NOT NULL, 
	PRIMARY KEY (id), 
	UNIQUE (vk_user_id, profile_vk_id), 
	FOREIGN KEY(vk_user_id) REFERENCES users (user_id)
)


14:16:42 - INFO - [no key 0.00009s] {}
14:16:42 - INFO - 
CREATE TABLE viewed (
	id SERIAL NOT NULL, 
	vk_user_id VARCHAR(30) NOT NULL, 
	profile_vk_id VARCHAR(30) NOT NULL, 
	PRIMARY KEY (id), 
	UNIQUE (vk_user_id, profile_vk_id), 
	FOREIGN KEY(vk_user_id) REFERENCES users (user_id)
)


14:16:42 - INFO - [no key 0.00010s] {}
14:16:42 - INFO - COMMIT
14:16:42 - INFO - Loop will be run forever
14:16:42 - DEBUG - Using proactor: IocpProactor
14:16:42 - INFO - Starting BotPolling for <API token_generator=<<class 'vkbottle.api.token_generator.single.SingleTokenGenerator'>>...>
14:16:42 - DEBUG - Getting polling server...
14:16:42 - DEBUG - API request was validated
14:16:42 - DEBUG - Request groups.getById with {} data returned {"response":{"groups":[{"id":238429916,"name":"МаринаPython","screen_name":"club238429916","is_closed":0,"type":"group","photo_50":"https:\/\/sun1-93.vkuserphoto.ru\/impg\/9FmuZgmL8ElIl3ap2VNqqvCJuR3XBTRcL5RstQ\/IkJdt6c43WI.jpg?quality=96&as=32x32,48x48,72x72,108x108,160x160,240x240,360x360&sign=80af15cf714eb8b0c9b0fb180d3fb037&u=2YEVTlkKBuNPY0mjMeXr7QUGKVqyKPrs2k12FX4q3nE&cs=50x50","photo_100":"https:\/\/sun1-93.vkuserphoto.ru\/impg\/9FmuZgmL8ElIl3ap2VNqqvCJuR3XBTRcL5RstQ\/IkJdt6c43WI.jpg?quality=96&as=32x32,48x48,72x72,108x108,160x160,240x240,360x360&sign=80af15cf714eb8b0c9b0fb180d3fb037&u=2YEVTlkKBuNPY0mjMeXr7QUGKVqyKPrs2k12FX4q3nE&cs=100x100","photo_200":"https:\/\/sun1-93.vkuserphoto.ru\/impg\/9FmuZgmL8ElIl3ap2VNqqvCJuR3XBTRcL5RstQ\/IkJdt6c43WI.jpg?quality=96&as=32x32,48x48,72x72,108x108,160x160,240x240,360x360&sign=80af15cf714eb8b0c9b0fb180d3fb037&u=2YEVTlkKBuNPY0mjMeXr7QUGKVqyKPrs2k12FX4q3nE&cs=200x200"}],"profiles":[]}}
14:16:42 - DEBUG - API response was validated
14:16:42 - DEBUG - API request was validated
14:16:43 - DEBUG - Request groups.getLongPollServer with {'group_id': 238429916} data returned {"response":{"key":"eyJhbGciOiJFZERTQSIsInR5cCI6IkpXVCJ9.eyJxdWV1ZV9pZCI6IjIzODQyOTkxNiIsInVudGlsIjoxNzc4NTg4MjA0MTgxMTA5NTcwfQ.9YNRt1ialXZaQ7LIW4kmoINmFZj65kDWI6ljO2rdEJ-5-IVP5V8kZOVgCPRcfscUyKCMAOJQvLixMEIgJA39AA","server":"https:\/\/lp.vk.ru\/whp\/238429916","ts":"113"}}
14:16:43 - DEBUG - API response was validated
14:16:43 - DEBUG - Starting listening to BotPolling longpoll
14:16:43 - DEBUG - Making long request to get event with longpoll...
14:17:05 - DEBUG - New event was received: {'ts': '113', 'updates': []}
14:17:05 - DEBUG - Making long request to get event with longpoll...
14:17:11 - DEBUG - New event was received: {'ts': '114', 'updates': [{'group_id': 238429916, 'type': 'message_new', 'event_id': 'a281b5a84a6fa50b3c58e3b9a89e825e61762d4a', 'v': '5.199', 'object': {'client_info': {'button_actions': ['text', 'vkpay', 'open_app', 'location', 'open_link', 'open_photo', 'callback', 'intent_subscribe', 'intent_unsubscribe'], 'keyboard': True, 'inline_keyboard': True, 'carousel': True, 'lang_id': 0}, 'message': {'date': 1778584632, 'from_id': 311485261, 'id': 584, 'version': 10001903, 'out': 0, 'fwd_messages': [], 'important': False, 'is_hidden': False, 'attachments': [], 'conversation_message_id': 583, 'text': 'fgtfgh', 'peer_id': 311485261, 'random_id': 0}}}]}
14:17:11 - DEBUG - Making long request to get event with longpoll...
14:17:11 - DEBUG - Routing update {'group_id': 238429916, 'type': 'message_new', 'event_id': 'a281b5a84a6fa50b3c58e3b9a89e825e61762d4a', 'v': '5.199', 'object': {'client_info': {'button_actions': ['text', 'vkpay', 'open_app', 'location', 'open_link', 'open_photo', 'callback', 'intent_subscribe', 'intent_unsubscribe'], 'keyboard': True, 'inline_keyboard': True, 'carousel': True, 'lang_id': 0}, 'message': {'date': 1778584632, 'from_id': 311485261, 'id': 584, 'version': 10001903, 'out': 0, 'fwd_messages': [], 'important': False, 'is_hidden': False, 'attachments': [], 'conversation_message_id': 583, 'text': 'fgtfgh', 'peer_id': 311485261, 'random_id': 0}}}
14:17:11 - DEBUG - Handling event (message_new) with message view
14:17:11 - DEBUG - Casting state for peer_id 311485261
14:17:11 - DEBUG - Handler <FromFuncHandler greet_handler blocking=True rules=(<vkbottle.dispatch.rules.base.PeerRule>, <vkbottle.dispatch.rules.base.StateRule>)> returned {}
14:17:11 - DEBUG - Starting new HTTPS connection (1): api.vk.com:443
14:17:11 - DEBUG - https://api.vk.com:443 "POST /method/users.get HTTP/1.1" 200 144
14:17:11 - DEBUG - get user info response: [{'id': 311485261, 'bdate': '13.6.1977', 'sex': 1, 'first_name': 'Марина', 'last_name': 'Новикова', 'can_access_closed': True, 'is_closed': False}]
14:17:11 - DEBUG - get user info item: {'id': 311485261, 'bdate': '13.6.1977', 'sex': 1, 'first_name': 'Марина', 'last_name': 'Новикова', 'can_access_closed': True, 'is_closed': False}
14:17:12 - DEBUG - https://api.vk.com:443 "POST /method/photos.get HTTP/1.1" 200 665
14:17:12 - DEBUG - get profile photos response: {'count': 1, 'items': [{'album_id': -6, 'date': 1467430007, 'id': 421872733, 'owner_id': 311485261, 'lat': 43.308011, 'long': 40.251434, 'can_comment': 1, 'post_id': 50, 'sizes': [{'height': 54, 'type': 's', 'width': 72, 'url': 'https://sun9-26.userapi.com/s/v1/ig1/Lev_64eVF9d6b85NkBij9CyQkGknoTOFsS94NywRYEK-x40Ij6YhH6558YKLe_fa102vknGr.jpg?quality=96&as=32x24,48x36,72x54,108x81,160x120,240x180,360x270,480x360,540x405,640x480,720x540,1080x810,1280x960,1440x1080,2560x1920&from=bu&cs=72x0'}, {'height': 120, 'type': 'm', 'width': 160, 'url': 'https://sun9-26.userapi.com/s/v1/ig1/Lev_64eVF9d6b85NkBij9CyQkGknoTOFsS94NywRYEK-x40Ij6YhH6558YKLe_fa102vknGr.jpg?quality=96&as=32x24,48x36,72x54,108x81,160x120,240x180,360x270,480x360,540x405,640x480,720x540,1080x810,1280x960,1440x1080,2560x1920&from=bu&cs=160x0'}, {'height': 480, 'type': 'x', 'width': 640, 'url': 'https://sun9-26.userapi.com/s/v1/ig1/Lev_64eVF9d6b85NkBij9CyQkGknoTOFsS94NywRYEK-x40Ij6YhH6558YKLe_fa102vknGr.jpg?quality=96&as=32x24,48x36,72x54,108x81,160x120,240x180,360x270,480x360,540x405,640x480,720x540,1080x810,1280x960,1440x1080,2560x1920&from=bu&cs=640x0'}, {'height': 810, 'type': 'y', 'width': 1080, 'url': 'https://sun9-26.userapi.com/s/v1/ig1/Lev_64eVF9d6b85NkBij9CyQkGknoTOFsS94NywRYEK-x40Ij6YhH6558YKLe_fa102vknGr.jpg?quality=96&as=32x24,48x36,72x54,108x81,160x120,240x180,360x270,480x360,540x405,640x480,720x540,1080x810,1280x960,1440x1080,2560x1920&from=bu&cs=1080x0'}, {'height': 960, 'type': 'z', 'width': 1280, 'url': 'https://sun9-26.userapi.com/s/v1/ig1/Lev_64eVF9d6b85NkBij9CyQkGknoTOFsS94NywRYEK-x40Ij6YhH6558YKLe_fa102vknGr.jpg?quality=96&as=32x24,48x36,72x54,108x81,160x120,240x180,360x270,480x360,540x405,640x480,720x540,1080x810,1280x960,1440x1080,2560x1920&from=bu&cs=1280x0'}, {'height': 1920, 'type': 'w', 'width': 2560, 'url': 'https://sun9-26.userapi.com/s/v1/ig1/Lev_64eVF9d6b85NkBij9CyQkGknoTOFsS94NywRYEK-x40Ij6YhH6558YKLe_fa102vknGr.jpg?quality=96&as=32x24,48x36,72x54,108x81,160x120,240x180,360x270,480x360,540x405,640x480,720x540,1080x810,1280x960,1440x1080,2560x1920&from=bu&cs=2560x0'}, {'height': 81, 'type': 'o', 'width': 108, 'url': 'https://sun9-26.userapi.com/s/v1/ig1/Lev_64eVF9d6b85NkBij9CyQkGknoTOFsS94NywRYEK-x40Ij6YhH6558YKLe_fa102vknGr.jpg?quality=96&as=32x24,48x36,72x54,108x81,160x120,240x180,360x270,480x360,540x405,640x480,720x540,1080x810,1280x960,1440x1080,2560x1920&from=bu&cs=108x0'}, {'height': 180, 'type': 'p', 'width': 240, 'url': 'https://sun9-26.userapi.com/s/v1/ig1/Lev_64eVF9d6b85NkBij9CyQkGknoTOFsS94NywRYEK-x40Ij6YhH6558YKLe_fa102vknGr.jpg?quality=96&as=32x24,48x36,72x54,108x81,160x120,240x180,360x270,480x360,540x405,640x480,720x540,1080x810,1280x960,1440x1080,2560x1920&from=bu&cs=240x0'}, {'height': 270, 'type': 'q', 'width': 360, 'url': 'https://sun9-26.userapi.com/s/v1/ig1/Lev_64eVF9d6b85NkBij9CyQkGknoTOFsS94NywRYEK-x40Ij6YhH6558YKLe_fa102vknGr.jpg?quality=96&as=32x24,48x36,72x54,108x81,160x120,240x180,360x270,480x360,540x405,640x480,720x540,1080x810,1280x960,1440x1080,2560x1920&from=bu&cs=360x0'}, {'height': 405, 'type': 'r', 'width': 540, 'url': 'https://sun9-26.userapi.com/s/v1/ig1/Lev_64eVF9d6b85NkBij9CyQkGknoTOFsS94NywRYEK-x40Ij6YhH6558YKLe_fa102vknGr.jpg?quality=96&as=32x24,48x36,72x54,108x81,160x120,240x180,360x270,480x360,540x405,640x480,720x540,1080x810,1280x960,1440x1080,2560x1920&from=bu&cs=540x0'}, {'height': 1920, 'type': 'base', 'width': 2560, 'url': 'https://sun9-26.userapi.com/s/v1/ig1/Lev_64eVF9d6b85NkBij9CyQkGknoTOFsS94NywRYEK-x40Ij6YhH6558YKLe_fa102vknGr.jpg?quality=96&as=32x24,48x36,72x54,108x81,160x120,240x180,360x270,480x360,540x405,640x480,720x540,1080x810,1280x960,1440x1080,2560x1920&from=bu'}], 'square_crop': '277,0,1920', 'text': '', 'web_view_token': '305b812e10028b37d7', 'likes': {'count': 7, 'user_likes': 0}, 'comments': {'count': 0}, 'reposts': {'count': 0}, 'tags': {'count': 0}, 'orig_photo': {'height': 1920, 'type': 'base', 'url': 'https://sun9-26.userapi.com/s/v1/ig1/Lev_64eVF9d6b85NkBij9CyQkGknoTOFsS94NywRYEK-x40Ij6YhH6558YKLe_fa102vknGr.jpg?quality=96&as=32x24,48x36,72x54,108x81,160x120,240x180,360x270,480x360,540x405,640x480,720x540,1080x810,1280x960,1440x1080,2560x1920&from=bu', 'width': 2560}}], 'next_from': ''}
14:17:12 - DEBUG - profile photos: [{'album_id': -6, 'date': 1467430007, 'id': 421872733, 'owner_id': 311485261, 'lat': 43.308011, 'long': 40.251434, 'can_comment': 1, 'post_id': 50, 'sizes': [{'height': 54, 'type': 's', 'width': 72, 'url': 'https://sun9-26.userapi.com/s/v1/ig1/Lev_64eVF9d6b85NkBij9CyQkGknoTOFsS94NywRYEK-x40Ij6YhH6558YKLe_fa102vknGr.jpg?quality=96&as=32x24,48x36,72x54,108x81,160x120,240x180,360x270,480x360,540x405,640x480,720x540,1080x810,1280x960,1440x1080,2560x1920&from=bu&cs=72x0'}, {'height': 120, 'type': 'm', 'width': 160, 'url': 'https://sun9-26.userapi.com/s/v1/ig1/Lev_64eVF9d6b85NkBij9CyQkGknoTOFsS94NywRYEK-x40Ij6YhH6558YKLe_fa102vknGr.jpg?quality=96&as=32x24,48x36,72x54,108x81,160x120,240x180,360x270,480x360,540x405,640x480,720x540,1080x810,1280x960,1440x1080,2560x1920&from=bu&cs=160x0'}, {'height': 480, 'type': 'x', 'width': 640, 'url': 'https://sun9-26.userapi.com/s/v1/ig1/Lev_64eVF9d6b85NkBij9CyQkGknoTOFsS94NywRYEK-x40Ij6YhH6558YKLe_fa102vknGr.jpg?quality=96&as=32x24,48x36,72x54,108x81,160x120,240x180,360x270,480x360,540x405,640x480,720x540,1080x810,1280x960,1440x1080,2560x1920&from=bu&cs=640x0'}, {'height': 810, 'type': 'y', 'width': 1080, 'url': 'https://sun9-26.userapi.com/s/v1/ig1/Lev_64eVF9d6b85NkBij9CyQkGknoTOFsS94NywRYEK-x40Ij6YhH6558YKLe_fa102vknGr.jpg?quality=96&as=32x24,48x36,72x54,108x81,160x120,240x180,360x270,480x360,540x405,640x480,720x540,1080x810,1280x960,1440x1080,2560x1920&from=bu&cs=1080x0'}, {'height': 960, 'type': 'z', 'width': 1280, 'url': 'https://sun9-26.userapi.com/s/v1/ig1/Lev_64eVF9d6b85NkBij9CyQkGknoTOFsS94NywRYEK-x40Ij6YhH6558YKLe_fa102vknGr.jpg?quality=96&as=32x24,48x36,72x54,108x81,160x120,240x180,360x270,480x360,540x405,640x480,720x540,1080x810,1280x960,1440x1080,2560x1920&from=bu&cs=1280x0'}, {'height': 1920, 'type': 'w', 'width': 2560, 'url': 'https://sun9-26.userapi.com/s/v1/ig1/Lev_64eVF9d6b85NkBij9CyQkGknoTOFsS94NywRYEK-x40Ij6YhH6558YKLe_fa102vknGr.jpg?quality=96&as=32x24,48x36,72x54,108x81,160x120,240x180,360x270,480x360,540x405,640x480,720x540,1080x810,1280x960,1440x1080,2560x1920&from=bu&cs=2560x0'}, {'height': 81, 'type': 'o', 'width': 108, 'url': 'https://sun9-26.userapi.com/s/v1/ig1/Lev_64eVF9d6b85NkBij9CyQkGknoTOFsS94NywRYEK-x40Ij6YhH6558YKLe_fa102vknGr.jpg?quality=96&as=32x24,48x36,72x54,108x81,160x120,240x180,360x270,480x360,540x405,640x480,720x540,1080x810,1280x960,1440x1080,2560x1920&from=bu&cs=108x0'}, {'height': 180, 'type': 'p', 'width': 240, 'url': 'https://sun9-26.userapi.com/s/v1/ig1/Lev_64eVF9d6b85NkBij9CyQkGknoTOFsS94NywRYEK-x40Ij6YhH6558YKLe_fa102vknGr.jpg?quality=96&as=32x24,48x36,72x54,108x81,160x120,240x180,360x270,480x360,540x405,640x480,720x540,1080x810,1280x960,1440x1080,2560x1920&from=bu&cs=240x0'}, {'height': 270, 'type': 'q', 'width': 360, 'url': 'https://sun9-26.userapi.com/s/v1/ig1/Lev_64eVF9d6b85NkBij9CyQkGknoTOFsS94NywRYEK-x40Ij6YhH6558YKLe_fa102vknGr.jpg?quality=96&as=32x24,48x36,72x54,108x81,160x120,240x180,360x270,480x360,540x405,640x480,720x540,1080x810,1280x960,1440x1080,2560x1920&from=bu&cs=360x0'}, {'height': 405, 'type': 'r', 'width': 540, 'url': 'https://sun9-26.userapi.com/s/v1/ig1/Lev_64eVF9d6b85NkBij9CyQkGknoTOFsS94NywRYEK-x40Ij6YhH6558YKLe_fa102vknGr.jpg?quality=96&as=32x24,48x36,72x54,108x81,160x120,240x180,360x270,480x360,540x405,640x480,720x540,1080x810,1280x960,1440x1080,2560x1920&from=bu&cs=540x0'}, {'height': 1920, 'type': 'base', 'width': 2560, 'url': 'https://sun9-26.userapi.com/s/v1/ig1/Lev_64eVF9d6b85NkBij9CyQkGknoTOFsS94NywRYEK-x40Ij6YhH6558YKLe_fa102vknGr.jpg?quality=96&as=32x24,48x36,72x54,108x81,160x120,240x180,360x270,480x360,540x405,640x480,720x540,1080x810,1280x960,1440x1080,2560x1920&from=bu'}], 'square_crop': '277,0,1920', 'text': '', 'web_view_token': '305b812e10028b37d7', 'likes': {'count': 7, 'user_likes': 0}, 'comments': {'count': 0}, 'reposts': {'count': 0}, 'tags': {'count': 0}, 'orig_photo': {'height': 1920, 'type': 'base', 'url': 'https://sun9-26.userapi.com/s/v1/ig1/Lev_64eVF9d6b85NkBij9CyQkGknoTOFsS94NywRYEK-x40Ij6YhH6558YKLe_fa102vknGr.jpg?quality=96&as=32x24,48x36,72x54,108x81,160x120,240x180,360x270,480x360,540x405,640x480,720x540,1080x810,1280x960,1440x1080,2560x1920&from=bu', 'width': 2560}}]
14:17:12 - DEBUG - all profile photos result: [{'album_id': -6, 'date': 1467430007, 'id': 421872733, 'owner_id': 311485261, 'lat': 43.308011, 'long': 40.251434, 'can_comment': 1, 'post_id': 50, 'sizes': [{'height': 54, 'type': 's', 'width': 72, 'url': 'https://sun9-26.userapi.com/s/v1/ig1/Lev_64eVF9d6b85NkBij9CyQkGknoTOFsS94NywRYEK-x40Ij6YhH6558YKLe_fa102vknGr.jpg?quality=96&as=32x24,48x36,72x54,108x81,160x120,240x180,360x270,480x360,540x405,640x480,720x540,1080x810,1280x960,1440x1080,2560x1920&from=bu&cs=72x0'}, {'height': 120, 'type': 'm', 'width': 160, 'url': 'https://sun9-26.userapi.com/s/v1/ig1/Lev_64eVF9d6b85NkBij9CyQkGknoTOFsS94NywRYEK-x40Ij6YhH6558YKLe_fa102vknGr.jpg?quality=96&as=32x24,48x36,72x54,108x81,160x120,240x180,360x270,480x360,540x405,640x480,720x540,1080x810,1280x960,1440x1080,2560x1920&from=bu&cs=160x0'}, {'height': 480, 'type': 'x', 'width': 640, 'url': 'https://sun9-26.userapi.com/s/v1/ig1/Lev_64eVF9d6b85NkBij9CyQkGknoTOFsS94NywRYEK-x40Ij6YhH6558YKLe_fa102vknGr.jpg?quality=96&as=32x24,48x36,72x54,108x81,160x120,240x180,360x270,480x360,540x405,640x480,720x540,1080x810,1280x960,1440x1080,2560x1920&from=bu&cs=640x0'}, {'height': 810, 'type': 'y', 'width': 1080, 'url': 'https://sun9-26.userapi.com/s/v1/ig1/Lev_64eVF9d6b85NkBij9CyQkGknoTOFsS94NywRYEK-x40Ij6YhH6558YKLe_fa102vknGr.jpg?quality=96&as=32x24,48x36,72x54,108x81,160x120,240x180,360x270,480x360,540x405,640x480,720x540,1080x810,1280x960,1440x1080,2560x1920&from=bu&cs=1080x0'}, {'height': 960, 'type': 'z', 'width': 1280, 'url': 'https://sun9-26.userapi.com/s/v1/ig1/Lev_64eVF9d6b85NkBij9CyQkGknoTOFsS94NywRYEK-x40Ij6YhH6558YKLe_fa102vknGr.jpg?quality=96&as=32x24,48x36,72x54,108x81,160x120,240x180,360x270,480x360,540x405,640x480,720x540,1080x810,1280x960,1440x1080,2560x1920&from=bu&cs=1280x0'}, {'height': 1920, 'type': 'w', 'width': 2560, 'url': 'https://sun9-26.userapi.com/s/v1/ig1/Lev_64eVF9d6b85NkBij9CyQkGknoTOFsS94NywRYEK-x40Ij6YhH6558YKLe_fa102vknGr.jpg?quality=96&as=32x24,48x36,72x54,108x81,160x120,240x180,360x270,480x360,540x405,640x480,720x540,1080x810,1280x960,1440x1080,2560x1920&from=bu&cs=2560x0'}, {'height': 81, 'type': 'o', 'width': 108, 'url': 'https://sun9-26.userapi.com/s/v1/ig1/Lev_64eVF9d6b85NkBij9CyQkGknoTOFsS94NywRYEK-x40Ij6YhH6558YKLe_fa102vknGr.jpg?quality=96&as=32x24,48x36,72x54,108x81,160x120,240x180,360x270,480x360,540x405,640x480,720x540,1080x810,1280x960,1440x1080,2560x1920&from=bu&cs=108x0'}, {'height': 180, 'type': 'p', 'width': 240, 'url': 'https://sun9-26.userapi.com/s/v1/ig1/Lev_64eVF9d6b85NkBij9CyQkGknoTOFsS94NywRYEK-x40Ij6YhH6558YKLe_fa102vknGr.jpg?quality=96&as=32x24,48x36,72x54,108x81,160x120,240x180,360x270,480x360,540x405,640x480,720x540,1080x810,1280x960,1440x1080,2560x1920&from=bu&cs=240x0'}, {'height': 270, 'type': 'q', 'width': 360, 'url': 'https://sun9-26.userapi.com/s/v1/ig1/Lev_64eVF9d6b85NkBij9CyQkGknoTOFsS94NywRYEK-x40Ij6YhH6558YKLe_fa102vknGr.jpg?quality=96&as=32x24,48x36,72x54,108x81,160x120,240x180,360x270,480x360,540x405,640x480,720x540,1080x810,1280x960,1440x1080,2560x1920&from=bu&cs=360x0'}, {'height': 405, 'type': 'r', 'width': 540, 'url': 'https://sun9-26.userapi.com/s/v1/ig1/Lev_64eVF9d6b85NkBij9CyQkGknoTOFsS94NywRYEK-x40Ij6YhH6558YKLe_fa102vknGr.jpg?quality=96&as=32x24,48x36,72x54,108x81,160x120,240x180,360x270,480x360,540x405,640x480,720x540,1080x810,1280x960,1440x1080,2560x1920&from=bu&cs=540x0'}, {'height': 1920, 'type': 'base', 'width': 2560, 'url': 'https://sun9-26.userapi.com/s/v1/ig1/Lev_64eVF9d6b85NkBij9CyQkGknoTOFsS94NywRYEK-x40Ij6YhH6558YKLe_fa102vknGr.jpg?quality=96&as=32x24,48x36,72x54,108x81,160x120,240x180,360x270,480x360,540x405,640x480,720x540,1080x810,1280x960,1440x1080,2560x1920&from=bu'}], 'square_crop': '277,0,1920', 'text': '', 'web_view_token': '305b812e10028b37d7', 'likes': {'count': 7, 'user_likes': 0}, 'comments': {'count': 0}, 'reposts': {'count': 0}, 'tags': {'count': 0}, 'orig_photo': {'height': 1920, 'type': 'base', 'url': 'https://sun9-26.userapi.com/s/v1/ig1/Lev_64eVF9d6b85NkBij9CyQkGknoTOFsS94NywRYEK-x40Ij6YhH6558YKLe_fa102vknGr.jpg?quality=96&as=32x24,48x36,72x54,108x81,160x120,240x180,360x270,480x360,540x405,640x480,720x540,1080x810,1280x960,1440x1080,2560x1920&from=bu', 'width': 2560}}]
14:17:12 - DEBUG - result get top3 photo: ['photo311485261_421872733']
14:17:12 - DEBUG - result extract user data: {'user_id': 311485261, 'first_name': 'Марина', 'last_name': 'Новикова', 'sex': 1, 'sex_as_text': 'Женский', 'profile_URL': 'https://vk.com/id311485261', 'age': 48, 'city_id': None, 'city': None, 'photo_URL': ['photo311485261_421872733']}
14:17:12 - INFO - BEGIN (implicit)
14:17:12 - INFO - SELECT users.user_id AS users_user_id, users.first_name AS users_first_name, users.last_name AS users_last_name, users.age AS users_age, users.sex AS users_sex, users.city_id AS users_city_id, users.photos AS users_photos, users.id AS users_id 
FROM users 
WHERE users.user_id = %(user_id_1)s 
 LIMIT %(param_1)s
14:17:12 - INFO - [generated in 0.00013s] {'user_id_1': '311485261', 'param_1': 1}
14:17:12 - INFO - INSERT INTO users (user_id, first_name, last_name, age, sex, city_id, photos) VALUES (%(user_id)s, %(first_name)s, %(last_name)s, %(age)s, %(sex)s, %(city_id)s, %(photos)s) RETURNING users.id
14:17:12 - INFO - [generated in 0.00011s] {'user_id': '311485261', 'first_name': 'Марина', 'last_name': 'Новикова', 'age': 48, 'sex': 1, 'city_id': None, 'photos': None}
14:17:12 - INFO - COMMIT
14:17:12 - DEBUG - API request was validated
14:17:12 - DEBUG - Request messages.send with {'random_id': 0, 'peer_ids': '311485261', 'message': 'Привет,  Марина'} data returned {"response":[{"peer_id":311485261,"message_id":585,"conversation_message_id":584}]}
14:17:12 - DEBUG - API response was validated
14:17:12 - DEBUG - API request was validated
14:17:12 - DEBUG - Request messages.send with {'random_id': 0, 'peer_ids': '311485261', 'message': 'Чем хочешь заняться?', 'keyboard': <vkbottle.tools.keyboard.keyboard.Keyboard object at 0x0000000029FC1BD0>} data returned {"response":[{"peer_id":311485261,"message_id":586,"conversation_message_id":585}]}
14:17:12 - DEBUG - API response was validated
14:17:14 - DEBUG - New event was received: {'ts': '115', 'updates': [{'group_id': 238429916, 'type': 'message_new', 'event_id': '6bebc5706884cdb1a0a906152d14a4a5eb380e0c', 'v': '5.199', 'object': {'client_info': {'button_actions': ['text', 'vkpay', 'open_app', 'location', 'open_link', 'open_photo', 'callback', 'intent_subscribe', 'intent_unsubscribe'], 'keyboard': True, 'inline_keyboard': True, 'carousel': True, 'lang_id': 0}, 'message': {'date': 1778584635, 'from_id': 311485261, 'id': 587, 'version': 10001912, 'out': 0, 'fwd_messages': [], 'important': False, 'is_hidden': False, 'attachments': [], 'conversation_message_id': 586, 'payload': '{"cmd":"to_dating"}', 'text': 'Искать знакомства', 'peer_id': 311485261, 'random_id': 0}}}]}
14:17:14 - DEBUG - Making long request to get event with longpoll...
14:17:14 - DEBUG - Routing update {'group_id': 238429916, 'type': 'message_new', 'event_id': '6bebc5706884cdb1a0a906152d14a4a5eb380e0c', 'v': '5.199', 'object': {'client_info': {'button_actions': ['text', 'vkpay', 'open_app', 'location', 'open_link', 'open_photo', 'callback', 'intent_subscribe', 'intent_unsubscribe'], 'keyboard': True, 'inline_keyboard': True, 'carousel': True, 'lang_id': 0}, 'message': {'date': 1778584635, 'from_id': 311485261, 'id': 587, 'version': 10001912, 'out': 0, 'fwd_messages': [], 'important': False, 'is_hidden': False, 'attachments': [], 'conversation_message_id': 586, 'payload': '{"cmd":"to_dating"}', 'text': 'Искать знакомства', 'peer_id': 311485261, 'random_id': 0}}}
14:17:14 - DEBUG - Handling event (message_new) with message view
14:17:14 - DEBUG - Casting state for peer_id 311485261
14:17:14 - DEBUG - Handler <FromFuncHandler greet_handler blocking=True rules=(<vkbottle.dispatch.rules.base.PeerRule>, <vkbottle.dispatch.rules.base.StateRule>)> returned False
14:17:14 - DEBUG - Handler <FromFuncHandler start_dating blocking=True rules=(<vkbottle.dispatch.rules.base.PeerRule>, <vkbottle.dispatch.rules.base.StateRule>, <vkbottle.dispatch.rules.base.PayloadRule>)> returned {}
14:17:14 - DEBUG - https://api.vk.com:443 "POST /method/users.search HTTP/1.1" 200 281
14:17:14 - DEBUG - get user only id response: [{'id': 864559765, 'bdate': '23.8.1979', 'track_code': '85444d0aYYWPnUIA8vumeZjmX-It3D6v3ni9ib7h7fD4dzV9yl8G7J-aGmj99KJ1rxbdDZHdVqHYe72JsIefmQ', 'sex': 2, 'first_name': 'Алексей', 'last_name': 'Беспрозванных', 'can_access_closed': True, 'is_closed': False}]
14:17:14 - DEBUG - user id = 864559765
14:17:14 - INFO - BEGIN (implicit)
14:17:14 - INFO - SELECT viewed.id AS viewed_id, viewed.vk_user_id AS viewed_vk_user_id, viewed.profile_vk_id AS viewed_profile_vk_id 
FROM viewed 
WHERE viewed.vk_user_id = %(vk_user_id_1)s
14:17:14 - INFO - [generated in 0.00012s] {'vk_user_id_1': '311485261'}
14:17:14 - INFO - ROLLBACK
14:17:15 - DEBUG - https://api.vk.com:443 "POST /method/users.get HTTP/1.1" 200 161
14:17:15 - DEBUG - get user info response: [{'id': 864559765, 'bdate': '23.8.1979', 'sex': 2, 'first_name': 'Алексей', 'last_name': 'Беспрозванных', 'can_access_closed': True, 'is_closed': False}]
14:17:15 - DEBUG - get user info item: {'id': 864559765, 'bdate': '23.8.1979', 'sex': 2, 'first_name': 'Алексей', 'last_name': 'Беспрозванных', 'can_access_closed': True, 'is_closed': False}
14:17:15 - DEBUG - https://api.vk.com:443 "POST /method/photos.get HTTP/1.1" 200 656
14:17:15 - DEBUG - get profile photos response: {'count': 1, 'items': [{'album_id': -6, 'date': 1717153993, 'id': 457239018, 'owner_id': 864559765, 'can_comment': 1, 'post_id': 1, 'sizes': [{'height': 72, 'type': 's', 'width': 72, 'url': 'https://sun9-23.userapi.com/s/v1/ig2/vw3BcqX7yyHlDZpYdn8lHTBaOVjECgGelXyZlsyJzGak93NcCCRhISmITadrYLgG1KiK5khUS2JOsK5B4xlYSsIw.jpg?quality=96&as=32x32,48x48,72x72,108x108,160x160,240x240,360x360,480x480,540x540,640x640,720x720,1080x1080,1280x1280,1440x1440,2160x2160&from=bu&cs=72x0'}, {'height': 160, 'type': 'm', 'width': 160, 'url': 'https://sun9-23.userapi.com/s/v1/ig2/vw3BcqX7yyHlDZpYdn8lHTBaOVjECgGelXyZlsyJzGak93NcCCRhISmITadrYLgG1KiK5khUS2JOsK5B4xlYSsIw.jpg?quality=96&as=32x32,48x48,72x72,108x108,160x160,240x240,360x360,480x480,540x540,640x640,720x720,1080x1080,1280x1280,1440x1440,2160x2160&from=bu&cs=160x0'}, {'height': 640, 'type': 'x', 'width': 640, 'url': 'https://sun9-23.userapi.com/s/v1/ig2/vw3BcqX7yyHlDZpYdn8lHTBaOVjECgGelXyZlsyJzGak93NcCCRhISmITadrYLgG1KiK5khUS2JOsK5B4xlYSsIw.jpg?quality=96&as=32x32,48x48,72x72,108x108,160x160,240x240,360x360,480x480,540x540,640x640,720x720,1080x1080,1280x1280,1440x1440,2160x2160&from=bu&cs=640x0'}, {'height': 1080, 'type': 'y', 'width': 1080, 'url': 'https://sun9-23.userapi.com/s/v1/ig2/vw3BcqX7yyHlDZpYdn8lHTBaOVjECgGelXyZlsyJzGak93NcCCRhISmITadrYLgG1KiK5khUS2JOsK5B4xlYSsIw.jpg?quality=96&as=32x32,48x48,72x72,108x108,160x160,240x240,360x360,480x480,540x540,640x640,720x720,1080x1080,1280x1280,1440x1440,2160x2160&from=bu&cs=1080x0'}, {'height': 1280, 'type': 'z', 'width': 1280, 'url': 'https://sun9-23.userapi.com/s/v1/ig2/vw3BcqX7yyHlDZpYdn8lHTBaOVjECgGelXyZlsyJzGak93NcCCRhISmITadrYLgG1KiK5khUS2JOsK5B4xlYSsIw.jpg?quality=96&as=32x32,48x48,72x72,108x108,160x160,240x240,360x360,480x480,540x540,640x640,720x720,1080x1080,1280x1280,1440x1440,2160x2160&from=bu&cs=1280x0'}, {'height': 2160, 'type': 'w', 'width': 2160, 'url': 'https://sun9-23.userapi.com/s/v1/ig2/vw3BcqX7yyHlDZpYdn8lHTBaOVjECgGelXyZlsyJzGak93NcCCRhISmITadrYLgG1KiK5khUS2JOsK5B4xlYSsIw.jpg?quality=96&as=32x32,48x48,72x72,108x108,160x160,240x240,360x360,480x480,540x540,640x640,720x720,1080x1080,1280x1280,1440x1440,2160x2160&from=bu&cs=2160x0'}, {'height': 108, 'type': 'o', 'width': 108, 'url': 'https://sun9-23.userapi.com/s/v1/ig2/vw3BcqX7yyHlDZpYdn8lHTBaOVjECgGelXyZlsyJzGak93NcCCRhISmITadrYLgG1KiK5khUS2JOsK5B4xlYSsIw.jpg?quality=96&as=32x32,48x48,72x72,108x108,160x160,240x240,360x360,480x480,540x540,640x640,720x720,1080x1080,1280x1280,1440x1440,2160x2160&from=bu&cs=108x0'}, {'height': 240, 'type': 'p', 'width': 240, 'url': 'https://sun9-23.userapi.com/s/v1/ig2/vw3BcqX7yyHlDZpYdn8lHTBaOVjECgGelXyZlsyJzGak93NcCCRhISmITadrYLgG1KiK5khUS2JOsK5B4xlYSsIw.jpg?quality=96&as=32x32,48x48,72x72,108x108,160x160,240x240,360x360,480x480,540x540,640x640,720x720,1080x1080,1280x1280,1440x1440,2160x2160&from=bu&cs=240x0'}, {'height': 360, 'type': 'q', 'width': 360, 'url': 'https://sun9-23.userapi.com/s/v1/ig2/vw3BcqX7yyHlDZpYdn8lHTBaOVjECgGelXyZlsyJzGak93NcCCRhISmITadrYLgG1KiK5khUS2JOsK5B4xlYSsIw.jpg?quality=96&as=32x32,48x48,72x72,108x108,160x160,240x240,360x360,480x480,540x540,640x640,720x720,1080x1080,1280x1280,1440x1440,2160x2160&from=bu&cs=360x0'}, {'height': 540, 'type': 'r', 'width': 540, 'url': 'https://sun9-23.userapi.com/s/v1/ig2/vw3BcqX7yyHlDZpYdn8lHTBaOVjECgGelXyZlsyJzGak93NcCCRhISmITadrYLgG1KiK5khUS2JOsK5B4xlYSsIw.jpg?quality=96&as=32x32,48x48,72x72,108x108,160x160,240x240,360x360,480x480,540x540,640x640,720x720,1080x1080,1280x1280,1440x1440,2160x2160&from=bu&cs=540x0'}, {'height': 2160, 'type': 'base', 'width': 2160, 'url': 'https://sun9-23.userapi.com/s/v1/ig2/vw3BcqX7yyHlDZpYdn8lHTBaOVjECgGelXyZlsyJzGak93NcCCRhISmITadrYLgG1KiK5khUS2JOsK5B4xlYSsIw.jpg?quality=96&as=32x32,48x48,72x72,108x108,160x160,240x240,360x360,480x480,540x540,640x640,720x720,1080x1080,1280x1280,1440x1440,2160x2160&from=bu'}], 'square_crop': '216,216,1728', 'text': '', 'web_view_token': '81ca483ac52ac349c9', 'likes': {'count': 369, 'user_likes': 0}, 'comments': {'count': 116}, 'reposts': {'count': 0}, 'tags': {'count': 0}, 'orig_photo': {'height': 2160, 'type': 'base', 'url': 'https://sun9-23.userapi.com/s/v1/ig2/vw3BcqX7yyHlDZpYdn8lHTBaOVjECgGelXyZlsyJzGak93NcCCRhISmITadrYLgG1KiK5khUS2JOsK5B4xlYSsIw.jpg?quality=96&as=32x32,48x48,72x72,108x108,160x160,240x240,360x360,480x480,540x540,640x640,720x720,1080x1080,1280x1280,1440x1440,2160x2160&from=bu', 'width': 2160}}], 'next_from': ''}
14:17:15 - DEBUG - profile photos: [{'album_id': -6, 'date': 1717153993, 'id': 457239018, 'owner_id': 864559765, 'can_comment': 1, 'post_id': 1, 'sizes': [{'height': 72, 'type': 's', 'width': 72, 'url': 'https://sun9-23.userapi.com/s/v1/ig2/vw3BcqX7yyHlDZpYdn8lHTBaOVjECgGelXyZlsyJzGak93NcCCRhISmITadrYLgG1KiK5khUS2JOsK5B4xlYSsIw.jpg?quality=96&as=32x32,48x48,72x72,108x108,160x160,240x240,360x360,480x480,540x540,640x640,720x720,1080x1080,1280x1280,1440x1440,2160x2160&from=bu&cs=72x0'}, {'height': 160, 'type': 'm', 'width': 160, 'url': 'https://sun9-23.userapi.com/s/v1/ig2/vw3BcqX7yyHlDZpYdn8lHTBaOVjECgGelXyZlsyJzGak93NcCCRhISmITadrYLgG1KiK5khUS2JOsK5B4xlYSsIw.jpg?quality=96&as=32x32,48x48,72x72,108x108,160x160,240x240,360x360,480x480,540x540,640x640,720x720,1080x1080,1280x1280,1440x1440,2160x2160&from=bu&cs=160x0'}, {'height': 640, 'type': 'x', 'width': 640, 'url': 'https://sun9-23.userapi.com/s/v1/ig2/vw3BcqX7yyHlDZpYdn8lHTBaOVjECgGelXyZlsyJzGak93NcCCRhISmITadrYLgG1KiK5khUS2JOsK5B4xlYSsIw.jpg?quality=96&as=32x32,48x48,72x72,108x108,160x160,240x240,360x360,480x480,540x540,640x640,720x720,1080x1080,1280x1280,1440x1440,2160x2160&from=bu&cs=640x0'}, {'height': 1080, 'type': 'y', 'width': 1080, 'url': 'https://sun9-23.userapi.com/s/v1/ig2/vw3BcqX7yyHlDZpYdn8lHTBaOVjECgGelXyZlsyJzGak93NcCCRhISmITadrYLgG1KiK5khUS2JOsK5B4xlYSsIw.jpg?quality=96&as=32x32,48x48,72x72,108x108,160x160,240x240,360x360,480x480,540x540,640x640,720x720,1080x1080,1280x1280,1440x1440,2160x2160&from=bu&cs=1080x0'}, {'height': 1280, 'type': 'z', 'width': 1280, 'url': 'https://sun9-23.userapi.com/s/v1/ig2/vw3BcqX7yyHlDZpYdn8lHTBaOVjECgGelXyZlsyJzGak93NcCCRhISmITadrYLgG1KiK5khUS2JOsK5B4xlYSsIw.jpg?quality=96&as=32x32,48x48,72x72,108x108,160x160,240x240,360x360,480x480,540x540,640x640,720x720,1080x1080,1280x1280,1440x1440,2160x2160&from=bu&cs=1280x0'}, {'height': 2160, 'type': 'w', 'width': 2160, 'url': 'https://sun9-23.userapi.com/s/v1/ig2/vw3BcqX7yyHlDZpYdn8lHTBaOVjECgGelXyZlsyJzGak93NcCCRhISmITadrYLgG1KiK5khUS2JOsK5B4xlYSsIw.jpg?quality=96&as=32x32,48x48,72x72,108x108,160x160,240x240,360x360,480x480,540x540,640x640,720x720,1080x1080,1280x1280,1440x1440,2160x2160&from=bu&cs=2160x0'}, {'height': 108, 'type': 'o', 'width': 108, 'url': 'https://sun9-23.userapi.com/s/v1/ig2/vw3BcqX7yyHlDZpYdn8lHTBaOVjECgGelXyZlsyJzGak93NcCCRhISmITadrYLgG1KiK5khUS2JOsK5B4xlYSsIw.jpg?quality=96&as=32x32,48x48,72x72,108x108,160x160,240x240,360x360,480x480,540x540,640x640,720x720,1080x1080,1280x1280,1440x1440,2160x2160&from=bu&cs=108x0'}, {'height': 240, 'type': 'p', 'width': 240, 'url': 'https://sun9-23.userapi.com/s/v1/ig2/vw3BcqX7yyHlDZpYdn8lHTBaOVjECgGelXyZlsyJzGak93NcCCRhISmITadrYLgG1KiK5khUS2JOsK5B4xlYSsIw.jpg?quality=96&as=32x32,48x48,72x72,108x108,160x160,240x240,360x360,480x480,540x540,640x640,720x720,1080x1080,1280x1280,1440x1440,2160x2160&from=bu&cs=240x0'}, {'height': 360, 'type': 'q', 'width': 360, 'url': 'https://sun9-23.userapi.com/s/v1/ig2/vw3BcqX7yyHlDZpYdn8lHTBaOVjECgGelXyZlsyJzGak93NcCCRhISmITadrYLgG1KiK5khUS2JOsK5B4xlYSsIw.jpg?quality=96&as=32x32,48x48,72x72,108x108,160x160,240x240,360x360,480x480,540x540,640x640,720x720,1080x1080,1280x1280,1440x1440,2160x2160&from=bu&cs=360x0'}, {'height': 540, 'type': 'r', 'width': 540, 'url': 'https://sun9-23.userapi.com/s/v1/ig2/vw3BcqX7yyHlDZpYdn8lHTBaOVjECgGelXyZlsyJzGak93NcCCRhISmITadrYLgG1KiK5khUS2JOsK5B4xlYSsIw.jpg?quality=96&as=32x32,48x48,72x72,108x108,160x160,240x240,360x360,480x480,540x540,640x640,720x720,1080x1080,1280x1280,1440x1440,2160x2160&from=bu&cs=540x0'}, {'height': 2160, 'type': 'base', 'width': 2160, 'url': 'https://sun9-23.userapi.com/s/v1/ig2/vw3BcqX7yyHlDZpYdn8lHTBaOVjECgGelXyZlsyJzGak93NcCCRhISmITadrYLgG1KiK5khUS2JOsK5B4xlYSsIw.jpg?quality=96&as=32x32,48x48,72x72,108x108,160x160,240x240,360x360,480x480,540x540,640x640,720x720,1080x1080,1280x1280,1440x1440,2160x2160&from=bu'}], 'square_crop': '216,216,1728', 'text': '', 'web_view_token': '81ca483ac52ac349c9', 'likes': {'count': 369, 'user_likes': 0}, 'comments': {'count': 116}, 'reposts': {'count': 0}, 'tags': {'count': 0}, 'orig_photo': {'height': 2160, 'type': 'base', 'url': 'https://sun9-23.userapi.com/s/v1/ig2/vw3BcqX7yyHlDZpYdn8lHTBaOVjECgGelXyZlsyJzGak93NcCCRhISmITadrYLgG1KiK5khUS2JOsK5B4xlYSsIw.jpg?quality=96&as=32x32,48x48,72x72,108x108,160x160,240x240,360x360,480x480,540x540,640x640,720x720,1080x1080,1280x1280,1440x1440,2160x2160&from=bu', 'width': 2160}}]
14:17:15 - DEBUG - all profile photos result: [{'album_id': -6, 'date': 1717153993, 'id': 457239018, 'owner_id': 864559765, 'can_comment': 1, 'post_id': 1, 'sizes': [{'height': 72, 'type': 's', 'width': 72, 'url': 'https://sun9-23.userapi.com/s/v1/ig2/vw3BcqX7yyHlDZpYdn8lHTBaOVjECgGelXyZlsyJzGak93NcCCRhISmITadrYLgG1KiK5khUS2JOsK5B4xlYSsIw.jpg?quality=96&as=32x32,48x48,72x72,108x108,160x160,240x240,360x360,480x480,540x540,640x640,720x720,1080x1080,1280x1280,1440x1440,2160x2160&from=bu&cs=72x0'}, {'height': 160, 'type': 'm', 'width': 160, 'url': 'https://sun9-23.userapi.com/s/v1/ig2/vw3BcqX7yyHlDZpYdn8lHTBaOVjECgGelXyZlsyJzGak93NcCCRhISmITadrYLgG1KiK5khUS2JOsK5B4xlYSsIw.jpg?quality=96&as=32x32,48x48,72x72,108x108,160x160,240x240,360x360,480x480,540x540,640x640,720x720,1080x1080,1280x1280,1440x1440,2160x2160&from=bu&cs=160x0'}, {'height': 640, 'type': 'x', 'width': 640, 'url': 'https://sun9-23.userapi.com/s/v1/ig2/vw3BcqX7yyHlDZpYdn8lHTBaOVjECgGelXyZlsyJzGak93NcCCRhISmITadrYLgG1KiK5khUS2JOsK5B4xlYSsIw.jpg?quality=96&as=32x32,48x48,72x72,108x108,160x160,240x240,360x360,480x480,540x540,640x640,720x720,1080x1080,1280x1280,1440x1440,2160x2160&from=bu&cs=640x0'}, {'height': 1080, 'type': 'y', 'width': 1080, 'url': 'https://sun9-23.userapi.com/s/v1/ig2/vw3BcqX7yyHlDZpYdn8lHTBaOVjECgGelXyZlsyJzGak93NcCCRhISmITadrYLgG1KiK5khUS2JOsK5B4xlYSsIw.jpg?quality=96&as=32x32,48x48,72x72,108x108,160x160,240x240,360x360,480x480,540x540,640x640,720x720,1080x1080,1280x1280,1440x1440,2160x2160&from=bu&cs=1080x0'}, {'height': 1280, 'type': 'z', 'width': 1280, 'url': 'https://sun9-23.userapi.com/s/v1/ig2/vw3BcqX7yyHlDZpYdn8lHTBaOVjECgGelXyZlsyJzGak93NcCCRhISmITadrYLgG1KiK5khUS2JOsK5B4xlYSsIw.jpg?quality=96&as=32x32,48x48,72x72,108x108,160x160,240x240,360x360,480x480,540x540,640x640,720x720,1080x1080,1280x1280,1440x1440,2160x2160&from=bu&cs=1280x0'}, {'height': 2160, 'type': 'w', 'width': 2160, 'url': 'https://sun9-23.userapi.com/s/v1/ig2/vw3BcqX7yyHlDZpYdn8lHTBaOVjECgGelXyZlsyJzGak93NcCCRhISmITadrYLgG1KiK5khUS2JOsK5B4xlYSsIw.jpg?quality=96&as=32x32,48x48,72x72,108x108,160x160,240x240,360x360,480x480,540x540,640x640,720x720,1080x1080,1280x1280,1440x1440,2160x2160&from=bu&cs=2160x0'}, {'height': 108, 'type': 'o', 'width': 108, 'url': 'https://sun9-23.userapi.com/s/v1/ig2/vw3BcqX7yyHlDZpYdn8lHTBaOVjECgGelXyZlsyJzGak93NcCCRhISmITadrYLgG1KiK5khUS2JOsK5B4xlYSsIw.jpg?quality=96&as=32x32,48x48,72x72,108x108,160x160,240x240,360x360,480x480,540x540,640x640,720x720,1080x1080,1280x1280,1440x1440,2160x2160&from=bu&cs=108x0'}, {'height': 240, 'type': 'p', 'width': 240, 'url': 'https://sun9-23.userapi.com/s/v1/ig2/vw3BcqX7yyHlDZpYdn8lHTBaOVjECgGelXyZlsyJzGak93NcCCRhISmITadrYLgG1KiK5khUS2JOsK5B4xlYSsIw.jpg?quality=96&as=32x32,48x48,72x72,108x108,160x160,240x240,360x360,480x480,540x540,640x640,720x720,1080x1080,1280x1280,1440x1440,2160x2160&from=bu&cs=240x0'}, {'height': 360, 'type': 'q', 'width': 360, 'url': 'https://sun9-23.userapi.com/s/v1/ig2/vw3BcqX7yyHlDZpYdn8lHTBaOVjECgGelXyZlsyJzGak93NcCCRhISmITadrYLgG1KiK5khUS2JOsK5B4xlYSsIw.jpg?quality=96&as=32x32,48x48,72x72,108x108,160x160,240x240,360x360,480x480,540x540,640x640,720x720,1080x1080,1280x1280,1440x1440,2160x2160&from=bu&cs=360x0'}, {'height': 540, 'type': 'r', 'width': 540, 'url': 'https://sun9-23.userapi.com/s/v1/ig2/vw3BcqX7yyHlDZpYdn8lHTBaOVjECgGelXyZlsyJzGak93NcCCRhISmITadrYLgG1KiK5khUS2JOsK5B4xlYSsIw.jpg?quality=96&as=32x32,48x48,72x72,108x108,160x160,240x240,360x360,480x480,540x540,640x640,720x720,1080x1080,1280x1280,1440x1440,2160x2160&from=bu&cs=540x0'}, {'height': 2160, 'type': 'base', 'width': 2160, 'url': 'https://sun9-23.userapi.com/s/v1/ig2/vw3BcqX7yyHlDZpYdn8lHTBaOVjECgGelXyZlsyJzGak93NcCCRhISmITadrYLgG1KiK5khUS2JOsK5B4xlYSsIw.jpg?quality=96&as=32x32,48x48,72x72,108x108,160x160,240x240,360x360,480x480,540x540,640x640,720x720,1080x1080,1280x1280,1440x1440,2160x2160&from=bu'}], 'square_crop': '216,216,1728', 'text': '', 'web_view_token': '81ca483ac52ac349c9', 'likes': {'count': 369, 'user_likes': 0}, 'comments': {'count': 116}, 'reposts': {'count': 0}, 'tags': {'count': 0}, 'orig_photo': {'height': 2160, 'type': 'base', 'url': 'https://sun9-23.userapi.com/s/v1/ig2/vw3BcqX7yyHlDZpYdn8lHTBaOVjECgGelXyZlsyJzGak93NcCCRhISmITadrYLgG1KiK5khUS2JOsK5B4xlYSsIw.jpg?quality=96&as=32x32,48x48,72x72,108x108,160x160,240x240,360x360,480x480,540x540,640x640,720x720,1080x1080,1280x1280,1440x1440,2160x2160&from=bu', 'width': 2160}}]
14:17:15 - DEBUG - result get top3 photo: ['photo864559765_457239018']
14:17:15 - DEBUG - result extract user data: {'user_id': 864559765, 'first_name': 'Алексей', 'last_name': 'Беспрозванных', 'sex': 2, 'sex_as_text': 'Мужской', 'profile_URL': 'https://vk.com/id864559765', 'age': 46, 'city_id': None, 'city': None, 'photo_URL': ['photo864559765_457239018']}
14:17:15 - DEBUG - API request was validated
14:17:15 - DEBUG - Request messages.send with {'random_id': 0, 'peer_ids': '311485261', 'message': 'Алексей Беспрозванных, 46', 'attachment': 'photo864559765_457239018', 'keyboard': <vkbottle.tools.keyboard.keyboard.Keyboard object at 0x0000000029F67360>} data returned {"response":[{"peer_id":311485261,"message_id":588,"conversation_message_id":587}]}
14:17:15 - DEBUG - API response was validated
14:17:15 - INFO - BEGIN (implicit)
14:17:15 - INFO - SELECT viewed.id AS viewed_id, viewed.vk_user_id AS viewed_vk_user_id, viewed.profile_vk_id AS viewed_profile_vk_id 
FROM viewed 
WHERE viewed.vk_user_id = %(vk_user_id_1)s AND viewed.profile_vk_id = %(profile_vk_id_1)s 
 LIMIT %(param_1)s
14:17:15 - INFO - [generated in 0.00012s] {'vk_user_id_1': '311485261', 'profile_vk_id_1': '864559765', 'param_1': 1}
14:17:15 - INFO - INSERT INTO viewed (vk_user_id, profile_vk_id) VALUES (%(vk_user_id)s, %(profile_vk_id)s) RETURNING viewed.id
14:17:15 - INFO - [generated in 0.00010s] {'vk_user_id': '311485261', 'profile_vk_id': '864559765'}
14:17:15 - INFO - COMMIT
14:17:19 - DEBUG - New event was received: {'ts': '116', 'updates': [{'group_id': 238429916, 'type': 'message_new', 'event_id': '320137d4bb403835ed6944aec88c92502b7d7c10', 'v': '5.199', 'object': {'client_info': {'button_actions': ['text', 'vkpay', 'open_app', 'location', 'open_link', 'open_photo', 'callback', 'intent_subscribe', 'intent_unsubscribe'], 'keyboard': True, 'inline_keyboard': True, 'carousel': True, 'lang_id': 0}, 'message': {'date': 1778584640, 'from_id': 311485261, 'id': 589, 'version': 10001920, 'out': 0, 'fwd_messages': [], 'important': False, 'is_hidden': False, 'attachments': [], 'conversation_message_id': 588, 'payload': '{"cmd":"dating_add_to_favourites"}', 'text': 'В избранное', 'peer_id': 311485261, 'random_id': 0}}}]}
14:17:19 - DEBUG - Making long request to get event with longpoll...
14:17:19 - DEBUG - Routing update {'group_id': 238429916, 'type': 'message_new', 'event_id': '320137d4bb403835ed6944aec88c92502b7d7c10', 'v': '5.199', 'object': {'client_info': {'button_actions': ['text', 'vkpay', 'open_app', 'location', 'open_link', 'open_photo', 'callback', 'intent_subscribe', 'intent_unsubscribe'], 'keyboard': True, 'inline_keyboard': True, 'carousel': True, 'lang_id': 0}, 'message': {'date': 1778584640, 'from_id': 311485261, 'id': 589, 'version': 10001920, 'out': 0, 'fwd_messages': [], 'important': False, 'is_hidden': False, 'attachments': [], 'conversation_message_id': 588, 'payload': '{"cmd":"dating_add_to_favourites"}', 'text': 'В избранное', 'peer_id': 311485261, 'random_id': 0}}}
14:17:19 - DEBUG - Handling event (message_new) with message view
14:17:19 - DEBUG - Casting state for peer_id 311485261
14:17:19 - DEBUG - Handler <FromFuncHandler greet_handler blocking=True rules=(<vkbottle.dispatch.rules.base.PeerRule>, <vkbottle.dispatch.rules.base.StateRule>)> returned False
14:17:19 - DEBUG - Handler <FromFuncHandler start_dating blocking=True rules=(<vkbottle.dispatch.rules.base.PeerRule>, <vkbottle.dispatch.rules.base.StateRule>, <vkbottle.dispatch.rules.base.PayloadRule>)> returned False
14:17:19 - DEBUG - Handler <FromFuncHandler next_dating blocking=True rules=(<vkbottle.dispatch.rules.base.PeerRule>, <vkbottle.dispatch.rules.base.StateRule>, <vkbottle.dispatch.rules.base.PayloadRule>)> returned False
14:17:19 - DEBUG - Handler <FromFuncHandler add_to_favourite blocking=True rules=(<vkbottle.dispatch.rules.base.PeerRule>, <vkbottle.dispatch.rules.base.StateRule>, <vkbottle.dispatch.rules.base.PayloadRule>)> returned {}
14:17:19 - DEBUG - https://api.vk.com:443 "POST /method/users.search HTTP/1.1" 200 275
14:17:19 - DEBUG - search user response: {'count': 11096371, 'items': [{'id': 832483485, 'bdate': '23.2.1980', 'track_code': 'c5930063JNuHrSoj8kMrCNri2iZOttn1A7qfPbujtspuRz3ZdHNDspD4JB3-QXwI5k0Gjt22sfsFuZ89tcXEow', 'sex': 2, 'first_name': 'Георгий', 'last_name': 'Филимонов', 'can_access_closed': True, 'is_closed': False}]}
14:17:19 - DEBUG - search user item: {'id': 832483485, 'bdate': '23.2.1980', 'track_code': 'c5930063JNuHrSoj8kMrCNri2iZOttn1A7qfPbujtspuRz3ZdHNDspD4JB3-QXwI5k0Gjt22sfsFuZ89tcXEow', 'sex': 2, 'first_name': 'Георгий', 'last_name': 'Филимонов', 'can_access_closed': True, 'is_closed': False}
14:17:19 - DEBUG - https://api.vk.com:443 "POST /method/photos.get HTTP/1.1" 200 1592
14:17:19 - DEBUG - get profile photos response: {'count': 8, 'items': [{'album_id': -6, 'date': 1711299614, 'id': 457240328, 'owner_id': 832483485, 'can_comment': 1, 'sizes': [{'height': 72, 'type': 's', 'width': 72, 'url': 'https://sun9-18.userapi.com/s/v1/ig2/ziilsGKjf-5yiK2C4rQXzzMYZg8UcgA1zcAaTpSidgKyxaqRXHfzbJLE1xeJNn7UiVvr2aIxi03-16BNGqF5DO6O.jpg?quality=95&as=32x32,48x48,72x72,108x108,160x160,240x240,360x360,480x480,540x540,640x640,720x720,1080x1080,1081x1081&from=bu&cs=72x0'}, {'height': 160, 'type': 'm', 'width': 160, 'url': 'https://sun9-18.userapi.com/s/v1/ig2/ziilsGKjf-5yiK2C4rQXzzMYZg8UcgA1zcAaTpSidgKyxaqRXHfzbJLE1xeJNn7UiVvr2aIxi03-16BNGqF5DO6O.jpg?quality=95&as=32x32,48x48,72x72,108x108,160x160,240x240,360x360,480x480,540x540,640x640,720x720,1080x1080,1081x1081&from=bu&cs=160x0'}, {'height': 640, 'type': 'x', 'width': 640, 'url': 'https://sun9-18.userapi.com/s/v1/ig2/ziilsGKjf-5yiK2C4rQXzzMYZg8UcgA1zcAaTpSidgKyxaqRXHfzbJLE1xeJNn7UiVvr2aIxi03-16BNGqF5DO6O.jpg?quality=95&as=32x32,48x48,72x72,108x108,160x160,240x240,360x360,480x480,540x540,640x640,720x720,1080x1080,1081x1081&from=bu&cs=640x0'}, {'height': 1080, 'type': 'y', 'width': 1080, 'url': 'https://sun9-18.userapi.com/s/v1/ig2/ziilsGKjf-5yiK2C4rQXzzMYZg8UcgA1zcAaTpSidgKyxaqRXHfzbJLE1xeJNn7UiVvr2aIxi03-16BNGqF5DO6O.jpg?quality=95&as=32x32,48x48,72x72,108x108,160x160,240x240,360x360,480x480,540x540,640x640,720x720,1080x1080,1081x1081&from=bu&cs=1080x0'}, {'height': 1081, 'type': 'z', 'width': 1081, 'url': 'https://sun9-18.userapi.com/s/v1/ig2/ziilsGKjf-5yiK2C4rQXzzMYZg8UcgA1zcAaTpSidgKyxaqRXHfzbJLE1xeJNn7UiVvr2aIxi03-16BNGqF5DO6O.jpg?quality=95&as=32x32,48x48,72x72,108x108,160x160,240x240,360x360,480x480,540x540,640x640,720x720,1080x1080,1081x1081&from=bu&cs=1081x0'}, {'height': 108, 'type': 'o', 'width': 108, 'url': 'https://sun9-18.userapi.com/s/v1/ig2/ziilsGKjf-5yiK2C4rQXzzMYZg8UcgA1zcAaTpSidgKyxaqRXHfzbJLE1xeJNn7UiVvr2aIxi03-16BNGqF5DO6O.jpg?quality=95&as=32x32,48x48,72x72,108x108,160x160,240x240,360x360,480x480,540x540,640x640,720x720,1080x1080,1081x1081&from=bu&cs=108x0'}, {'height': 240, 'type': 'p', 'width': 240, 'url': 'https://sun9-18.userapi.com/s/v1/ig2/ziilsGKjf-5yiK2C4rQXzzMYZg8UcgA1zcAaTpSidgKyxaqRXHfzbJLE1xeJNn7UiVvr2aIxi03-16BNGqF5DO6O.jpg?quality=95&as=32x32,48x48,72x72,108x108,160x160,240x240,360x360,480x480,540x540,640x640,720x720,1080x1080,1081x1081&from=bu&cs=240x0'}, {'height': 360, 'type': 'q', 'width': 360, 'url': 'https://sun9-18.userapi.com/s/v1/ig2/ziilsGKjf-5yiK2C4rQXzzMYZg8UcgA1zcAaTpSidgKyxaqRXHfzbJLE1xeJNn7UiVvr2aIxi03-16BNGqF5DO6O.jpg?quality=95&as=32x32,48x48,72x72,108x108,160x160,240x240,360x360,480x480,540x540,640x640,720x720,1080x1080,1081x1081&from=bu&cs=360x0'}, {'height': 540, 'type': 'r', 'width': 540, 'url': 'https://sun9-18.userapi.com/s/v1/ig2/ziilsGKjf-5yiK2C4rQXzzMYZg8UcgA1zcAaTpSidgKyxaqRXHfzbJLE1xeJNn7UiVvr2aIxi03-16BNGqF5DO6O.jpg?quality=95&as=32x32,48x48,72x72,108x108,160x160,240x240,360x360,480x480,540x540,640x640,720x720,1080x1080,1081x1081&from=bu&cs=540x0'}, {'height': 1081, 'type': 'base', 'width': 1081, 'url': 'https://sun9-18.userapi.com/s/v1/ig2/ziilsGKjf-5yiK2C4rQXzzMYZg8UcgA1zcAaTpSidgKyxaqRXHfzbJLE1xeJNn7UiVvr2aIxi03-16BNGqF5DO6O.jpg?quality=95&as=32x32,48x48,72x72,108x108,160x160,240x240,360x360,480x480,540x540,640x640,720x720,1080x1080,1081x1081&from=bu'}], 'square_crop': '0,0,1081', 'text': '', 'web_view_token': 'd200b1f2914501b1d6', 'likes': {'count': 71, 'user_likes': 0}, 'comments': {'count': 1}, 'reposts': {'count': 0}, 'tags': {'count': 0}, 'orig_photo': {'height': 1081, 'type': 'base', 'url': 'https://sun9-18.userapi.com/s/v1/ig2/ziilsGKjf-5yiK2C4rQXzzMYZg8UcgA1zcAaTpSidgKyxaqRXHfzbJLE1xeJNn7UiVvr2aIxi03-16BNGqF5DO6O.jpg?quality=95&as=32x32,48x48,72x72,108x108,160x160,240x240,360x360,480x480,540x540,640x640,720x720,1080x1080,1081x1081&from=bu', 'width': 1081}}, {'album_id': -6, 'date': 1700133140, 'id': 457239042, 'owner_id': 832483485, 'can_comment': 1, 'sizes': [{'height': 72, 'type': 's', 'width': 72, 'url': 'https://sun1-16.userapi.com/s/v1/ig2/guJZPiKfd3ueEXPiQDOC3jFx4F_zs2kdKL1fPE-q39Y3xP2T2ueanAGS9JhNTLh-YvBR62ap_5FJnXO2jPGe6LzV.jpg?quality=95&as=32x32,48x48,72x72,108x108,160x160,240x240,360x360,480x480,540x540,640x640,720x720,1080x1080&from=bu&cs=72x0'}, {'height': 160, 'type': 'm', 'width': 160, 'url': 'https://sun1-16.userapi.com/s/v1/ig2/guJZPiKfd3ueEXPiQDOC3jFx4F_zs2kdKL1fPE-q39Y3xP2T2ueanAGS9JhNTLh-YvBR62ap_5FJnXO2jPGe6LzV.jpg?quality=95&as=32x32,48x48,72x72,108x108,160x160,240x240,360x360,480x480,540x540,640x640,720x720,1080x1080&from=bu&cs=160x0'}, {'height': 640, 'type': 'x', 'width': 640, 'url': 'https://sun1-16.userapi.com/s/v1/ig2/guJZPiKfd3ueEXPiQDOC3jFx4F_zs2kdKL1fPE-q39Y3xP2T2ueanAGS9JhNTLh-YvBR62ap_5FJnXO2jPGe6LzV.jpg?quality=95&as=32x32,48x48,72x72,108x108,160x160,240x240,360x360,480x480,540x540,640x640,720x720,1080x1080&from=bu&cs=640x0'}, {'height': 1080, 'type': 'y', 'width': 1080, 'url': 'https://sun1-16.userapi.com/s/v1/ig2/guJZPiKfd3ueEXPiQDOC3jFx4F_zs2kdKL1fPE-q39Y3xP2T2ueanAGS9JhNTLh-YvBR62ap_5FJnXO2jPGe6LzV.jpg?quality=95&as=32x32,48x48,72x72,108x108,160x160,240x240,360x360,480x480,540x540,640x640,720x720,1080x1080&from=bu&cs=1080x0'}, {'height': 1080, 'type': 'z', 'width': 1080, 'url': 'https://sun1-16.userapi.com/s/v1/ig2/guJZPiKfd3ueEXPiQDOC3jFx4F_zs2kdKL1fPE-q39Y3xP2T2ueanAGS9JhNTLh-YvBR62ap_5FJnXO2jPGe6LzV.jpg?quality=95&as=32x32,48x48,72x72,108x108,160x160,240x240,360x360,480x480,540x540,640x640,720x720,1080x1080&from=bu&cs=1080x0'}, {'height': 108, 'type': 'o', 'width': 108, 'url': 'https://sun1-16.userapi.com/s/v1/ig2/guJZPiKfd3ueEXPiQDOC3jFx4F_zs2kdKL1fPE-q39Y3xP2T2ueanAGS9JhNTLh-YvBR62ap_5FJnXO2jPGe6LzV.jpg?quality=95&as=32x32,48x48,72x72,108x108,160x160,240x240,360x360,480x480,540x540,640x640,720x720,1080x1080&from=bu&cs=108x0'}, {'height': 240, 'type': 'p', 'width': 240, 'url': 'https://sun1-16.userapi.com/s/v1/ig2/guJZPiKfd3ueEXPiQDOC3jFx4F_zs2kdKL1fPE-q39Y3xP2T2ueanAGS9JhNTLh-YvBR62ap_5FJnXO2jPGe6LzV.jpg?quality=95&as=32x32,48x48,72x72,108x108,160x160,240x240,360x360,480x480,540x540,640x640,720x720,1080x1080&from=bu&cs=240x0'}, {'height': 360, 'type': 'q', 'width': 360, 'url': 'https://sun1-16.userapi.com/s/v1/ig2/guJZPiKfd3ueEXPiQDOC3jFx4F_zs2kdKL1fPE-q39Y3xP2T2ueanAGS9JhNTLh-YvBR62ap_5FJnXO2jPGe6LzV.jpg?quality=95&as=32x32,48x48,72x72,108x108,160x160,240x240,360x360,480x480,540x540,640x640,720x720,1080x1080&from=bu&cs=360x0'}, {'height': 540, 'type': 'r', 'width': 540, 'url': 'https://sun1-16.userapi.com/s/v1/ig2/guJZPiKfd3ueEXPiQDOC3jFx4F_zs2kdKL1fPE-q39Y3xP2T2ueanAGS9JhNTLh-YvBR62ap_5FJnXO2jPGe6LzV.jpg?quality=95&as=32x32,48x48,72x72,108x108,160x160,240x240,360x360,480x480,540x540,640x640,720x720,1080x1080&from=bu&cs=540x0'}, {'height': 1080, 'type': 'base', 'width': 1080, 'url': 'https://sun1-16.userapi.com/s/v1/ig2/guJZPiKfd3ueEXPiQDOC3jFx4F_zs2kdKL1fPE-q39Y3xP2T2ueanAGS9JhNTLh-YvBR62ap_5FJnXO2jPGe6LzV.jpg?quality=95&as=32x32,48x48,72x72,108x108,160x160,240x240,360x360,480x480,540x540,640x640,720x720,1080x1080&from=bu'}], 'square_crop': '196,142,689', 'text': '', 'web_view_token': '3527b495dc2aef0d63', 'likes': {'count': 516, 'user_likes': 0}, 'comments': {'count': 40}, 'reposts': {'count': 0}, 'tags': {'count': 0}, 'orig_photo': {'height': 1080, 'type': 'base', 'url': 'https://sun1-16.userapi.com/s/v1/ig2/guJZPiKfd3ueEXPiQDOC3jFx4F_zs2kdKL1fPE-q39Y3xP2T2ueanAGS9JhNTLh-YvBR62ap_5FJnXO2jPGe6LzV.jpg?quality=95&as=32x32,48x48,72x72,108x108,160x160,240x240,360x360,480x480,540x540,640x640,720x720,1080x1080&from=bu', 'width': 1080}}, {'album_id': -6, 'date': 1716837445, 'id': 457241244, 'owner_id': 832483485, 'can_comment': 1, 'sizes': [{'height': 108, 'type': 's', 'width': 72, 'url': 'https://sun9-68.userapi.com/s/v1/ig2/p-yMciaM1oMY1mRsYMrgaaX_zgrAZ6wzbVf6oRB_z3zEpE3eHSUx7-0omug2XETGGAKlzbFBZK9kgpklaqz2z1B1.jpg?quality=95&as=32x48,48x72,72x108,108x162,160x240,240x360,360x540,480x720,540x810,640x960,720x1080,1080x1621,1280x1921,1440x2161,1706x2560&from=bu&cs=72x0'}, {'height': 240, 'type': 'm', 'width': 160, 'url': 'https://sun9-68.userapi.com/s/v1/ig2/p-yMciaM1oMY1mRsYMrgaaX_zgrAZ6wzbVf6oRB_z3zEpE3eHSUx7-0omug2XETGGAKlzbFBZK9kgpklaqz2z1B1.jpg?quality=95&as=32x48,48x72,72x108,108x162,160x240,240x360,360x540,480x720,540x810,640x960,720x1080,1080x1621,1280x1921,1440x2161,1706x2560&from=bu&cs=160x0'}, {'height': 960, 'type': 'x', 'width': 640, 'url': 'https://sun9-68.userapi.com/s/v1/ig2/p-yMciaM1oMY1mRsYMrgaaX_zgrAZ6wzbVf6oRB_z3zEpE3eHSUx7-0omug2XETGGAKlzbFBZK9kgpklaqz2z1B1.jpg?quality=95&as=32x48,48x72,72x108,108x162,160x240,240x360,360x540,480x720,540x810,640x960,720x1080,1080x1621,1280x1921,1440x2161,1706x2560&from=bu&cs=640x0'}, {'height': 1621, 'type': 'y', 'width': 1080, 'url': 'https://sun9-68.userapi.com/s/v1/ig2/p-yMciaM1oMY1mRsYMrgaaX_zgrAZ6wzbVf6oRB_z3zEpE3eHSUx7-0omug2XETGGAKlzbFBZK9kgpklaqz2z1B1.jpg?quality=95&as=32x48,48x72,72x108,108x162,160x240,240x360,360x540,480x720,540x810,640x960,720x1080,1080x1621,1280x1921,1440x2161,1706x2560&from=bu&cs=1080x0'}, {'height': 1921, 'type': 'z', 'width': 1280, 'url': 'https://sun9-68.userapi.com/s/v1/ig2/p-yMciaM1oMY1mRsYMrgaaX_zgrAZ6wzbVf6oRB_z3zEpE3eHSUx7-0omug2XETGGAKlzbFBZK9kgpklaqz2z1B1.jpg?quality=95&as=32x48,48x72,72x108,108x162,160x240,240x360,360x540,480x720,540x810,640x960,720x1080,1080x1621,1280x1921,1440x2161,1706x2560&from=bu&cs=1280x0'}, {'height': 2560, 'type': 'w', 'width': 1706, 'url': 'https://sun9-68.userapi.com/s/v1/ig2/p-yMciaM1oMY1mRsYMrgaaX_zgrAZ6wzbVf6oRB_z3zEpE3eHSUx7-0omug2XETGGAKlzbFBZK9kgpklaqz2z1B1.jpg?quality=95&as=32x48,48x72,72x108,108x162,160x240,240x360,360x540,480x720,540x810,640x960,720x1080,1080x1621,1280x1921,1440x2161,1706x2560&from=bu&cs=1706x0'}, {'height': 162, 'type': 'o', 'width': 108, 'url': 'https://sun9-68.userapi.com/s/v1/ig2/p-yMciaM1oMY1mRsYMrgaaX_zgrAZ6wzbVf6oRB_z3zEpE3eHSUx7-0omug2XETGGAKlzbFBZK9kgpklaqz2z1B1.jpg?quality=95&as=32x48,48x72,72x108,108x162,160x240,240x360,360x540,480x720,540x810,640x960,720x1080,1080x1621,1280x1921,1440x2161,1706x2560&from=bu&cs=108x0'}, {'height': 360, 'type': 'p', 'width': 240, 'url': 'https://sun9-68.userapi.com/s/v1/ig2/p-yMciaM1oMY1mRsYMrgaaX_zgrAZ6wzbVf6oRB_z3zEpE3eHSUx7-0omug2XETGGAKlzbFBZK9kgpklaqz2z1B1.jpg?quality=95&as=32x48,48x72,72x108,108x162,160x240,240x360,360x540,480x720,540x810,640x960,720x1080,1080x1621,1280x1921,1440x2161,1706x2560&from=bu&cs=240x0'}, {'height': 540, 'type': 'q', 'width': 360, 'url': 'https://sun9-68.userapi.com/s/v1/ig2/p-yMciaM1oMY1mRsYMrgaaX_zgrAZ6wzbVf6oRB_z3zEpE3eHSUx7-0omug2XETGGAKlzbFBZK9kgpklaqz2z1B1.jpg?quality=95&as=32x48,48x72,72x108,108x162,160x240,240x360,360x540,480x720,540x810,640x960,720x1080,1080x1621,1280x1921,1440x2161,1706x2560&from=bu&cs=360x0'}, {'height': 810, 'type': 'r', 'width': 540, 'url': 'https://sun9-68.userapi.com/s/v1/ig2/p-yMciaM1oMY1mRsYMrgaaX_zgrAZ6wzbVf6oRB_z3zEpE3eHSUx7-0omug2XETGGAKlzbFBZK9kgpklaqz2z1B1.jpg?quality=95&as=32x48,48x72,72x108,108x162,160x240,240x360,360x540,480x720,540x810,640x960,720x1080,1080x1621,1280x1921,1440x2161,1706x2560&from=bu&cs=540x0'}, {'height': 2560, 'type': 'base', 'width': 1706, 'url': 'https://sun9-68.userapi.com/s/v1/ig2/p-yMciaM1oMY1mRsYMrgaaX_zgrAZ6wzbVf6oRB_z3zEpE3eHSUx7-0omug2XETGGAKlzbFBZK9kgpklaqz2z1B1.jpg?quality=95&as=32x48,48x72,72x108,108x162,160x240,240x360,360x540,480x720,540x810,640x960,720x1080,1080x1621,1280x1921,1440x2161,1706x2560&from=bu'}], 'square_crop': '290,63,1214', 'text': '', 'web_view_token': 'd7f5478fd53594a8a6', 'likes': {'count': 499, 'user_likes': 0}, 'comments': {'count': 38}, 'reposts': {'count': 0}, 'tags': {'count': 0}, 'orig_photo': {'height': 2560, 'type': 'base', 'url': 'https://sun9-68.userapi.com/s/v1/ig2/p-yMciaM1oMY1mRsYMrgaaX_zgrAZ6wzbVf6oRB_z3zEpE3eHSUx7-0omug2XETGGAKlzbFBZK9kgpklaqz2z1B1.jpg?quality=95&as=32x48,48x72,72x108,108x162,160x240,240x360,360x540,480x720,540x810,640x960,720x1080,1080x1621,1280x1921,1440x2161,1706x2560&from=bu', 'width': 1706}}, {'album_id': -6, 'date': 1726814705, 'id': 457243634, 'owner_id': 832483485, 'can_comment': 1, 'sizes': [{'height': 84, 'type': 's', 'width': 72, 'url': 'https://sun9-26.userapi.com/s/v1/ig2/08-dFKterCo8oSFpnHJ-fNf942G-vSKIPRc6U4ZY0X_IonEsIaMaQ62wYxTp_a30LF7GTXVP1plpO5kR11NnyV45.jpg?quality=95&as=32x37,48x56,72x84,108x126,160x187,240x280,360x420,480x560,540x630,640x747,720x840,1072x1251&from=bu&cs=72x0'}, {'height': 187, 'type': 'm', 'width': 160, 'url': 'https://sun9-26.userapi.com/s/v1/ig2/08-dFKterCo8oSFpnHJ-fNf942G-vSKIPRc6U4ZY0X_IonEsIaMaQ62wYxTp_a30LF7GTXVP1plpO5kR11NnyV45.jpg?quality=95&as=32x37,48x56,72x84,108x126,160x187,240x280,360x420,480x560,540x630,640x747,720x840,1072x1251&from=bu&cs=160x0'}, {'height': 747, 'type': 'x', 'width': 640, 'url': 'https://sun9-26.userapi.com/s/v1/ig2/08-dFKterCo8oSFpnHJ-fNf942G-vSKIPRc6U4ZY0X_IonEsIaMaQ62wYxTp_a30LF7GTXVP1plpO5kR11NnyV45.jpg?quality=95&as=32x37,48x56,72x84,108x126,160x187,240x280,360x420,480x560,540x630,640x747,720x840,1072x1251&from=bu&cs=640x0'}, {'height': 1251, 'type': 'y', 'width': 1072, 'url': 'https://sun9-26.userapi.com/s/v1/ig2/08-dFKterCo8oSFpnHJ-fNf942G-vSKIPRc6U4ZY0X_IonEsIaMaQ62wYxTp_a30LF7GTXVP1plpO5kR11NnyV45.jpg?quality=95&as=32x37,48x56,72x84,108x126,160x187,240x280,360x420,480x560,540x630,640x747,720x840,1072x1251&from=bu&cs=1072x0'}, {'height': 126, 'type': 'o', 'width': 108, 'url': 'https://sun9-26.userapi.com/s/v1/ig2/08-dFKterCo8oSFpnHJ-fNf942G-vSKIPRc6U4ZY0X_IonEsIaMaQ62wYxTp_a30LF7GTXVP1plpO5kR11NnyV45.jpg?quality=95&as=32x37,48x56,72x84,108x126,160x187,240x280,360x420,480x560,540x630,640x747,720x840,1072x1251&from=bu&cs=108x0'}, {'height': 280, 'type': 'p', 'width': 240, 'url': 'https://sun9-26.userapi.com/s/v1/ig2/08-dFKterCo8oSFpnHJ-fNf942G-vSKIPRc6U4ZY0X_IonEsIaMaQ62wYxTp_a30LF7GTXVP1plpO5kR11NnyV45.jpg?quality=95&as=32x37,48x56,72x84,108x126,160x187,240x280,360x420,480x560,540x630,640x747,720x840,1072x1251&from=bu&cs=240x0'}, {'height': 420, 'type': 'q', 'width': 360, 'url': 'https://sun9-26.userapi.com/s/v1/ig2/08-dFKterCo8oSFpnHJ-fNf942G-vSKIPRc6U4ZY0X_IonEsIaMaQ62wYxTp_a30LF7GTXVP1plpO5kR11NnyV45.jpg?quality=95&as=32x37,48x56,72x84,108x126,160x187,240x280,360x420,480x560,540x630,640x747,720x840,1072x1251&from=bu&cs=360x0'}, {'height': 630, 'type': 'r', 'width': 540, 'url': 'https://sun9-26.userapi.com/s/v1/ig2/08-dFKterCo8oSFpnHJ-fNf942G-vSKIPRc6U4ZY0X_IonEsIaMaQ62wYxTp_a30LF7GTXVP1plpO5kR11NnyV45.jpg?quality=95&as=32x37,48x56,72x84,108x126,160x187,240x280,360x420,480x560,540x630,640x747,720x840,1072x1251&from=bu&cs=540x0'}, {'height': 1251, 'type': 'base', 'width': 1072, 'url': 'https://sun9-26.userapi.com/s/v1/ig2/08-dFKterCo8oSFpnHJ-fNf942G-vSKIPRc6U4ZY0X_IonEsIaMaQ62wYxTp_a30LF7GTXVP1plpO5kR11NnyV45.jpg?quality=95&as=32x37,48x56,72x84,108x126,160x187,240x280,360x420,480x560,540x630,640x747,720x840,1072x1251&from=bu'}], 'square_crop': '0,89,1072', 'text': '', 'web_view_token': '716787b464ebe880fa', 'likes': {'count': 250, 'user_likes': 0}, 'comments': {'count': 7}, 'reposts': {'count': 0}, 'tags': {'count': 0}, 'orig_photo': {'height': 1251, 'type': 'base', 'url': 'https://sun9-26.userapi.com/s/v1/ig2/08-dFKterCo8oSFpnHJ-fNf942G-vSKIPRc6U4ZY0X_IonEsIaMaQ62wYxTp_a30LF7GTXVP1plpO5kR11NnyV45.jpg?quality=95&as=32x37,48x56,72x84,108x126,160x187,240x280,360x420,480x560,540x630,640x747,720x840,1072x1251&from=bu', 'width': 1072}}, {'album_id': -6, 'date': 1733173297, 'id': 457245744, 'owner_id': 832483485, 'can_comment': 1, 'sizes': [{'height': 79, 'type': 's', 'width': 72, 'url': 'https://sun9-57.userapi.com/s/v1/ig2/SwKiT3UF_k6ZmA-HfrUOiLN7byTmIJ9yjVoagP70RnVk5arnGTHGGjd3aAG5JHLsHDNMMarp-IsY1UAEAsQC4crL.jpg?quality=95&as=32x35,48x53,72x79,108x119,160x176,240x264,360x397,480x529,490x540&from=bu&cs=72x0'}, {'height': 176, 'type': 'm', 'width': 160, 'url': 'https://sun9-57.userapi.com/s/v1/ig2/SwKiT3UF_k6ZmA-HfrUOiLN7byTmIJ9yjVoagP70RnVk5arnGTHGGjd3aAG5JHLsHDNMMarp-IsY1UAEAsQC4crL.jpg?quality=95&as=32x35,48x53,72x79,108x119,160x176,240x264,360x397,480x529,490x540&from=bu&cs=160x0'}, {'height': 540, 'type': 'x', 'width': 490, 'url': 'https://sun9-57.userapi.com/s/v1/ig2/SwKiT3UF_k6ZmA-HfrUOiLN7byTmIJ9yjVoagP70RnVk5arnGTHGGjd3aAG5JHLsHDNMMarp-IsY1UAEAsQC4crL.jpg?quality=95&as=32x35,48x53,72x79,108x119,160x176,240x264,360x397,480x529,490x540&from=bu&cs=490x0'}, {'height': 540, 'type': 'y', 'width': 490, 'url': 'https://sun9-57.userapi.com/s/v1/ig2/SwKiT3UF_k6ZmA-HfrUOiLN7byTmIJ9yjVoagP70RnVk5arnGTHGGjd3aAG5JHLsHDNMMarp-IsY1UAEAsQC4crL.jpg?quality=95&as=32x35,48x53,72x79,108x119,160x176,240x264,360x397,480x529,490x540&from=bu&cs=490x0'}, {'height': 119, 'type': 'o', 'width': 108, 'url': 'https://sun9-57.userapi.com/s/v1/ig2/SwKiT3UF_k6ZmA-HfrUOiLN7byTmIJ9yjVoagP70RnVk5arnGTHGGjd3aAG5JHLsHDNMMarp-IsY1UAEAsQC4crL.jpg?quality=95&as=32x35,48x53,72x79,108x119,160x176,240x264,360x397,480x529,490x540&from=bu&cs=108x0'}, {'height': 264, 'type': 'p', 'width': 240, 'url': 'https://sun9-57.userapi.com/s/v1/ig2/SwKiT3UF_k6ZmA-HfrUOiLN7byTmIJ9yjVoagP70RnVk5arnGTHGGjd3aAG5JHLsHDNMMarp-IsY1UAEAsQC4crL.jpg?quality=95&as=32x35,48x53,72x79,108x119,160x176,240x264,360x397,480x529,490x540&from=bu&cs=240x0'}, {'height': 397, 'type': 'q', 'width': 360, 'url': 'https://sun9-57.userapi.com/s/v1/ig2/SwKiT3UF_k6ZmA-HfrUOiLN7byTmIJ9yjVoagP70RnVk5arnGTHGGjd3aAG5JHLsHDNMMarp-IsY1UAEAsQC4crL.jpg?quality=95&as=32x35,48x53,72x79,108x119,160x176,240x264,360x397,480x529,490x540&from=bu&cs=360x0'}, {'height': 540, 'type': 'base', 'width': 490, 'url': 'https://sun9-57.userapi.com/s/v1/ig2/SwKiT3UF_k6ZmA-HfrUOiLN7byTmIJ9yjVoagP70RnVk5arnGTHGGjd3aAG5JHLsHDNMMarp-IsY1UAEAsQC4crL.jpg?quality=95&as=32x35,48x53,72x79,108x119,160x176,240x264,360x397,480x529,490x540&from=bu'}], 'square_crop': '0,9,486', 'text': '', 'web_view_token': '960d9275e308dd7445', 'likes': {'count': 184, 'user_likes': 0}, 'comments': {'count': 26}, 'reposts': {'count': 0}, 'tags': {'count': 0}, 'orig_photo': {'height': 540, 'type': 'base', 'url': 'https://sun9-57.userapi.com/s/v1/ig2/SwKiT3UF_k6ZmA-HfrUOiLN7byTmIJ9yjVoagP70RnVk5arnGTHGGjd3aAG5JHLsHDNMMarp-IsY1UAEAsQC4crL.jpg?quality=95&as=32x35,48x53,72x79,108x119,160x176,240x264,360x397,480x529,490x540&from=bu', 'width': 490}}], 'next_from': ''}
14:17:19 - DEBUG - profile photos: [{'album_id': -6, 'date': 1711299614, 'id': 457240328, 'owner_id': 832483485, 'can_comment': 1, 'sizes': [{'height': 72, 'type': 's', 'width': 72, 'url': 'https://sun9-18.userapi.com/s/v1/ig2/ziilsGKjf-5yiK2C4rQXzzMYZg8UcgA1zcAaTpSidgKyxaqRXHfzbJLE1xeJNn7UiVvr2aIxi03-16BNGqF5DO6O.jpg?quality=95&as=32x32,48x48,72x72,108x108,160x160,240x240,360x360,480x480,540x540,640x640,720x720,1080x1080,1081x1081&from=bu&cs=72x0'}, {'height': 160, 'type': 'm', 'width': 160, 'url': 'https://sun9-18.userapi.com/s/v1/ig2/ziilsGKjf-5yiK2C4rQXzzMYZg8UcgA1zcAaTpSidgKyxaqRXHfzbJLE1xeJNn7UiVvr2aIxi03-16BNGqF5DO6O.jpg?quality=95&as=32x32,48x48,72x72,108x108,160x160,240x240,360x360,480x480,540x540,640x640,720x720,1080x1080,1081x1081&from=bu&cs=160x0'}, {'height': 640, 'type': 'x', 'width': 640, 'url': 'https://sun9-18.userapi.com/s/v1/ig2/ziilsGKjf-5yiK2C4rQXzzMYZg8UcgA1zcAaTpSidgKyxaqRXHfzbJLE1xeJNn7UiVvr2aIxi03-16BNGqF5DO6O.jpg?quality=95&as=32x32,48x48,72x72,108x108,160x160,240x240,360x360,480x480,540x540,640x640,720x720,1080x1080,1081x1081&from=bu&cs=640x0'}, {'height': 1080, 'type': 'y', 'width': 1080, 'url': 'https://sun9-18.userapi.com/s/v1/ig2/ziilsGKjf-5yiK2C4rQXzzMYZg8UcgA1zcAaTpSidgKyxaqRXHfzbJLE1xeJNn7UiVvr2aIxi03-16BNGqF5DO6O.jpg?quality=95&as=32x32,48x48,72x72,108x108,160x160,240x240,360x360,480x480,540x540,640x640,720x720,1080x1080,1081x1081&from=bu&cs=1080x0'}, {'height': 1081, 'type': 'z', 'width': 1081, 'url': 'https://sun9-18.userapi.com/s/v1/ig2/ziilsGKjf-5yiK2C4rQXzzMYZg8UcgA1zcAaTpSidgKyxaqRXHfzbJLE1xeJNn7UiVvr2aIxi03-16BNGqF5DO6O.jpg?quality=95&as=32x32,48x48,72x72,108x108,160x160,240x240,360x360,480x480,540x540,640x640,720x720,1080x1080,1081x1081&from=bu&cs=1081x0'}, {'height': 108, 'type': 'o', 'width': 108, 'url': 'https://sun9-18.userapi.com/s/v1/ig2/ziilsGKjf-5yiK2C4rQXzzMYZg8UcgA1zcAaTpSidgKyxaqRXHfzbJLE1xeJNn7UiVvr2aIxi03-16BNGqF5DO6O.jpg?quality=95&as=32x32,48x48,72x72,108x108,160x160,240x240,360x360,480x480,540x540,640x640,720x720,1080x1080,1081x1081&from=bu&cs=108x0'}, {'height': 240, 'type': 'p', 'width': 240, 'url': 'https://sun9-18.userapi.com/s/v1/ig2/ziilsGKjf-5yiK2C4rQXzzMYZg8UcgA1zcAaTpSidgKyxaqRXHfzbJLE1xeJNn7UiVvr2aIxi03-16BNGqF5DO6O.jpg?quality=95&as=32x32,48x48,72x72,108x108,160x160,240x240,360x360,480x480,540x540,640x640,720x720,1080x1080,1081x1081&from=bu&cs=240x0'}, {'height': 360, 'type': 'q', 'width': 360, 'url': 'https://sun9-18.userapi.com/s/v1/ig2/ziilsGKjf-5yiK2C4rQXzzMYZg8UcgA1zcAaTpSidgKyxaqRXHfzbJLE1xeJNn7UiVvr2aIxi03-16BNGqF5DO6O.jpg?quality=95&as=32x32,48x48,72x72,108x108,160x160,240x240,360x360,480x480,540x540,640x640,720x720,1080x1080,1081x1081&from=bu&cs=360x0'}, {'height': 540, 'type': 'r', 'width': 540, 'url': 'https://sun9-18.userapi.com/s/v1/ig2/ziilsGKjf-5yiK2C4rQXzzMYZg8UcgA1zcAaTpSidgKyxaqRXHfzbJLE1xeJNn7UiVvr2aIxi03-16BNGqF5DO6O.jpg?quality=95&as=32x32,48x48,72x72,108x108,160x160,240x240,360x360,480x480,540x540,640x640,720x720,1080x1080,1081x1081&from=bu&cs=540x0'}, {'height': 1081, 'type': 'base', 'width': 1081, 'url': 'https://sun9-18.userapi.com/s/v1/ig2/ziilsGKjf-5yiK2C4rQXzzMYZg8UcgA1zcAaTpSidgKyxaqRXHfzbJLE1xeJNn7UiVvr2aIxi03-16BNGqF5DO6O.jpg?quality=95&as=32x32,48x48,72x72,108x108,160x160,240x240,360x360,480x480,540x540,640x640,720x720,1080x1080,1081x1081&from=bu'}], 'square_crop': '0,0,1081', 'text': '', 'web_view_token': 'd200b1f2914501b1d6', 'likes': {'count': 71, 'user_likes': 0}, 'comments': {'count': 1}, 'reposts': {'count': 0}, 'tags': {'count': 0}, 'orig_photo': {'height': 1081, 'type': 'base', 'url': 'https://sun9-18.userapi.com/s/v1/ig2/ziilsGKjf-5yiK2C4rQXzzMYZg8UcgA1zcAaTpSidgKyxaqRXHfzbJLE1xeJNn7UiVvr2aIxi03-16BNGqF5DO6O.jpg?quality=95&as=32x32,48x48,72x72,108x108,160x160,240x240,360x360,480x480,540x540,640x640,720x720,1080x1080,1081x1081&from=bu', 'width': 1081}}, {'album_id': -6, 'date': 1700133140, 'id': 457239042, 'owner_id': 832483485, 'can_comment': 1, 'sizes': [{'height': 72, 'type': 's', 'width': 72, 'url': 'https://sun1-16.userapi.com/s/v1/ig2/guJZPiKfd3ueEXPiQDOC3jFx4F_zs2kdKL1fPE-q39Y3xP2T2ueanAGS9JhNTLh-YvBR62ap_5FJnXO2jPGe6LzV.jpg?quality=95&as=32x32,48x48,72x72,108x108,160x160,240x240,360x360,480x480,540x540,640x640,720x720,1080x1080&from=bu&cs=72x0'}, {'height': 160, 'type': 'm', 'width': 160, 'url': 'https://sun1-16.userapi.com/s/v1/ig2/guJZPiKfd3ueEXPiQDOC3jFx4F_zs2kdKL1fPE-q39Y3xP2T2ueanAGS9JhNTLh-YvBR62ap_5FJnXO2jPGe6LzV.jpg?quality=95&as=32x32,48x48,72x72,108x108,160x160,240x240,360x360,480x480,540x540,640x640,720x720,1080x1080&from=bu&cs=160x0'}, {'height': 640, 'type': 'x', 'width': 640, 'url': 'https://sun1-16.userapi.com/s/v1/ig2/guJZPiKfd3ueEXPiQDOC3jFx4F_zs2kdKL1fPE-q39Y3xP2T2ueanAGS9JhNTLh-YvBR62ap_5FJnXO2jPGe6LzV.jpg?quality=95&as=32x32,48x48,72x72,108x108,160x160,240x240,360x360,480x480,540x540,640x640,720x720,1080x1080&from=bu&cs=640x0'}, {'height': 1080, 'type': 'y', 'width': 1080, 'url': 'https://sun1-16.userapi.com/s/v1/ig2/guJZPiKfd3ueEXPiQDOC3jFx4F_zs2kdKL1fPE-q39Y3xP2T2ueanAGS9JhNTLh-YvBR62ap_5FJnXO2jPGe6LzV.jpg?quality=95&as=32x32,48x48,72x72,108x108,160x160,240x240,360x360,480x480,540x540,640x640,720x720,1080x1080&from=bu&cs=1080x0'}, {'height': 1080, 'type': 'z', 'width': 1080, 'url': 'https://sun1-16.userapi.com/s/v1/ig2/guJZPiKfd3ueEXPiQDOC3jFx4F_zs2kdKL1fPE-q39Y3xP2T2ueanAGS9JhNTLh-YvBR62ap_5FJnXO2jPGe6LzV.jpg?quality=95&as=32x32,48x48,72x72,108x108,160x160,240x240,360x360,480x480,540x540,640x640,720x720,1080x1080&from=bu&cs=1080x0'}, {'height': 108, 'type': 'o', 'width': 108, 'url': 'https://sun1-16.userapi.com/s/v1/ig2/guJZPiKfd3ueEXPiQDOC3jFx4F_zs2kdKL1fPE-q39Y3xP2T2ueanAGS9JhNTLh-YvBR62ap_5FJnXO2jPGe6LzV.jpg?quality=95&as=32x32,48x48,72x72,108x108,160x160,240x240,360x360,480x480,540x540,640x640,720x720,1080x1080&from=bu&cs=108x0'}, {'height': 240, 'type': 'p', 'width': 240, 'url': 'https://sun1-16.userapi.com/s/v1/ig2/guJZPiKfd3ueEXPiQDOC3jFx4F_zs2kdKL1fPE-q39Y3xP2T2ueanAGS9JhNTLh-YvBR62ap_5FJnXO2jPGe6LzV.jpg?quality=95&as=32x32,48x48,72x72,108x108,160x160,240x240,360x360,480x480,540x540,640x640,720x720,1080x1080&from=bu&cs=240x0'}, {'height': 360, 'type': 'q', 'width': 360, 'url': 'https://sun1-16.userapi.com/s/v1/ig2/guJZPiKfd3ueEXPiQDOC3jFx4F_zs2kdKL1fPE-q39Y3xP2T2ueanAGS9JhNTLh-YvBR62ap_5FJnXO2jPGe6LzV.jpg?quality=95&as=32x32,48x48,72x72,108x108,160x160,240x240,360x360,480x480,540x540,640x640,720x720,1080x1080&from=bu&cs=360x0'}, {'height': 540, 'type': 'r', 'width': 540, 'url': 'https://sun1-16.userapi.com/s/v1/ig2/guJZPiKfd3ueEXPiQDOC3jFx4F_zs2kdKL1fPE-q39Y3xP2T2ueanAGS9JhNTLh-YvBR62ap_5FJnXO2jPGe6LzV.jpg?quality=95&as=32x32,48x48,72x72,108x108,160x160,240x240,360x360,480x480,540x540,640x640,720x720,1080x1080&from=bu&cs=540x0'}, {'height': 1080, 'type': 'base', 'width': 1080, 'url': 'https://sun1-16.userapi.com/s/v1/ig2/guJZPiKfd3ueEXPiQDOC3jFx4F_zs2kdKL1fPE-q39Y3xP2T2ueanAGS9JhNTLh-YvBR62ap_5FJnXO2jPGe6LzV.jpg?quality=95&as=32x32,48x48,72x72,108x108,160x160,240x240,360x360,480x480,540x540,640x640,720x720,1080x1080&from=bu'}], 'square_crop': '196,142,689', 'text': '', 'web_view_token': '3527b495dc2aef0d63', 'likes': {'count': 516, 'user_likes': 0}, 'comments': {'count': 40}, 'reposts': {'count': 0}, 'tags': {'count': 0}, 'orig_photo': {'height': 1080, 'type': 'base', 'url': 'https://sun1-16.userapi.com/s/v1/ig2/guJZPiKfd3ueEXPiQDOC3jFx4F_zs2kdKL1fPE-q39Y3xP2T2ueanAGS9JhNTLh-YvBR62ap_5FJnXO2jPGe6LzV.jpg?quality=95&as=32x32,48x48,72x72,108x108,160x160,240x240,360x360,480x480,540x540,640x640,720x720,1080x1080&from=bu', 'width': 1080}}, {'album_id': -6, 'date': 1716837445, 'id': 457241244, 'owner_id': 832483485, 'can_comment': 1, 'sizes': [{'height': 108, 'type': 's', 'width': 72, 'url': 'https://sun9-68.userapi.com/s/v1/ig2/p-yMciaM1oMY1mRsYMrgaaX_zgrAZ6wzbVf6oRB_z3zEpE3eHSUx7-0omug2XETGGAKlzbFBZK9kgpklaqz2z1B1.jpg?quality=95&as=32x48,48x72,72x108,108x162,160x240,240x360,360x540,480x720,540x810,640x960,720x1080,1080x1621,1280x1921,1440x2161,1706x2560&from=bu&cs=72x0'}, {'height': 240, 'type': 'm', 'width': 160, 'url': 'https://sun9-68.userapi.com/s/v1/ig2/p-yMciaM1oMY1mRsYMrgaaX_zgrAZ6wzbVf6oRB_z3zEpE3eHSUx7-0omug2XETGGAKlzbFBZK9kgpklaqz2z1B1.jpg?quality=95&as=32x48,48x72,72x108,108x162,160x240,240x360,360x540,480x720,540x810,640x960,720x1080,1080x1621,1280x1921,1440x2161,1706x2560&from=bu&cs=160x0'}, {'height': 960, 'type': 'x', 'width': 640, 'url': 'https://sun9-68.userapi.com/s/v1/ig2/p-yMciaM1oMY1mRsYMrgaaX_zgrAZ6wzbVf6oRB_z3zEpE3eHSUx7-0omug2XETGGAKlzbFBZK9kgpklaqz2z1B1.jpg?quality=95&as=32x48,48x72,72x108,108x162,160x240,240x360,360x540,480x720,540x810,640x960,720x1080,1080x1621,1280x1921,1440x2161,1706x2560&from=bu&cs=640x0'}, {'height': 1621, 'type': 'y', 'width': 1080, 'url': 'https://sun9-68.userapi.com/s/v1/ig2/p-yMciaM1oMY1mRsYMrgaaX_zgrAZ6wzbVf6oRB_z3zEpE3eHSUx7-0omug2XETGGAKlzbFBZK9kgpklaqz2z1B1.jpg?quality=95&as=32x48,48x72,72x108,108x162,160x240,240x360,360x540,480x720,540x810,640x960,720x1080,1080x1621,1280x1921,1440x2161,1706x2560&from=bu&cs=1080x0'}, {'height': 1921, 'type': 'z', 'width': 1280, 'url': 'https://sun9-68.userapi.com/s/v1/ig2/p-yMciaM1oMY1mRsYMrgaaX_zgrAZ6wzbVf6oRB_z3zEpE3eHSUx7-0omug2XETGGAKlzbFBZK9kgpklaqz2z1B1.jpg?quality=95&as=32x48,48x72,72x108,108x162,160x240,240x360,360x540,480x720,540x810,640x960,720x1080,1080x1621,1280x1921,1440x2161,1706x2560&from=bu&cs=1280x0'}, {'height': 2560, 'type': 'w', 'width': 1706, 'url': 'https://sun9-68.userapi.com/s/v1/ig2/p-yMciaM1oMY1mRsYMrgaaX_zgrAZ6wzbVf6oRB_z3zEpE3eHSUx7-0omug2XETGGAKlzbFBZK9kgpklaqz2z1B1.jpg?quality=95&as=32x48,48x72,72x108,108x162,160x240,240x360,360x540,480x720,540x810,640x960,720x1080,1080x1621,1280x1921,1440x2161,1706x2560&from=bu&cs=1706x0'}, {'height': 162, 'type': 'o', 'width': 108, 'url': 'https://sun9-68.userapi.com/s/v1/ig2/p-yMciaM1oMY1mRsYMrgaaX_zgrAZ6wzbVf6oRB_z3zEpE3eHSUx7-0omug2XETGGAKlzbFBZK9kgpklaqz2z1B1.jpg?quality=95&as=32x48,48x72,72x108,108x162,160x240,240x360,360x540,480x720,540x810,640x960,720x1080,1080x1621,1280x1921,1440x2161,1706x2560&from=bu&cs=108x0'}, {'height': 360, 'type': 'p', 'width': 240, 'url': 'https://sun9-68.userapi.com/s/v1/ig2/p-yMciaM1oMY1mRsYMrgaaX_zgrAZ6wzbVf6oRB_z3zEpE3eHSUx7-0omug2XETGGAKlzbFBZK9kgpklaqz2z1B1.jpg?quality=95&as=32x48,48x72,72x108,108x162,160x240,240x360,360x540,480x720,540x810,640x960,720x1080,1080x1621,1280x1921,1440x2161,1706x2560&from=bu&cs=240x0'}, {'height': 540, 'type': 'q', 'width': 360, 'url': 'https://sun9-68.userapi.com/s/v1/ig2/p-yMciaM1oMY1mRsYMrgaaX_zgrAZ6wzbVf6oRB_z3zEpE3eHSUx7-0omug2XETGGAKlzbFBZK9kgpklaqz2z1B1.jpg?quality=95&as=32x48,48x72,72x108,108x162,160x240,240x360,360x540,480x720,540x810,640x960,720x1080,1080x1621,1280x1921,1440x2161,1706x2560&from=bu&cs=360x0'}, {'height': 810, 'type': 'r', 'width': 540, 'url': 'https://sun9-68.userapi.com/s/v1/ig2/p-yMciaM1oMY1mRsYMrgaaX_zgrAZ6wzbVf6oRB_z3zEpE3eHSUx7-0omug2XETGGAKlzbFBZK9kgpklaqz2z1B1.jpg?quality=95&as=32x48,48x72,72x108,108x162,160x240,240x360,360x540,480x720,540x810,640x960,720x1080,1080x1621,1280x1921,1440x2161,1706x2560&from=bu&cs=540x0'}, {'height': 2560, 'type': 'base', 'width': 1706, 'url': 'https://sun9-68.userapi.com/s/v1/ig2/p-yMciaM1oMY1mRsYMrgaaX_zgrAZ6wzbVf6oRB_z3zEpE3eHSUx7-0omug2XETGGAKlzbFBZK9kgpklaqz2z1B1.jpg?quality=95&as=32x48,48x72,72x108,108x162,160x240,240x360,360x540,480x720,540x810,640x960,720x1080,1080x1621,1280x1921,1440x2161,1706x2560&from=bu'}], 'square_crop': '290,63,1214', 'text': '', 'web_view_token': 'd7f5478fd53594a8a6', 'likes': {'count': 499, 'user_likes': 0}, 'comments': {'count': 38}, 'reposts': {'count': 0}, 'tags': {'count': 0}, 'orig_photo': {'height': 2560, 'type': 'base', 'url': 'https://sun9-68.userapi.com/s/v1/ig2/p-yMciaM1oMY1mRsYMrgaaX_zgrAZ6wzbVf6oRB_z3zEpE3eHSUx7-0omug2XETGGAKlzbFBZK9kgpklaqz2z1B1.jpg?quality=95&as=32x48,48x72,72x108,108x162,160x240,240x360,360x540,480x720,540x810,640x960,720x1080,1080x1621,1280x1921,1440x2161,1706x2560&from=bu', 'width': 1706}}, {'album_id': -6, 'date': 1726814705, 'id': 457243634, 'owner_id': 832483485, 'can_comment': 1, 'sizes': [{'height': 84, 'type': 's', 'width': 72, 'url': 'https://sun9-26.userapi.com/s/v1/ig2/08-dFKterCo8oSFpnHJ-fNf942G-vSKIPRc6U4ZY0X_IonEsIaMaQ62wYxTp_a30LF7GTXVP1plpO5kR11NnyV45.jpg?quality=95&as=32x37,48x56,72x84,108x126,160x187,240x280,360x420,480x560,540x630,640x747,720x840,1072x1251&from=bu&cs=72x0'}, {'height': 187, 'type': 'm', 'width': 160, 'url': 'https://sun9-26.userapi.com/s/v1/ig2/08-dFKterCo8oSFpnHJ-fNf942G-vSKIPRc6U4ZY0X_IonEsIaMaQ62wYxTp_a30LF7GTXVP1plpO5kR11NnyV45.jpg?quality=95&as=32x37,48x56,72x84,108x126,160x187,240x280,360x420,480x560,540x630,640x747,720x840,1072x1251&from=bu&cs=160x0'}, {'height': 747, 'type': 'x', 'width': 640, 'url': 'https://sun9-26.userapi.com/s/v1/ig2/08-dFKterCo8oSFpnHJ-fNf942G-vSKIPRc6U4ZY0X_IonEsIaMaQ62wYxTp_a30LF7GTXVP1plpO5kR11NnyV45.jpg?quality=95&as=32x37,48x56,72x84,108x126,160x187,240x280,360x420,480x560,540x630,640x747,720x840,1072x1251&from=bu&cs=640x0'}, {'height': 1251, 'type': 'y', 'width': 1072, 'url': 'https://sun9-26.userapi.com/s/v1/ig2/08-dFKterCo8oSFpnHJ-fNf942G-vSKIPRc6U4ZY0X_IonEsIaMaQ62wYxTp_a30LF7GTXVP1plpO5kR11NnyV45.jpg?quality=95&as=32x37,48x56,72x84,108x126,160x187,240x280,360x420,480x560,540x630,640x747,720x840,1072x1251&from=bu&cs=1072x0'}, {'height': 126, 'type': 'o', 'width': 108, 'url': 'https://sun9-26.userapi.com/s/v1/ig2/08-dFKterCo8oSFpnHJ-fNf942G-vSKIPRc6U4ZY0X_IonEsIaMaQ62wYxTp_a30LF7GTXVP1plpO5kR11NnyV45.jpg?quality=95&as=32x37,48x56,72x84,108x126,160x187,240x280,360x420,480x560,540x630,640x747,720x840,1072x1251&from=bu&cs=108x0'}, {'height': 280, 'type': 'p', 'width': 240, 'url': 'https://sun9-26.userapi.com/s/v1/ig2/08-dFKterCo8oSFpnHJ-fNf942G-vSKIPRc6U4ZY0X_IonEsIaMaQ62wYxTp_a30LF7GTXVP1plpO5kR11NnyV45.jpg?quality=95&as=32x37,48x56,72x84,108x126,160x187,240x280,360x420,480x560,540x630,640x747,720x840,1072x1251&from=bu&cs=240x0'}, {'height': 420, 'type': 'q', 'width': 360, 'url': 'https://sun9-26.userapi.com/s/v1/ig2/08-dFKterCo8oSFpnHJ-fNf942G-vSKIPRc6U4ZY0X_IonEsIaMaQ62wYxTp_a30LF7GTXVP1plpO5kR11NnyV45.jpg?quality=95&as=32x37,48x56,72x84,108x126,160x187,240x280,360x420,480x560,540x630,640x747,720x840,1072x1251&from=bu&cs=360x0'}, {'height': 630, 'type': 'r', 'width': 540, 'url': 'https://sun9-26.userapi.com/s/v1/ig2/08-dFKterCo8oSFpnHJ-fNf942G-vSKIPRc6U4ZY0X_IonEsIaMaQ62wYxTp_a30LF7GTXVP1plpO5kR11NnyV45.jpg?quality=95&as=32x37,48x56,72x84,108x126,160x187,240x280,360x420,480x560,540x630,640x747,720x840,1072x1251&from=bu&cs=540x0'}, {'height': 1251, 'type': 'base', 'width': 1072, 'url': 'https://sun9-26.userapi.com/s/v1/ig2/08-dFKterCo8oSFpnHJ-fNf942G-vSKIPRc6U4ZY0X_IonEsIaMaQ62wYxTp_a30LF7GTXVP1plpO5kR11NnyV45.jpg?quality=95&as=32x37,48x56,72x84,108x126,160x187,240x280,360x420,480x560,540x630,640x747,720x840,1072x1251&from=bu'}], 'square_crop': '0,89,1072', 'text': '', 'web_view_token': '716787b464ebe880fa', 'likes': {'count': 250, 'user_likes': 0}, 'comments': {'count': 7}, 'reposts': {'count': 0}, 'tags': {'count': 0}, 'orig_photo': {'height': 1251, 'type': 'base', 'url': 'https://sun9-26.userapi.com/s/v1/ig2/08-dFKterCo8oSFpnHJ-fNf942G-vSKIPRc6U4ZY0X_IonEsIaMaQ62wYxTp_a30LF7GTXVP1plpO5kR11NnyV45.jpg?quality=95&as=32x37,48x56,72x84,108x126,160x187,240x280,360x420,480x560,540x630,640x747,720x840,1072x1251&from=bu', 'width': 1072}}, {'album_id': -6, 'date': 1733173297, 'id': 457245744, 'owner_id': 832483485, 'can_comment': 1, 'sizes': [{'height': 79, 'type': 's', 'width': 72, 'url': 'https://sun9-57.userapi.com/s/v1/ig2/SwKiT3UF_k6ZmA-HfrUOiLN7byTmIJ9yjVoagP70RnVk5arnGTHGGjd3aAG5JHLsHDNMMarp-IsY1UAEAsQC4crL.jpg?quality=95&as=32x35,48x53,72x79,108x119,160x176,240x264,360x397,480x529,490x540&from=bu&cs=72x0'}, {'height': 176, 'type': 'm', 'width': 160, 'url': 'https://sun9-57.userapi.com/s/v1/ig2/SwKiT3UF_k6ZmA-HfrUOiLN7byTmIJ9yjVoagP70RnVk5arnGTHGGjd3aAG5JHLsHDNMMarp-IsY1UAEAsQC4crL.jpg?quality=95&as=32x35,48x53,72x79,108x119,160x176,240x264,360x397,480x529,490x540&from=bu&cs=160x0'}, {'height': 540, 'type': 'x', 'width': 490, 'url': 'https://sun9-57.userapi.com/s/v1/ig2/SwKiT3UF_k6ZmA-HfrUOiLN7byTmIJ9yjVoagP70RnVk5arnGTHGGjd3aAG5JHLsHDNMMarp-IsY1UAEAsQC4crL.jpg?quality=95&as=32x35,48x53,72x79,108x119,160x176,240x264,360x397,480x529,490x540&from=bu&cs=490x0'}, {'height': 540, 'type': 'y', 'width': 490, 'url': 'https://sun9-57.userapi.com/s/v1/ig2/SwKiT3UF_k6ZmA-HfrUOiLN7byTmIJ9yjVoagP70RnVk5arnGTHGGjd3aAG5JHLsHDNMMarp-IsY1UAEAsQC4crL.jpg?quality=95&as=32x35,48x53,72x79,108x119,160x176,240x264,360x397,480x529,490x540&from=bu&cs=490x0'}, {'height': 119, 'type': 'o', 'width': 108, 'url': 'https://sun9-57.userapi.com/s/v1/ig2/SwKiT3UF_k6ZmA-HfrUOiLN7byTmIJ9yjVoagP70RnVk5arnGTHGGjd3aAG5JHLsHDNMMarp-IsY1UAEAsQC4crL.jpg?quality=95&as=32x35,48x53,72x79,108x119,160x176,240x264,360x397,480x529,490x540&from=bu&cs=108x0'}, {'height': 264, 'type': 'p', 'width': 240, 'url': 'https://sun9-57.userapi.com/s/v1/ig2/SwKiT3UF_k6ZmA-HfrUOiLN7byTmIJ9yjVoagP70RnVk5arnGTHGGjd3aAG5JHLsHDNMMarp-IsY1UAEAsQC4crL.jpg?quality=95&as=32x35,48x53,72x79,108x119,160x176,240x264,360x397,480x529,490x540&from=bu&cs=240x0'}, {'height': 397, 'type': 'q', 'width': 360, 'url': 'https://sun9-57.userapi.com/s/v1/ig2/SwKiT3UF_k6ZmA-HfrUOiLN7byTmIJ9yjVoagP70RnVk5arnGTHGGjd3aAG5JHLsHDNMMarp-IsY1UAEAsQC4crL.jpg?quality=95&as=32x35,48x53,72x79,108x119,160x176,240x264,360x397,480x529,490x540&from=bu&cs=360x0'}, {'height': 540, 'type': 'base', 'width': 490, 'url': 'https://sun9-57.userapi.com/s/v1/ig2/SwKiT3UF_k6ZmA-HfrUOiLN7byTmIJ9yjVoagP70RnVk5arnGTHGGjd3aAG5JHLsHDNMMarp-IsY1UAEAsQC4crL.jpg?quality=95&as=32x35,48x53,72x79,108x119,160x176,240x264,360x397,480x529,490x540&from=bu'}], 'square_crop': '0,9,486', 'text': '', 'web_view_token': '960d9275e308dd7445', 'likes': {'count': 184, 'user_likes': 0}, 'comments': {'count': 26}, 'reposts': {'count': 0}, 'tags': {'count': 0}, 'orig_photo': {'height': 540, 'type': 'base', 'url': 'https://sun9-57.userapi.com/s/v1/ig2/SwKiT3UF_k6ZmA-HfrUOiLN7byTmIJ9yjVoagP70RnVk5arnGTHGGjd3aAG5JHLsHDNMMarp-IsY1UAEAsQC4crL.jpg?quality=95&as=32x35,48x53,72x79,108x119,160x176,240x264,360x397,480x529,490x540&from=bu', 'width': 490}}]
14:17:20 - DEBUG - https://api.vk.com:443 "POST /method/photos.get HTTP/1.1" 200 994
14:17:20 - DEBUG - get profile photos response: {'count': 8, 'items': [{'album_id': -6, 'date': 1746697016, 'id': 457250125, 'owner_id': 832483485, 'can_comment': 1, 'sizes': [{'height': 79, 'type': 's', 'width': 72, 'url': 'https://sun9-36.userapi.com/s/v1/ig2/WKQTCndnHSMv4-4DjBYgUdz2-UhLAijL1rUObJauMXFcZo5S-MCcX_Sc22cbkpQ4P5md4rT_ORPqqEJk2hNdUjoF.jpg?quality=95&as=32x35,48x53,72x79,108x119,160x176,240x264,360x397,480x529,490x540&from=bu&cs=72x0'}, {'height': 176, 'type': 'm', 'width': 160, 'url': 'https://sun9-36.userapi.com/s/v1/ig2/WKQTCndnHSMv4-4DjBYgUdz2-UhLAijL1rUObJauMXFcZo5S-MCcX_Sc22cbkpQ4P5md4rT_ORPqqEJk2hNdUjoF.jpg?quality=95&as=32x35,48x53,72x79,108x119,160x176,240x264,360x397,480x529,490x540&from=bu&cs=160x0'}, {'height': 540, 'type': 'x', 'width': 490, 'url': 'https://sun9-36.userapi.com/s/v1/ig2/WKQTCndnHSMv4-4DjBYgUdz2-UhLAijL1rUObJauMXFcZo5S-MCcX_Sc22cbkpQ4P5md4rT_ORPqqEJk2hNdUjoF.jpg?quality=95&as=32x35,48x53,72x79,108x119,160x176,240x264,360x397,480x529,490x540&from=bu&cs=490x0'}, {'height': 540, 'type': 'y', 'width': 490, 'url': 'https://sun9-36.userapi.com/s/v1/ig2/WKQTCndnHSMv4-4DjBYgUdz2-UhLAijL1rUObJauMXFcZo5S-MCcX_Sc22cbkpQ4P5md4rT_ORPqqEJk2hNdUjoF.jpg?quality=95&as=32x35,48x53,72x79,108x119,160x176,240x264,360x397,480x529,490x540&from=bu&cs=490x0'}, {'height': 119, 'type': 'o', 'width': 108, 'url': 'https://sun9-36.userapi.com/s/v1/ig2/WKQTCndnHSMv4-4DjBYgUdz2-UhLAijL1rUObJauMXFcZo5S-MCcX_Sc22cbkpQ4P5md4rT_ORPqqEJk2hNdUjoF.jpg?quality=95&as=32x35,48x53,72x79,108x119,160x176,240x264,360x397,480x529,490x540&from=bu&cs=108x0'}, {'height': 264, 'type': 'p', 'width': 240, 'url': 'https://sun9-36.userapi.com/s/v1/ig2/WKQTCndnHSMv4-4DjBYgUdz2-UhLAijL1rUObJauMXFcZo5S-MCcX_Sc22cbkpQ4P5md4rT_ORPqqEJk2hNdUjoF.jpg?quality=95&as=32x35,48x53,72x79,108x119,160x176,240x264,360x397,480x529,490x540&from=bu&cs=240x0'}, {'height': 397, 'type': 'q', 'width': 360, 'url': 'https://sun9-36.userapi.com/s/v1/ig2/WKQTCndnHSMv4-4DjBYgUdz2-UhLAijL1rUObJauMXFcZo5S-MCcX_Sc22cbkpQ4P5md4rT_ORPqqEJk2hNdUjoF.jpg?quality=95&as=32x35,48x53,72x79,108x119,160x176,240x264,360x397,480x529,490x540&from=bu&cs=360x0'}, {'height': 540, 'type': 'base', 'width': 490, 'url': 'https://sun9-36.userapi.com/s/v1/ig2/WKQTCndnHSMv4-4DjBYgUdz2-UhLAijL1rUObJauMXFcZo5S-MCcX_Sc22cbkpQ4P5md4rT_ORPqqEJk2hNdUjoF.jpg?quality=95&as=32x35,48x53,72x79,108x119,160x176,240x264,360x397,480x529,490x540&from=bu'}], 'square_crop': '23,11,436', 'text': '', 'web_view_token': 'dc9b60aa0228d7d557', 'likes': {'count': 51, 'user_likes': 0}, 'comments': {'count': 1}, 'reposts': {'count': 0}, 'tags': {'count': 0}, 'orig_photo': {'height': 540, 'type': 'base', 'url': 'https://sun9-36.userapi.com/s/v1/ig2/WKQTCndnHSMv4-4DjBYgUdz2-UhLAijL1rUObJauMXFcZo5S-MCcX_Sc22cbkpQ4P5md4rT_ORPqqEJk2hNdUjoF.jpg?quality=95&as=32x35,48x53,72x79,108x119,160x176,240x264,360x397,480x529,490x540&from=bu', 'width': 490}}, {'album_id': -6, 'date': 1749381257, 'id': 457251230, 'owner_id': 832483485, 'can_comment': 1, 'sizes': [{'height': 79, 'type': 's', 'width': 72, 'url': 'https://sun9-34.userapi.com/s/v1/ig2/chYf1-fP2OskAWnQesNX3pVKac4ONl5U5-H9dxluXUzqo8lAihzyj3YhgdYhUU0wrsVeBc6e2loep_Ww-5B8tx6M.jpg?quality=95&as=32x35,48x53,72x79,108x119,160x176,240x264,360x397,480x529,490x540&from=bu&cs=72x0'}, {'height': 176, 'type': 'm', 'width': 160, 'url': 'https://sun9-34.userapi.com/s/v1/ig2/chYf1-fP2OskAWnQesNX3pVKac4ONl5U5-H9dxluXUzqo8lAihzyj3YhgdYhUU0wrsVeBc6e2loep_Ww-5B8tx6M.jpg?quality=95&as=32x35,48x53,72x79,108x119,160x176,240x264,360x397,480x529,490x540&from=bu&cs=160x0'}, {'height': 540, 'type': 'x', 'width': 490, 'url': 'https://sun9-34.userapi.com/s/v1/ig2/chYf1-fP2OskAWnQesNX3pVKac4ONl5U5-H9dxluXUzqo8lAihzyj3YhgdYhUU0wrsVeBc6e2loep_Ww-5B8tx6M.jpg?quality=95&as=32x35,48x53,72x79,108x119,160x176,240x264,360x397,480x529,490x540&from=bu&cs=490x0'}, {'height': 540, 'type': 'y', 'width': 490, 'url': 'https://sun9-34.userapi.com/s/v1/ig2/chYf1-fP2OskAWnQesNX3pVKac4ONl5U5-H9dxluXUzqo8lAihzyj3YhgdYhUU0wrsVeBc6e2loep_Ww-5B8tx6M.jpg?quality=95&as=32x35,48x53,72x79,108x119,160x176,240x264,360x397,480x529,490x540&from=bu&cs=490x0'}, {'height': 119, 'type': 'o', 'width': 108, 'url': 'https://sun9-34.userapi.com/s/v1/ig2/chYf1-fP2OskAWnQesNX3pVKac4ONl5U5-H9dxluXUzqo8lAihzyj3YhgdYhUU0wrsVeBc6e2loep_Ww-5B8tx6M.jpg?quality=95&as=32x35,48x53,72x79,108x119,160x176,240x264,360x397,480x529,490x540&from=bu&cs=108x0'}, {'height': 264, 'type': 'p', 'width': 240, 'url': 'https://sun9-34.userapi.com/s/v1/ig2/chYf1-fP2OskAWnQesNX3pVKac4ONl5U5-H9dxluXUzqo8lAihzyj3YhgdYhUU0wrsVeBc6e2loep_Ww-5B8tx6M.jpg?quality=95&as=32x35,48x53,72x79,108x119,160x176,240x264,360x397,480x529,490x540&from=bu&cs=240x0'}, {'height': 397, 'type': 'q', 'width': 360, 'url': 'https://sun9-34.userapi.com/s/v1/ig2/chYf1-fP2OskAWnQesNX3pVKac4ONl5U5-H9dxluXUzqo8lAihzyj3YhgdYhUU0wrsVeBc6e2loep_Ww-5B8tx6M.jpg?quality=95&as=32x35,48x53,72x79,108x119,160x176,240x264,360x397,480x529,490x540&from=bu&cs=360x0'}, {'height': 540, 'type': 'base', 'width': 490, 'url': 'https://sun9-34.userapi.com/s/v1/ig2/chYf1-fP2OskAWnQesNX3pVKac4ONl5U5-H9dxluXUzqo8lAihzyj3YhgdYhUU0wrsVeBc6e2loep_Ww-5B8tx6M.jpg?quality=95&as=32x35,48x53,72x79,108x119,160x176,240x264,360x397,480x529,490x540&from=bu'}], 'square_crop': '0,14,490', 'text': '', 'web_view_token': '2e9a5fafc7a14bd7fd', 'likes': {'count': 114, 'user_likes': 0}, 'comments': {'count': 14}, 'reposts': {'count': 0}, 'tags': {'count': 0}, 'orig_photo': {'height': 540, 'type': 'base', 'url': 'https://sun9-34.userapi.com/s/v1/ig2/chYf1-fP2OskAWnQesNX3pVKac4ONl5U5-H9dxluXUzqo8lAihzyj3YhgdYhUU0wrsVeBc6e2loep_Ww-5B8tx6M.jpg?quality=95&as=32x35,48x53,72x79,108x119,160x176,240x264,360x397,480x529,490x540&from=bu', 'width': 490}}, {'album_id': -6, 'date': 1777890498, 'id': 457265607, 'owner_id': 832483485, 'can_comment': 1, 'sizes': [{'height': 72, 'type': 's', 'width': 72, 'url': 'https://sun1-17.userapi.com/s/v1/ig2/scBMN0TFlZijpX_Z4wYKyvEBsXSyvDba1e62eyHs7iLWr7t68c_jPyQc6qwdPZ4NGPYKgM70z942zN6sZUGXgRRM.jpg?quality=95&as=32x32,48x48,72x72,108x108,160x160,240x240,360x360,480x480,540x540,640x640&from=bu&cs=72x0'}, {'height': 160, 'type': 'm', 'width': 160, 'url': 'https://sun1-17.userapi.com/s/v1/ig2/scBMN0TFlZijpX_Z4wYKyvEBsXSyvDba1e62eyHs7iLWr7t68c_jPyQc6qwdPZ4NGPYKgM70z942zN6sZUGXgRRM.jpg?quality=95&as=32x32,48x48,72x72,108x108,160x160,240x240,360x360,480x480,540x540,640x640&from=bu&cs=160x0'}, {'height': 640, 'type': 'x', 'width': 640, 'url': 'https://sun1-17.userapi.com/s/v1/ig2/scBMN0TFlZijpX_Z4wYKyvEBsXSyvDba1e62eyHs7iLWr7t68c_jPyQc6qwdPZ4NGPYKgM70z942zN6sZUGXgRRM.jpg?quality=95&as=32x32,48x48,72x72,108x108,160x160,240x240,360x360,480x480,540x540,640x640&from=bu&cs=640x0'}, {'height': 640, 'type': 'y', 'width': 640, 'url': 'https://sun1-17.userapi.com/s/v1/ig2/scBMN0TFlZijpX_Z4wYKyvEBsXSyvDba1e62eyHs7iLWr7t68c_jPyQc6qwdPZ4NGPYKgM70z942zN6sZUGXgRRM.jpg?quality=95&as=32x32,48x48,72x72,108x108,160x160,240x240,360x360,480x480,540x540,640x640&from=bu&cs=640x0'}, {'height': 108, 'type': 'o', 'width': 108, 'url': 'https://sun1-17.userapi.com/s/v1/ig2/scBMN0TFlZijpX_Z4wYKyvEBsXSyvDba1e62eyHs7iLWr7t68c_jPyQc6qwdPZ4NGPYKgM70z942zN6sZUGXgRRM.jpg?quality=95&as=32x32,48x48,72x72,108x108,160x160,240x240,360x360,480x480,540x540,640x640&from=bu&cs=108x0'}, {'height': 240, 'type': 'p', 'width': 240, 'url': 'https://sun1-17.userapi.com/s/v1/ig2/scBMN0TFlZijpX_Z4wYKyvEBsXSyvDba1e62eyHs7iLWr7t68c_jPyQc6qwdPZ4NGPYKgM70z942zN6sZUGXgRRM.jpg?quality=95&as=32x32,48x48,72x72,108x108,160x160,240x240,360x360,480x480,540x540,640x640&from=bu&cs=240x0'}, {'height': 360, 'type': 'q', 'width': 360, 'url': 'https://sun1-17.userapi.com/s/v1/ig2/scBMN0TFlZijpX_Z4wYKyvEBsXSyvDba1e62eyHs7iLWr7t68c_jPyQc6qwdPZ4NGPYKgM70z942zN6sZUGXgRRM.jpg?quality=95&as=32x32,48x48,72x72,108x108,160x160,240x240,360x360,480x480,540x540,640x640&from=bu&cs=360x0'}, {'height': 540, 'type': 'r', 'width': 540, 'url': 'https://sun1-17.userapi.com/s/v1/ig2/scBMN0TFlZijpX_Z4wYKyvEBsXSyvDba1e62eyHs7iLWr7t68c_jPyQc6qwdPZ4NGPYKgM70z942zN6sZUGXgRRM.jpg?quality=95&as=32x32,48x48,72x72,108x108,160x160,240x240,360x360,480x480,540x540,640x640&from=bu&cs=540x0'}, {'height': 640, 'type': 'base', 'width': 640, 'url': 'https://sun1-17.userapi.com/s/v1/ig2/scBMN0TFlZijpX_Z4wYKyvEBsXSyvDba1e62eyHs7iLWr7t68c_jPyQc6qwdPZ4NGPYKgM70z942zN6sZUGXgRRM.jpg?quality=95&as=32x32,48x48,72x72,108x108,160x160,240x240,360x360,480x480,540x540,640x640&from=bu'}], 'square_crop': '1,0,639', 'text': '', 'web_view_token': 'bff596f70b402f261a', 'likes': {'count': 44, 'user_likes': 0}, 'comments': {'count': 0}, 'reposts': {'count': 0}, 'tags': {'count': 0}, 'orig_photo': {'height': 640, 'type': 'base', 'url': 'https://sun1-17.userapi.com/s/v1/ig2/scBMN0TFlZijpX_Z4wYKyvEBsXSyvDba1e62eyHs7iLWr7t68c_jPyQc6qwdPZ4NGPYKgM70z942zN6sZUGXgRRM.jpg?quality=95&as=32x32,48x48,72x72,108x108,160x160,240x240,360x360,480x480,540x540,640x640&from=bu', 'width': 640}}], 'next_from': ''}
14:17:20 - DEBUG - profile photos: [{'album_id': -6, 'date': 1746697016, 'id': 457250125, 'owner_id': 832483485, 'can_comment': 1, 'sizes': [{'height': 79, 'type': 's', 'width': 72, 'url': 'https://sun9-36.userapi.com/s/v1/ig2/WKQTCndnHSMv4-4DjBYgUdz2-UhLAijL1rUObJauMXFcZo5S-MCcX_Sc22cbkpQ4P5md4rT_ORPqqEJk2hNdUjoF.jpg?quality=95&as=32x35,48x53,72x79,108x119,160x176,240x264,360x397,480x529,490x540&from=bu&cs=72x0'}, {'height': 176, 'type': 'm', 'width': 160, 'url': 'https://sun9-36.userapi.com/s/v1/ig2/WKQTCndnHSMv4-4DjBYgUdz2-UhLAijL1rUObJauMXFcZo5S-MCcX_Sc22cbkpQ4P5md4rT_ORPqqEJk2hNdUjoF.jpg?quality=95&as=32x35,48x53,72x79,108x119,160x176,240x264,360x397,480x529,490x540&from=bu&cs=160x0'}, {'height': 540, 'type': 'x', 'width': 490, 'url': 'https://sun9-36.userapi.com/s/v1/ig2/WKQTCndnHSMv4-4DjBYgUdz2-UhLAijL1rUObJauMXFcZo5S-MCcX_Sc22cbkpQ4P5md4rT_ORPqqEJk2hNdUjoF.jpg?quality=95&as=32x35,48x53,72x79,108x119,160x176,240x264,360x397,480x529,490x540&from=bu&cs=490x0'}, {'height': 540, 'type': 'y', 'width': 490, 'url': 'https://sun9-36.userapi.com/s/v1/ig2/WKQTCndnHSMv4-4DjBYgUdz2-UhLAijL1rUObJauMXFcZo5S-MCcX_Sc22cbkpQ4P5md4rT_ORPqqEJk2hNdUjoF.jpg?quality=95&as=32x35,48x53,72x79,108x119,160x176,240x264,360x397,480x529,490x540&from=bu&cs=490x0'}, {'height': 119, 'type': 'o', 'width': 108, 'url': 'https://sun9-36.userapi.com/s/v1/ig2/WKQTCndnHSMv4-4DjBYgUdz2-UhLAijL1rUObJauMXFcZo5S-MCcX_Sc22cbkpQ4P5md4rT_ORPqqEJk2hNdUjoF.jpg?quality=95&as=32x35,48x53,72x79,108x119,160x176,240x264,360x397,480x529,490x540&from=bu&cs=108x0'}, {'height': 264, 'type': 'p', 'width': 240, 'url': 'https://sun9-36.userapi.com/s/v1/ig2/WKQTCndnHSMv4-4DjBYgUdz2-UhLAijL1rUObJauMXFcZo5S-MCcX_Sc22cbkpQ4P5md4rT_ORPqqEJk2hNdUjoF.jpg?quality=95&as=32x35,48x53,72x79,108x119,160x176,240x264,360x397,480x529,490x540&from=bu&cs=240x0'}, {'height': 397, 'type': 'q', 'width': 360, 'url': 'https://sun9-36.userapi.com/s/v1/ig2/WKQTCndnHSMv4-4DjBYgUdz2-UhLAijL1rUObJauMXFcZo5S-MCcX_Sc22cbkpQ4P5md4rT_ORPqqEJk2hNdUjoF.jpg?quality=95&as=32x35,48x53,72x79,108x119,160x176,240x264,360x397,480x529,490x540&from=bu&cs=360x0'}, {'height': 540, 'type': 'base', 'width': 490, 'url': 'https://sun9-36.userapi.com/s/v1/ig2/WKQTCndnHSMv4-4DjBYgUdz2-UhLAijL1rUObJauMXFcZo5S-MCcX_Sc22cbkpQ4P5md4rT_ORPqqEJk2hNdUjoF.jpg?quality=95&as=32x35,48x53,72x79,108x119,160x176,240x264,360x397,480x529,490x540&from=bu'}], 'square_crop': '23,11,436', 'text': '', 'web_view_token': 'dc9b60aa0228d7d557', 'likes': {'count': 51, 'user_likes': 0}, 'comments': {'count': 1}, 'reposts': {'count': 0}, 'tags': {'count': 0}, 'orig_photo': {'height': 540, 'type': 'base', 'url': 'https://sun9-36.userapi.com/s/v1/ig2/WKQTCndnHSMv4-4DjBYgUdz2-UhLAijL1rUObJauMXFcZo5S-MCcX_Sc22cbkpQ4P5md4rT_ORPqqEJk2hNdUjoF.jpg?quality=95&as=32x35,48x53,72x79,108x119,160x176,240x264,360x397,480x529,490x540&from=bu', 'width': 490}}, {'album_id': -6, 'date': 1749381257, 'id': 457251230, 'owner_id': 832483485, 'can_comment': 1, 'sizes': [{'height': 79, 'type': 's', 'width': 72, 'url': 'https://sun9-34.userapi.com/s/v1/ig2/chYf1-fP2OskAWnQesNX3pVKac4ONl5U5-H9dxluXUzqo8lAihzyj3YhgdYhUU0wrsVeBc6e2loep_Ww-5B8tx6M.jpg?quality=95&as=32x35,48x53,72x79,108x119,160x176,240x264,360x397,480x529,490x540&from=bu&cs=72x0'}, {'height': 176, 'type': 'm', 'width': 160, 'url': 'https://sun9-34.userapi.com/s/v1/ig2/chYf1-fP2OskAWnQesNX3pVKac4ONl5U5-H9dxluXUzqo8lAihzyj3YhgdYhUU0wrsVeBc6e2loep_Ww-5B8tx6M.jpg?quality=95&as=32x35,48x53,72x79,108x119,160x176,240x264,360x397,480x529,490x540&from=bu&cs=160x0'}, {'height': 540, 'type': 'x', 'width': 490, 'url': 'https://sun9-34.userapi.com/s/v1/ig2/chYf1-fP2OskAWnQesNX3pVKac4ONl5U5-H9dxluXUzqo8lAihzyj3YhgdYhUU0wrsVeBc6e2loep_Ww-5B8tx6M.jpg?quality=95&as=32x35,48x53,72x79,108x119,160x176,240x264,360x397,480x529,490x540&from=bu&cs=490x0'}, {'height': 540, 'type': 'y', 'width': 490, 'url': 'https://sun9-34.userapi.com/s/v1/ig2/chYf1-fP2OskAWnQesNX3pVKac4ONl5U5-H9dxluXUzqo8lAihzyj3YhgdYhUU0wrsVeBc6e2loep_Ww-5B8tx6M.jpg?quality=95&as=32x35,48x53,72x79,108x119,160x176,240x264,360x397,480x529,490x540&from=bu&cs=490x0'}, {'height': 119, 'type': 'o', 'width': 108, 'url': 'https://sun9-34.userapi.com/s/v1/ig2/chYf1-fP2OskAWnQesNX3pVKac4ONl5U5-H9dxluXUzqo8lAihzyj3YhgdYhUU0wrsVeBc6e2loep_Ww-5B8tx6M.jpg?quality=95&as=32x35,48x53,72x79,108x119,160x176,240x264,360x397,480x529,490x540&from=bu&cs=108x0'}, {'height': 264, 'type': 'p', 'width': 240, 'url': 'https://sun9-34.userapi.com/s/v1/ig2/chYf1-fP2OskAWnQesNX3pVKac4ONl5U5-H9dxluXUzqo8lAihzyj3YhgdYhUU0wrsVeBc6e2loep_Ww-5B8tx6M.jpg?quality=95&as=32x35,48x53,72x79,108x119,160x176,240x264,360x397,480x529,490x540&from=bu&cs=240x0'}, {'height': 397, 'type': 'q', 'width': 360, 'url': 'https://sun9-34.userapi.com/s/v1/ig2/chYf1-fP2OskAWnQesNX3pVKac4ONl5U5-H9dxluXUzqo8lAihzyj3YhgdYhUU0wrsVeBc6e2loep_Ww-5B8tx6M.jpg?quality=95&as=32x35,48x53,72x79,108x119,160x176,240x264,360x397,480x529,490x540&from=bu&cs=360x0'}, {'height': 540, 'type': 'base', 'width': 490, 'url': 'https://sun9-34.userapi.com/s/v1/ig2/chYf1-fP2OskAWnQesNX3pVKac4ONl5U5-H9dxluXUzqo8lAihzyj3YhgdYhUU0wrsVeBc6e2loep_Ww-5B8tx6M.jpg?quality=95&as=32x35,48x53,72x79,108x119,160x176,240x264,360x397,480x529,490x540&from=bu'}], 'square_crop': '0,14,490', 'text': '', 'web_view_token': '2e9a5fafc7a14bd7fd', 'likes': {'count': 114, 'user_likes': 0}, 'comments': {'count': 14}, 'reposts': {'count': 0}, 'tags': {'count': 0}, 'orig_photo': {'height': 540, 'type': 'base', 'url': 'https://sun9-34.userapi.com/s/v1/ig2/chYf1-fP2OskAWnQesNX3pVKac4ONl5U5-H9dxluXUzqo8lAihzyj3YhgdYhUU0wrsVeBc6e2loep_Ww-5B8tx6M.jpg?quality=95&as=32x35,48x53,72x79,108x119,160x176,240x264,360x397,480x529,490x540&from=bu', 'width': 490}}, {'album_id': -6, 'date': 1777890498, 'id': 457265607, 'owner_id': 832483485, 'can_comment': 1, 'sizes': [{'height': 72, 'type': 's', 'width': 72, 'url': 'https://sun1-17.userapi.com/s/v1/ig2/scBMN0TFlZijpX_Z4wYKyvEBsXSyvDba1e62eyHs7iLWr7t68c_jPyQc6qwdPZ4NGPYKgM70z942zN6sZUGXgRRM.jpg?quality=95&as=32x32,48x48,72x72,108x108,160x160,240x240,360x360,480x480,540x540,640x640&from=bu&cs=72x0'}, {'height': 160, 'type': 'm', 'width': 160, 'url': 'https://sun1-17.userapi.com/s/v1/ig2/scBMN0TFlZijpX_Z4wYKyvEBsXSyvDba1e62eyHs7iLWr7t68c_jPyQc6qwdPZ4NGPYKgM70z942zN6sZUGXgRRM.jpg?quality=95&as=32x32,48x48,72x72,108x108,160x160,240x240,360x360,480x480,540x540,640x640&from=bu&cs=160x0'}, {'height': 640, 'type': 'x', 'width': 640, 'url': 'https://sun1-17.userapi.com/s/v1/ig2/scBMN0TFlZijpX_Z4wYKyvEBsXSyvDba1e62eyHs7iLWr7t68c_jPyQc6qwdPZ4NGPYKgM70z942zN6sZUGXgRRM.jpg?quality=95&as=32x32,48x48,72x72,108x108,160x160,240x240,360x360,480x480,540x540,640x640&from=bu&cs=640x0'}, {'height': 640, 'type': 'y', 'width': 640, 'url': 'https://sun1-17.userapi.com/s/v1/ig2/scBMN0TFlZijpX_Z4wYKyvEBsXSyvDba1e62eyHs7iLWr7t68c_jPyQc6qwdPZ4NGPYKgM70z942zN6sZUGXgRRM.jpg?quality=95&as=32x32,48x48,72x72,108x108,160x160,240x240,360x360,480x480,540x540,640x640&from=bu&cs=640x0'}, {'height': 108, 'type': 'o', 'width': 108, 'url': 'https://sun1-17.userapi.com/s/v1/ig2/scBMN0TFlZijpX_Z4wYKyvEBsXSyvDba1e62eyHs7iLWr7t68c_jPyQc6qwdPZ4NGPYKgM70z942zN6sZUGXgRRM.jpg?quality=95&as=32x32,48x48,72x72,108x108,160x160,240x240,360x360,480x480,540x540,640x640&from=bu&cs=108x0'}, {'height': 240, 'type': 'p', 'width': 240, 'url': 'https://sun1-17.userapi.com/s/v1/ig2/scBMN0TFlZijpX_Z4wYKyvEBsXSyvDba1e62eyHs7iLWr7t68c_jPyQc6qwdPZ4NGPYKgM70z942zN6sZUGXgRRM.jpg?quality=95&as=32x32,48x48,72x72,108x108,160x160,240x240,360x360,480x480,540x540,640x640&from=bu&cs=240x0'}, {'height': 360, 'type': 'q', 'width': 360, 'url': 'https://sun1-17.userapi.com/s/v1/ig2/scBMN0TFlZijpX_Z4wYKyvEBsXSyvDba1e62eyHs7iLWr7t68c_jPyQc6qwdPZ4NGPYKgM70z942zN6sZUGXgRRM.jpg?quality=95&as=32x32,48x48,72x72,108x108,160x160,240x240,360x360,480x480,540x540,640x640&from=bu&cs=360x0'}, {'height': 540, 'type': 'r', 'width': 540, 'url': 'https://sun1-17.userapi.com/s/v1/ig2/scBMN0TFlZijpX_Z4wYKyvEBsXSyvDba1e62eyHs7iLWr7t68c_jPyQc6qwdPZ4NGPYKgM70z942zN6sZUGXgRRM.jpg?quality=95&as=32x32,48x48,72x72,108x108,160x160,240x240,360x360,480x480,540x540,640x640&from=bu&cs=540x0'}, {'height': 640, 'type': 'base', 'width': 640, 'url': 'https://sun1-17.userapi.com/s/v1/ig2/scBMN0TFlZijpX_Z4wYKyvEBsXSyvDba1e62eyHs7iLWr7t68c_jPyQc6qwdPZ4NGPYKgM70z942zN6sZUGXgRRM.jpg?quality=95&as=32x32,48x48,72x72,108x108,160x160,240x240,360x360,480x480,540x540,640x640&from=bu'}], 'square_crop': '1,0,639', 'text': '', 'web_view_token': 'bff596f70b402f261a', 'likes': {'count': 44, 'user_likes': 0}, 'comments': {'count': 0}, 'reposts': {'count': 0}, 'tags': {'count': 0}, 'orig_photo': {'height': 640, 'type': 'base', 'url': 'https://sun1-17.userapi.com/s/v1/ig2/scBMN0TFlZijpX_Z4wYKyvEBsXSyvDba1e62eyHs7iLWr7t68c_jPyQc6qwdPZ4NGPYKgM70z942zN6sZUGXgRRM.jpg?quality=95&as=32x32,48x48,72x72,108x108,160x160,240x240,360x360,480x480,540x540,640x640&from=bu', 'width': 640}}]
14:17:20 - DEBUG - all profile photos result: [{'album_id': -6, 'date': 1711299614, 'id': 457240328, 'owner_id': 832483485, 'can_comment': 1, 'sizes': [{'height': 72, 'type': 's', 'width': 72, 'url': 'https://sun9-18.userapi.com/s/v1/ig2/ziilsGKjf-5yiK2C4rQXzzMYZg8UcgA1zcAaTpSidgKyxaqRXHfzbJLE1xeJNn7UiVvr2aIxi03-16BNGqF5DO6O.jpg?quality=95&as=32x32,48x48,72x72,108x108,160x160,240x240,360x360,480x480,540x540,640x640,720x720,1080x1080,1081x1081&from=bu&cs=72x0'}, {'height': 160, 'type': 'm', 'width': 160, 'url': 'https://sun9-18.userapi.com/s/v1/ig2/ziilsGKjf-5yiK2C4rQXzzMYZg8UcgA1zcAaTpSidgKyxaqRXHfzbJLE1xeJNn7UiVvr2aIxi03-16BNGqF5DO6O.jpg?quality=95&as=32x32,48x48,72x72,108x108,160x160,240x240,360x360,480x480,540x540,640x640,720x720,1080x1080,1081x1081&from=bu&cs=160x0'}, {'height': 640, 'type': 'x', 'width': 640, 'url': 'https://sun9-18.userapi.com/s/v1/ig2/ziilsGKjf-5yiK2C4rQXzzMYZg8UcgA1zcAaTpSidgKyxaqRXHfzbJLE1xeJNn7UiVvr2aIxi03-16BNGqF5DO6O.jpg?quality=95&as=32x32,48x48,72x72,108x108,160x160,240x240,360x360,480x480,540x540,640x640,720x720,1080x1080,1081x1081&from=bu&cs=640x0'}, {'height': 1080, 'type': 'y', 'width': 1080, 'url': 'https://sun9-18.userapi.com/s/v1/ig2/ziilsGKjf-5yiK2C4rQXzzMYZg8UcgA1zcAaTpSidgKyxaqRXHfzbJLE1xeJNn7UiVvr2aIxi03-16BNGqF5DO6O.jpg?quality=95&as=32x32,48x48,72x72,108x108,160x160,240x240,360x360,480x480,540x540,640x640,720x720,1080x1080,1081x1081&from=bu&cs=1080x0'}, {'height': 1081, 'type': 'z', 'width': 1081, 'url': 'https://sun9-18.userapi.com/s/v1/ig2/ziilsGKjf-5yiK2C4rQXzzMYZg8UcgA1zcAaTpSidgKyxaqRXHfzbJLE1xeJNn7UiVvr2aIxi03-16BNGqF5DO6O.jpg?quality=95&as=32x32,48x48,72x72,108x108,160x160,240x240,360x360,480x480,540x540,640x640,720x720,1080x1080,1081x1081&from=bu&cs=1081x0'}, {'height': 108, 'type': 'o', 'width': 108, 'url': 'https://sun9-18.userapi.com/s/v1/ig2/ziilsGKjf-5yiK2C4rQXzzMYZg8UcgA1zcAaTpSidgKyxaqRXHfzbJLE1xeJNn7UiVvr2aIxi03-16BNGqF5DO6O.jpg?quality=95&as=32x32,48x48,72x72,108x108,160x160,240x240,360x360,480x480,540x540,640x640,720x720,1080x1080,1081x1081&from=bu&cs=108x0'}, {'height': 240, 'type': 'p', 'width': 240, 'url': 'https://sun9-18.userapi.com/s/v1/ig2/ziilsGKjf-5yiK2C4rQXzzMYZg8UcgA1zcAaTpSidgKyxaqRXHfzbJLE1xeJNn7UiVvr2aIxi03-16BNGqF5DO6O.jpg?quality=95&as=32x32,48x48,72x72,108x108,160x160,240x240,360x360,480x480,540x540,640x640,720x720,1080x1080,1081x1081&from=bu&cs=240x0'}, {'height': 360, 'type': 'q', 'width': 360, 'url': 'https://sun9-18.userapi.com/s/v1/ig2/ziilsGKjf-5yiK2C4rQXzzMYZg8UcgA1zcAaTpSidgKyxaqRXHfzbJLE1xeJNn7UiVvr2aIxi03-16BNGqF5DO6O.jpg?quality=95&as=32x32,48x48,72x72,108x108,160x160,240x240,360x360,480x480,540x540,640x640,720x720,1080x1080,1081x1081&from=bu&cs=360x0'}, {'height': 540, 'type': 'r', 'width': 540, 'url': 'https://sun9-18.userapi.com/s/v1/ig2/ziilsGKjf-5yiK2C4rQXzzMYZg8UcgA1zcAaTpSidgKyxaqRXHfzbJLE1xeJNn7UiVvr2aIxi03-16BNGqF5DO6O.jpg?quality=95&as=32x32,48x48,72x72,108x108,160x160,240x240,360x360,480x480,540x540,640x640,720x720,1080x1080,1081x1081&from=bu&cs=540x0'}, {'height': 1081, 'type': 'base', 'width': 1081, 'url': 'https://sun9-18.userapi.com/s/v1/ig2/ziilsGKjf-5yiK2C4rQXzzMYZg8UcgA1zcAaTpSidgKyxaqRXHfzbJLE1xeJNn7UiVvr2aIxi03-16BNGqF5DO6O.jpg?quality=95&as=32x32,48x48,72x72,108x108,160x160,240x240,360x360,480x480,540x540,640x640,720x720,1080x1080,1081x1081&from=bu'}], 'square_crop': '0,0,1081', 'text': '', 'web_view_token': 'd200b1f2914501b1d6', 'likes': {'count': 71, 'user_likes': 0}, 'comments': {'count': 1}, 'reposts': {'count': 0}, 'tags': {'count': 0}, 'orig_photo': {'height': 1081, 'type': 'base', 'url': 'https://sun9-18.userapi.com/s/v1/ig2/ziilsGKjf-5yiK2C4rQXzzMYZg8UcgA1zcAaTpSidgKyxaqRXHfzbJLE1xeJNn7UiVvr2aIxi03-16BNGqF5DO6O.jpg?quality=95&as=32x32,48x48,72x72,108x108,160x160,240x240,360x360,480x480,540x540,640x640,720x720,1080x1080,1081x1081&from=bu', 'width': 1081}}, {'album_id': -6, 'date': 1700133140, 'id': 457239042, 'owner_id': 832483485, 'can_comment': 1, 'sizes': [{'height': 72, 'type': 's', 'width': 72, 'url': 'https://sun1-16.userapi.com/s/v1/ig2/guJZPiKfd3ueEXPiQDOC3jFx4F_zs2kdKL1fPE-q39Y3xP2T2ueanAGS9JhNTLh-YvBR62ap_5FJnXO2jPGe6LzV.jpg?quality=95&as=32x32,48x48,72x72,108x108,160x160,240x240,360x360,480x480,540x540,640x640,720x720,1080x1080&from=bu&cs=72x0'}, {'height': 160, 'type': 'm', 'width': 160, 'url': 'https://sun1-16.userapi.com/s/v1/ig2/guJZPiKfd3ueEXPiQDOC3jFx4F_zs2kdKL1fPE-q39Y3xP2T2ueanAGS9JhNTLh-YvBR62ap_5FJnXO2jPGe6LzV.jpg?quality=95&as=32x32,48x48,72x72,108x108,160x160,240x240,360x360,480x480,540x540,640x640,720x720,1080x1080&from=bu&cs=160x0'}, {'height': 640, 'type': 'x', 'width': 640, 'url': 'https://sun1-16.userapi.com/s/v1/ig2/guJZPiKfd3ueEXPiQDOC3jFx4F_zs2kdKL1fPE-q39Y3xP2T2ueanAGS9JhNTLh-YvBR62ap_5FJnXO2jPGe6LzV.jpg?quality=95&as=32x32,48x48,72x72,108x108,160x160,240x240,360x360,480x480,540x540,640x640,720x720,1080x1080&from=bu&cs=640x0'}, {'height': 1080, 'type': 'y', 'width': 1080, 'url': 'https://sun1-16.userapi.com/s/v1/ig2/guJZPiKfd3ueEXPiQDOC3jFx4F_zs2kdKL1fPE-q39Y3xP2T2ueanAGS9JhNTLh-YvBR62ap_5FJnXO2jPGe6LzV.jpg?quality=95&as=32x32,48x48,72x72,108x108,160x160,240x240,360x360,480x480,540x540,640x640,720x720,1080x1080&from=bu&cs=1080x0'}, {'height': 1080, 'type': 'z', 'width': 1080, 'url': 'https://sun1-16.userapi.com/s/v1/ig2/guJZPiKfd3ueEXPiQDOC3jFx4F_zs2kdKL1fPE-q39Y3xP2T2ueanAGS9JhNTLh-YvBR62ap_5FJnXO2jPGe6LzV.jpg?quality=95&as=32x32,48x48,72x72,108x108,160x160,240x240,360x360,480x480,540x540,640x640,720x720,1080x1080&from=bu&cs=1080x0'}, {'height': 108, 'type': 'o', 'width': 108, 'url': 'https://sun1-16.userapi.com/s/v1/ig2/guJZPiKfd3ueEXPiQDOC3jFx4F_zs2kdKL1fPE-q39Y3xP2T2ueanAGS9JhNTLh-YvBR62ap_5FJnXO2jPGe6LzV.jpg?quality=95&as=32x32,48x48,72x72,108x108,160x160,240x240,360x360,480x480,540x540,640x640,720x720,1080x1080&from=bu&cs=108x0'}, {'height': 240, 'type': 'p', 'width': 240, 'url': 'https://sun1-16.userapi.com/s/v1/ig2/guJZPiKfd3ueEXPiQDOC3jFx4F_zs2kdKL1fPE-q39Y3xP2T2ueanAGS9JhNTLh-YvBR62ap_5FJnXO2jPGe6LzV.jpg?quality=95&as=32x32,48x48,72x72,108x108,160x160,240x240,360x360,480x480,540x540,640x640,720x720,1080x1080&from=bu&cs=240x0'}, {'height': 360, 'type': 'q', 'width': 360, 'url': 'https://sun1-16.userapi.com/s/v1/ig2/guJZPiKfd3ueEXPiQDOC3jFx4F_zs2kdKL1fPE-q39Y3xP2T2ueanAGS9JhNTLh-YvBR62ap_5FJnXO2jPGe6LzV.jpg?quality=95&as=32x32,48x48,72x72,108x108,160x160,240x240,360x360,480x480,540x540,640x640,720x720,1080x1080&from=bu&cs=360x0'}, {'height': 540, 'type': 'r', 'width': 540, 'url': 'https://sun1-16.userapi.com/s/v1/ig2/guJZPiKfd3ueEXPiQDOC3jFx4F_zs2kdKL1fPE-q39Y3xP2T2ueanAGS9JhNTLh-YvBR62ap_5FJnXO2jPGe6LzV.jpg?quality=95&as=32x32,48x48,72x72,108x108,160x160,240x240,360x360,480x480,540x540,640x640,720x720,1080x1080&from=bu&cs=540x0'}, {'height': 1080, 'type': 'base', 'width': 1080, 'url': 'https://sun1-16.userapi.com/s/v1/ig2/guJZPiKfd3ueEXPiQDOC3jFx4F_zs2kdKL1fPE-q39Y3xP2T2ueanAGS9JhNTLh-YvBR62ap_5FJnXO2jPGe6LzV.jpg?quality=95&as=32x32,48x48,72x72,108x108,160x160,240x240,360x360,480x480,540x540,640x640,720x720,1080x1080&from=bu'}], 'square_crop': '196,142,689', 'text': '', 'web_view_token': '3527b495dc2aef0d63', 'likes': {'count': 516, 'user_likes': 0}, 'comments': {'count': 40}, 'reposts': {'count': 0}, 'tags': {'count': 0}, 'orig_photo': {'height': 1080, 'type': 'base', 'url': 'https://sun1-16.userapi.com/s/v1/ig2/guJZPiKfd3ueEXPiQDOC3jFx4F_zs2kdKL1fPE-q39Y3xP2T2ueanAGS9JhNTLh-YvBR62ap_5FJnXO2jPGe6LzV.jpg?quality=95&as=32x32,48x48,72x72,108x108,160x160,240x240,360x360,480x480,540x540,640x640,720x720,1080x1080&from=bu', 'width': 1080}}, {'album_id': -6, 'date': 1716837445, 'id': 457241244, 'owner_id': 832483485, 'can_comment': 1, 'sizes': [{'height': 108, 'type': 's', 'width': 72, 'url': 'https://sun9-68.userapi.com/s/v1/ig2/p-yMciaM1oMY1mRsYMrgaaX_zgrAZ6wzbVf6oRB_z3zEpE3eHSUx7-0omug2XETGGAKlzbFBZK9kgpklaqz2z1B1.jpg?quality=95&as=32x48,48x72,72x108,108x162,160x240,240x360,360x540,480x720,540x810,640x960,720x1080,1080x1621,1280x1921,1440x2161,1706x2560&from=bu&cs=72x0'}, {'height': 240, 'type': 'm', 'width': 160, 'url': 'https://sun9-68.userapi.com/s/v1/ig2/p-yMciaM1oMY1mRsYMrgaaX_zgrAZ6wzbVf6oRB_z3zEpE3eHSUx7-0omug2XETGGAKlzbFBZK9kgpklaqz2z1B1.jpg?quality=95&as=32x48,48x72,72x108,108x162,160x240,240x360,360x540,480x720,540x810,640x960,720x1080,1080x1621,1280x1921,1440x2161,1706x2560&from=bu&cs=160x0'}, {'height': 960, 'type': 'x', 'width': 640, 'url': 'https://sun9-68.userapi.com/s/v1/ig2/p-yMciaM1oMY1mRsYMrgaaX_zgrAZ6wzbVf6oRB_z3zEpE3eHSUx7-0omug2XETGGAKlzbFBZK9kgpklaqz2z1B1.jpg?quality=95&as=32x48,48x72,72x108,108x162,160x240,240x360,360x540,480x720,540x810,640x960,720x1080,1080x1621,1280x1921,1440x2161,1706x2560&from=bu&cs=640x0'}, {'height': 1621, 'type': 'y', 'width': 1080, 'url': 'https://sun9-68.userapi.com/s/v1/ig2/p-yMciaM1oMY1mRsYMrgaaX_zgrAZ6wzbVf6oRB_z3zEpE3eHSUx7-0omug2XETGGAKlzbFBZK9kgpklaqz2z1B1.jpg?quality=95&as=32x48,48x72,72x108,108x162,160x240,240x360,360x540,480x720,540x810,640x960,720x1080,1080x1621,1280x1921,1440x2161,1706x2560&from=bu&cs=1080x0'}, {'height': 1921, 'type': 'z', 'width': 1280, 'url': 'https://sun9-68.userapi.com/s/v1/ig2/p-yMciaM1oMY1mRsYMrgaaX_zgrAZ6wzbVf6oRB_z3zEpE3eHSUx7-0omug2XETGGAKlzbFBZK9kgpklaqz2z1B1.jpg?quality=95&as=32x48,48x72,72x108,108x162,160x240,240x360,360x540,480x720,540x810,640x960,720x1080,1080x1621,1280x1921,1440x2161,1706x2560&from=bu&cs=1280x0'}, {'height': 2560, 'type': 'w', 'width': 1706, 'url': 'https://sun9-68.userapi.com/s/v1/ig2/p-yMciaM1oMY1mRsYMrgaaX_zgrAZ6wzbVf6oRB_z3zEpE3eHSUx7-0omug2XETGGAKlzbFBZK9kgpklaqz2z1B1.jpg?quality=95&as=32x48,48x72,72x108,108x162,160x240,240x360,360x540,480x720,540x810,640x960,720x1080,1080x1621,1280x1921,1440x2161,1706x2560&from=bu&cs=1706x0'}, {'height': 162, 'type': 'o', 'width': 108, 'url': 'https://sun9-68.userapi.com/s/v1/ig2/p-yMciaM1oMY1mRsYMrgaaX_zgrAZ6wzbVf6oRB_z3zEpE3eHSUx7-0omug2XETGGAKlzbFBZK9kgpklaqz2z1B1.jpg?quality=95&as=32x48,48x72,72x108,108x162,160x240,240x360,360x540,480x720,540x810,640x960,720x1080,1080x1621,1280x1921,1440x2161,1706x2560&from=bu&cs=108x0'}, {'height': 360, 'type': 'p', 'width': 240, 'url': 'https://sun9-68.userapi.com/s/v1/ig2/p-yMciaM1oMY1mRsYMrgaaX_zgrAZ6wzbVf6oRB_z3zEpE3eHSUx7-0omug2XETGGAKlzbFBZK9kgpklaqz2z1B1.jpg?quality=95&as=32x48,48x72,72x108,108x162,160x240,240x360,360x540,480x720,540x810,640x960,720x1080,1080x1621,1280x1921,1440x2161,1706x2560&from=bu&cs=240x0'}, {'height': 540, 'type': 'q', 'width': 360, 'url': 'https://sun9-68.userapi.com/s/v1/ig2/p-yMciaM1oMY1mRsYMrgaaX_zgrAZ6wzbVf6oRB_z3zEpE3eHSUx7-0omug2XETGGAKlzbFBZK9kgpklaqz2z1B1.jpg?quality=95&as=32x48,48x72,72x108,108x162,160x240,240x360,360x540,480x720,540x810,640x960,720x1080,1080x1621,1280x1921,1440x2161,1706x2560&from=bu&cs=360x0'}, {'height': 810, 'type': 'r', 'width': 540, 'url': 'https://sun9-68.userapi.com/s/v1/ig2/p-yMciaM1oMY1mRsYMrgaaX_zgrAZ6wzbVf6oRB_z3zEpE3eHSUx7-0omug2XETGGAKlzbFBZK9kgpklaqz2z1B1.jpg?quality=95&as=32x48,48x72,72x108,108x162,160x240,240x360,360x540,480x720,540x810,640x960,720x1080,1080x1621,1280x1921,1440x2161,1706x2560&from=bu&cs=540x0'}, {'height': 2560, 'type': 'base', 'width': 1706, 'url': 'https://sun9-68.userapi.com/s/v1/ig2/p-yMciaM1oMY1mRsYMrgaaX_zgrAZ6wzbVf6oRB_z3zEpE3eHSUx7-0omug2XETGGAKlzbFBZK9kgpklaqz2z1B1.jpg?quality=95&as=32x48,48x72,72x108,108x162,160x240,240x360,360x540,480x720,540x810,640x960,720x1080,1080x1621,1280x1921,1440x2161,1706x2560&from=bu'}], 'square_crop': '290,63,1214', 'text': '', 'web_view_token': 'd7f5478fd53594a8a6', 'likes': {'count': 499, 'user_likes': 0}, 'comments': {'count': 38}, 'reposts': {'count': 0}, 'tags': {'count': 0}, 'orig_photo': {'height': 2560, 'type': 'base', 'url': 'https://sun9-68.userapi.com/s/v1/ig2/p-yMciaM1oMY1mRsYMrgaaX_zgrAZ6wzbVf6oRB_z3zEpE3eHSUx7-0omug2XETGGAKlzbFBZK9kgpklaqz2z1B1.jpg?quality=95&as=32x48,48x72,72x108,108x162,160x240,240x360,360x540,480x720,540x810,640x960,720x1080,1080x1621,1280x1921,1440x2161,1706x2560&from=bu', 'width': 1706}}, {'album_id': -6, 'date': 1726814705, 'id': 457243634, 'owner_id': 832483485, 'can_comment': 1, 'sizes': [{'height': 84, 'type': 's', 'width': 72, 'url': 'https://sun9-26.userapi.com/s/v1/ig2/08-dFKterCo8oSFpnHJ-fNf942G-vSKIPRc6U4ZY0X_IonEsIaMaQ62wYxTp_a30LF7GTXVP1plpO5kR11NnyV45.jpg?quality=95&as=32x37,48x56,72x84,108x126,160x187,240x280,360x420,480x560,540x630,640x747,720x840,1072x1251&from=bu&cs=72x0'}, {'height': 187, 'type': 'm', 'width': 160, 'url': 'https://sun9-26.userapi.com/s/v1/ig2/08-dFKterCo8oSFpnHJ-fNf942G-vSKIPRc6U4ZY0X_IonEsIaMaQ62wYxTp_a30LF7GTXVP1plpO5kR11NnyV45.jpg?quality=95&as=32x37,48x56,72x84,108x126,160x187,240x280,360x420,480x560,540x630,640x747,720x840,1072x1251&from=bu&cs=160x0'}, {'height': 747, 'type': 'x', 'width': 640, 'url': 'https://sun9-26.userapi.com/s/v1/ig2/08-dFKterCo8oSFpnHJ-fNf942G-vSKIPRc6U4ZY0X_IonEsIaMaQ62wYxTp_a30LF7GTXVP1plpO5kR11NnyV45.jpg?quality=95&as=32x37,48x56,72x84,108x126,160x187,240x280,360x420,480x560,540x630,640x747,720x840,1072x1251&from=bu&cs=640x0'}, {'height': 1251, 'type': 'y', 'width': 1072, 'url': 'https://sun9-26.userapi.com/s/v1/ig2/08-dFKterCo8oSFpnHJ-fNf942G-vSKIPRc6U4ZY0X_IonEsIaMaQ62wYxTp_a30LF7GTXVP1plpO5kR11NnyV45.jpg?quality=95&as=32x37,48x56,72x84,108x126,160x187,240x280,360x420,480x560,540x630,640x747,720x840,1072x1251&from=bu&cs=1072x0'}, {'height': 126, 'type': 'o', 'width': 108, 'url': 'https://sun9-26.userapi.com/s/v1/ig2/08-dFKterCo8oSFpnHJ-fNf942G-vSKIPRc6U4ZY0X_IonEsIaMaQ62wYxTp_a30LF7GTXVP1plpO5kR11NnyV45.jpg?quality=95&as=32x37,48x56,72x84,108x126,160x187,240x280,360x420,480x560,540x630,640x747,720x840,1072x1251&from=bu&cs=108x0'}, {'height': 280, 'type': 'p', 'width': 240, 'url': 'https://sun9-26.userapi.com/s/v1/ig2/08-dFKterCo8oSFpnHJ-fNf942G-vSKIPRc6U4ZY0X_IonEsIaMaQ62wYxTp_a30LF7GTXVP1plpO5kR11NnyV45.jpg?quality=95&as=32x37,48x56,72x84,108x126,160x187,240x280,360x420,480x560,540x630,640x747,720x840,1072x1251&from=bu&cs=240x0'}, {'height': 420, 'type': 'q', 'width': 360, 'url': 'https://sun9-26.userapi.com/s/v1/ig2/08-dFKterCo8oSFpnHJ-fNf942G-vSKIPRc6U4ZY0X_IonEsIaMaQ62wYxTp_a30LF7GTXVP1plpO5kR11NnyV45.jpg?quality=95&as=32x37,48x56,72x84,108x126,160x187,240x280,360x420,480x560,540x630,640x747,720x840,1072x1251&from=bu&cs=360x0'}, {'height': 630, 'type': 'r', 'width': 540, 'url': 'https://sun9-26.userapi.com/s/v1/ig2/08-dFKterCo8oSFpnHJ-fNf942G-vSKIPRc6U4ZY0X_IonEsIaMaQ62wYxTp_a30LF7GTXVP1plpO5kR11NnyV45.jpg?quality=95&as=32x37,48x56,72x84,108x126,160x187,240x280,360x420,480x560,540x630,640x747,720x840,1072x1251&from=bu&cs=540x0'}, {'height': 1251, 'type': 'base', 'width': 1072, 'url': 'https://sun9-26.userapi.com/s/v1/ig2/08-dFKterCo8oSFpnHJ-fNf942G-vSKIPRc6U4ZY0X_IonEsIaMaQ62wYxTp_a30LF7GTXVP1plpO5kR11NnyV45.jpg?quality=95&as=32x37,48x56,72x84,108x126,160x187,240x280,360x420,480x560,540x630,640x747,720x840,1072x1251&from=bu'}], 'square_crop': '0,89,1072', 'text': '', 'web_view_token': '716787b464ebe880fa', 'likes': {'count': 250, 'user_likes': 0}, 'comments': {'count': 7}, 'reposts': {'count': 0}, 'tags': {'count': 0}, 'orig_photo': {'height': 1251, 'type': 'base', 'url': 'https://sun9-26.userapi.com/s/v1/ig2/08-dFKterCo8oSFpnHJ-fNf942G-vSKIPRc6U4ZY0X_IonEsIaMaQ62wYxTp_a30LF7GTXVP1plpO5kR11NnyV45.jpg?quality=95&as=32x37,48x56,72x84,108x126,160x187,240x280,360x420,480x560,540x630,640x747,720x840,1072x1251&from=bu', 'width': 1072}}, {'album_id': -6, 'date': 1733173297, 'id': 457245744, 'owner_id': 832483485, 'can_comment': 1, 'sizes': [{'height': 79, 'type': 's', 'width': 72, 'url': 'https://sun9-57.userapi.com/s/v1/ig2/SwKiT3UF_k6ZmA-HfrUOiLN7byTmIJ9yjVoagP70RnVk5arnGTHGGjd3aAG5JHLsHDNMMarp-IsY1UAEAsQC4crL.jpg?quality=95&as=32x35,48x53,72x79,108x119,160x176,240x264,360x397,480x529,490x540&from=bu&cs=72x0'}, {'height': 176, 'type': 'm', 'width': 160, 'url': 'https://sun9-57.userapi.com/s/v1/ig2/SwKiT3UF_k6ZmA-HfrUOiLN7byTmIJ9yjVoagP70RnVk5arnGTHGGjd3aAG5JHLsHDNMMarp-IsY1UAEAsQC4crL.jpg?quality=95&as=32x35,48x53,72x79,108x119,160x176,240x264,360x397,480x529,490x540&from=bu&cs=160x0'}, {'height': 540, 'type': 'x', 'width': 490, 'url': 'https://sun9-57.userapi.com/s/v1/ig2/SwKiT3UF_k6ZmA-HfrUOiLN7byTmIJ9yjVoagP70RnVk5arnGTHGGjd3aAG5JHLsHDNMMarp-IsY1UAEAsQC4crL.jpg?quality=95&as=32x35,48x53,72x79,108x119,160x176,240x264,360x397,480x529,490x540&from=bu&cs=490x0'}, {'height': 540, 'type': 'y', 'width': 490, 'url': 'https://sun9-57.userapi.com/s/v1/ig2/SwKiT3UF_k6ZmA-HfrUOiLN7byTmIJ9yjVoagP70RnVk5arnGTHGGjd3aAG5JHLsHDNMMarp-IsY1UAEAsQC4crL.jpg?quality=95&as=32x35,48x53,72x79,108x119,160x176,240x264,360x397,480x529,490x540&from=bu&cs=490x0'}, {'height': 119, 'type': 'o', 'width': 108, 'url': 'https://sun9-57.userapi.com/s/v1/ig2/SwKiT3UF_k6ZmA-HfrUOiLN7byTmIJ9yjVoagP70RnVk5arnGTHGGjd3aAG5JHLsHDNMMarp-IsY1UAEAsQC4crL.jpg?quality=95&as=32x35,48x53,72x79,108x119,160x176,240x264,360x397,480x529,490x540&from=bu&cs=108x0'}, {'height': 264, 'type': 'p', 'width': 240, 'url': 'https://sun9-57.userapi.com/s/v1/ig2/SwKiT3UF_k6ZmA-HfrUOiLN7byTmIJ9yjVoagP70RnVk5arnGTHGGjd3aAG5JHLsHDNMMarp-IsY1UAEAsQC4crL.jpg?quality=95&as=32x35,48x53,72x79,108x119,160x176,240x264,360x397,480x529,490x540&from=bu&cs=240x0'}, {'height': 397, 'type': 'q', 'width': 360, 'url': 'https://sun9-57.userapi.com/s/v1/ig2/SwKiT3UF_k6ZmA-HfrUOiLN7byTmIJ9yjVoagP70RnVk5arnGTHGGjd3aAG5JHLsHDNMMarp-IsY1UAEAsQC4crL.jpg?quality=95&as=32x35,48x53,72x79,108x119,160x176,240x264,360x397,480x529,490x540&from=bu&cs=360x0'}, {'height': 540, 'type': 'base', 'width': 490, 'url': 'https://sun9-57.userapi.com/s/v1/ig2/SwKiT3UF_k6ZmA-HfrUOiLN7byTmIJ9yjVoagP70RnVk5arnGTHGGjd3aAG5JHLsHDNMMarp-IsY1UAEAsQC4crL.jpg?quality=95&as=32x35,48x53,72x79,108x119,160x176,240x264,360x397,480x529,490x540&from=bu'}], 'square_crop': '0,9,486', 'text': '', 'web_view_token': '960d9275e308dd7445', 'likes': {'count': 184, 'user_likes': 0}, 'comments': {'count': 26}, 'reposts': {'count': 0}, 'tags': {'count': 0}, 'orig_photo': {'height': 540, 'type': 'base', 'url': 'https://sun9-57.userapi.com/s/v1/ig2/SwKiT3UF_k6ZmA-HfrUOiLN7byTmIJ9yjVoagP70RnVk5arnGTHGGjd3aAG5JHLsHDNMMarp-IsY1UAEAsQC4crL.jpg?quality=95&as=32x35,48x53,72x79,108x119,160x176,240x264,360x397,480x529,490x540&from=bu', 'width': 490}}, {'album_id': -6, 'date': 1746697016, 'id': 457250125, 'owner_id': 832483485, 'can_comment': 1, 'sizes': [{'height': 79, 'type': 's', 'width': 72, 'url': 'https://sun9-36.userapi.com/s/v1/ig2/WKQTCndnHSMv4-4DjBYgUdz2-UhLAijL1rUObJauMXFcZo5S-MCcX_Sc22cbkpQ4P5md4rT_ORPqqEJk2hNdUjoF.jpg?quality=95&as=32x35,48x53,72x79,108x119,160x176,240x264,360x397,480x529,490x540&from=bu&cs=72x0'}, {'height': 176, 'type': 'm', 'width': 160, 'url': 'https://sun9-36.userapi.com/s/v1/ig2/WKQTCndnHSMv4-4DjBYgUdz2-UhLAijL1rUObJauMXFcZo5S-MCcX_Sc22cbkpQ4P5md4rT_ORPqqEJk2hNdUjoF.jpg?quality=95&as=32x35,48x53,72x79,108x119,160x176,240x264,360x397,480x529,490x540&from=bu&cs=160x0'}, {'height': 540, 'type': 'x', 'width': 490, 'url': 'https://sun9-36.userapi.com/s/v1/ig2/WKQTCndnHSMv4-4DjBYgUdz2-UhLAijL1rUObJauMXFcZo5S-MCcX_Sc22cbkpQ4P5md4rT_ORPqqEJk2hNdUjoF.jpg?quality=95&as=32x35,48x53,72x79,108x119,160x176,240x264,360x397,480x529,490x540&from=bu&cs=490x0'}, {'height': 540, 'type': 'y', 'width': 490, 'url': 'https://sun9-36.userapi.com/s/v1/ig2/WKQTCndnHSMv4-4DjBYgUdz2-UhLAijL1rUObJauMXFcZo5S-MCcX_Sc22cbkpQ4P5md4rT_ORPqqEJk2hNdUjoF.jpg?quality=95&as=32x35,48x53,72x79,108x119,160x176,240x264,360x397,480x529,490x540&from=bu&cs=490x0'}, {'height': 119, 'type': 'o', 'width': 108, 'url': 'https://sun9-36.userapi.com/s/v1/ig2/WKQTCndnHSMv4-4DjBYgUdz2-UhLAijL1rUObJauMXFcZo5S-MCcX_Sc22cbkpQ4P5md4rT_ORPqqEJk2hNdUjoF.jpg?quality=95&as=32x35,48x53,72x79,108x119,160x176,240x264,360x397,480x529,490x540&from=bu&cs=108x0'}, {'height': 264, 'type': 'p', 'width': 240, 'url': 'https://sun9-36.userapi.com/s/v1/ig2/WKQTCndnHSMv4-4DjBYgUdz2-UhLAijL1rUObJauMXFcZo5S-MCcX_Sc22cbkpQ4P5md4rT_ORPqqEJk2hNdUjoF.jpg?quality=95&as=32x35,48x53,72x79,108x119,160x176,240x264,360x397,480x529,490x540&from=bu&cs=240x0'}, {'height': 397, 'type': 'q', 'width': 360, 'url': 'https://sun9-36.userapi.com/s/v1/ig2/WKQTCndnHSMv4-4DjBYgUdz2-UhLAijL1rUObJauMXFcZo5S-MCcX_Sc22cbkpQ4P5md4rT_ORPqqEJk2hNdUjoF.jpg?quality=95&as=32x35,48x53,72x79,108x119,160x176,240x264,360x397,480x529,490x540&from=bu&cs=360x0'}, {'height': 540, 'type': 'base', 'width': 490, 'url': 'https://sun9-36.userapi.com/s/v1/ig2/WKQTCndnHSMv4-4DjBYgUdz2-UhLAijL1rUObJauMXFcZo5S-MCcX_Sc22cbkpQ4P5md4rT_ORPqqEJk2hNdUjoF.jpg?quality=95&as=32x35,48x53,72x79,108x119,160x176,240x264,360x397,480x529,490x540&from=bu'}], 'square_crop': '23,11,436', 'text': '', 'web_view_token': 'dc9b60aa0228d7d557', 'likes': {'count': 51, 'user_likes': 0}, 'comments': {'count': 1}, 'reposts': {'count': 0}, 'tags': {'count': 0}, 'orig_photo': {'height': 540, 'type': 'base', 'url': 'https://sun9-36.userapi.com/s/v1/ig2/WKQTCndnHSMv4-4DjBYgUdz2-UhLAijL1rUObJauMXFcZo5S-MCcX_Sc22cbkpQ4P5md4rT_ORPqqEJk2hNdUjoF.jpg?quality=95&as=32x35,48x53,72x79,108x119,160x176,240x264,360x397,480x529,490x540&from=bu', 'width': 490}}, {'album_id': -6, 'date': 1749381257, 'id': 457251230, 'owner_id': 832483485, 'can_comment': 1, 'sizes': [{'height': 79, 'type': 's', 'width': 72, 'url': 'https://sun9-34.userapi.com/s/v1/ig2/chYf1-fP2OskAWnQesNX3pVKac4ONl5U5-H9dxluXUzqo8lAihzyj3YhgdYhUU0wrsVeBc6e2loep_Ww-5B8tx6M.jpg?quality=95&as=32x35,48x53,72x79,108x119,160x176,240x264,360x397,480x529,490x540&from=bu&cs=72x0'}, {'height': 176, 'type': 'm', 'width': 160, 'url': 'https://sun9-34.userapi.com/s/v1/ig2/chYf1-fP2OskAWnQesNX3pVKac4ONl5U5-H9dxluXUzqo8lAihzyj3YhgdYhUU0wrsVeBc6e2loep_Ww-5B8tx6M.jpg?quality=95&as=32x35,48x53,72x79,108x119,160x176,240x264,360x397,480x529,490x540&from=bu&cs=160x0'}, {'height': 540, 'type': 'x', 'width': 490, 'url': 'https://sun9-34.userapi.com/s/v1/ig2/chYf1-fP2OskAWnQesNX3pVKac4ONl5U5-H9dxluXUzqo8lAihzyj3YhgdYhUU0wrsVeBc6e2loep_Ww-5B8tx6M.jpg?quality=95&as=32x35,48x53,72x79,108x119,160x176,240x264,360x397,480x529,490x540&from=bu&cs=490x0'}, {'height': 540, 'type': 'y', 'width': 490, 'url': 'https://sun9-34.userapi.com/s/v1/ig2/chYf1-fP2OskAWnQesNX3pVKac4ONl5U5-H9dxluXUzqo8lAihzyj3YhgdYhUU0wrsVeBc6e2loep_Ww-5B8tx6M.jpg?quality=95&as=32x35,48x53,72x79,108x119,160x176,240x264,360x397,480x529,490x540&from=bu&cs=490x0'}, {'height': 119, 'type': 'o', 'width': 108, 'url': 'https://sun9-34.userapi.com/s/v1/ig2/chYf1-fP2OskAWnQesNX3pVKac4ONl5U5-H9dxluXUzqo8lAihzyj3YhgdYhUU0wrsVeBc6e2loep_Ww-5B8tx6M.jpg?quality=95&as=32x35,48x53,72x79,108x119,160x176,240x264,360x397,480x529,490x540&from=bu&cs=108x0'}, {'height': 264, 'type': 'p', 'width': 240, 'url': 'https://sun9-34.userapi.com/s/v1/ig2/chYf1-fP2OskAWnQesNX3pVKac4ONl5U5-H9dxluXUzqo8lAihzyj3YhgdYhUU0wrsVeBc6e2loep_Ww-5B8tx6M.jpg?quality=95&as=32x35,48x53,72x79,108x119,160x176,240x264,360x397,480x529,490x540&from=bu&cs=240x0'}, {'height': 397, 'type': 'q', 'width': 360, 'url': 'https://sun9-34.userapi.com/s/v1/ig2/chYf1-fP2OskAWnQesNX3pVKac4ONl5U5-H9dxluXUzqo8lAihzyj3YhgdYhUU0wrsVeBc6e2loep_Ww-5B8tx6M.jpg?quality=95&as=32x35,48x53,72x79,108x119,160x176,240x264,360x397,480x529,490x540&from=bu&cs=360x0'}, {'height': 540, 'type': 'base', 'width': 490, 'url': 'https://sun9-34.userapi.com/s/v1/ig2/chYf1-fP2OskAWnQesNX3pVKac4ONl5U5-H9dxluXUzqo8lAihzyj3YhgdYhUU0wrsVeBc6e2loep_Ww-5B8tx6M.jpg?quality=95&as=32x35,48x53,72x79,108x119,160x176,240x264,360x397,480x529,490x540&from=bu'}], 'square_crop': '0,14,490', 'text': '', 'web_view_token': '2e9a5fafc7a14bd7fd', 'likes': {'count': 114, 'user_likes': 0}, 'comments': {'count': 14}, 'reposts': {'count': 0}, 'tags': {'count': 0}, 'orig_photo': {'height': 540, 'type': 'base', 'url': 'https://sun9-34.userapi.com/s/v1/ig2/chYf1-fP2OskAWnQesNX3pVKac4ONl5U5-H9dxluXUzqo8lAihzyj3YhgdYhUU0wrsVeBc6e2loep_Ww-5B8tx6M.jpg?quality=95&as=32x35,48x53,72x79,108x119,160x176,240x264,360x397,480x529,490x540&from=bu', 'width': 490}}, {'album_id': -6, 'date': 1777890498, 'id': 457265607, 'owner_id': 832483485, 'can_comment': 1, 'sizes': [{'height': 72, 'type': 's', 'width': 72, 'url': 'https://sun1-17.userapi.com/s/v1/ig2/scBMN0TFlZijpX_Z4wYKyvEBsXSyvDba1e62eyHs7iLWr7t68c_jPyQc6qwdPZ4NGPYKgM70z942zN6sZUGXgRRM.jpg?quality=95&as=32x32,48x48,72x72,108x108,160x160,240x240,360x360,480x480,540x540,640x640&from=bu&cs=72x0'}, {'height': 160, 'type': 'm', 'width': 160, 'url': 'https://sun1-17.userapi.com/s/v1/ig2/scBMN0TFlZijpX_Z4wYKyvEBsXSyvDba1e62eyHs7iLWr7t68c_jPyQc6qwdPZ4NGPYKgM70z942zN6sZUGXgRRM.jpg?quality=95&as=32x32,48x48,72x72,108x108,160x160,240x240,360x360,480x480,540x540,640x640&from=bu&cs=160x0'}, {'height': 640, 'type': 'x', 'width': 640, 'url': 'https://sun1-17.userapi.com/s/v1/ig2/scBMN0TFlZijpX_Z4wYKyvEBsXSyvDba1e62eyHs7iLWr7t68c_jPyQc6qwdPZ4NGPYKgM70z942zN6sZUGXgRRM.jpg?quality=95&as=32x32,48x48,72x72,108x108,160x160,240x240,360x360,480x480,540x540,640x640&from=bu&cs=640x0'}, {'height': 640, 'type': 'y', 'width': 640, 'url': 'https://sun1-17.userapi.com/s/v1/ig2/scBMN0TFlZijpX_Z4wYKyvEBsXSyvDba1e62eyHs7iLWr7t68c_jPyQc6qwdPZ4NGPYKgM70z942zN6sZUGXgRRM.jpg?quality=95&as=32x32,48x48,72x72,108x108,160x160,240x240,360x360,480x480,540x540,640x640&from=bu&cs=640x0'}, {'height': 108, 'type': 'o', 'width': 108, 'url': 'https://sun1-17.userapi.com/s/v1/ig2/scBMN0TFlZijpX_Z4wYKyvEBsXSyvDba1e62eyHs7iLWr7t68c_jPyQc6qwdPZ4NGPYKgM70z942zN6sZUGXgRRM.jpg?quality=95&as=32x32,48x48,72x72,108x108,160x160,240x240,360x360,480x480,540x540,640x640&from=bu&cs=108x0'}, {'height': 240, 'type': 'p', 'width': 240, 'url': 'https://sun1-17.userapi.com/s/v1/ig2/scBMN0TFlZijpX_Z4wYKyvEBsXSyvDba1e62eyHs7iLWr7t68c_jPyQc6qwdPZ4NGPYKgM70z942zN6sZUGXgRRM.jpg?quality=95&as=32x32,48x48,72x72,108x108,160x160,240x240,360x360,480x480,540x540,640x640&from=bu&cs=240x0'}, {'height': 360, 'type': 'q', 'width': 360, 'url': 'https://sun1-17.userapi.com/s/v1/ig2/scBMN0TFlZijpX_Z4wYKyvEBsXSyvDba1e62eyHs7iLWr7t68c_jPyQc6qwdPZ4NGPYKgM70z942zN6sZUGXgRRM.jpg?quality=95&as=32x32,48x48,72x72,108x108,160x160,240x240,360x360,480x480,540x540,640x640&from=bu&cs=360x0'}, {'height': 540, 'type': 'r', 'width': 540, 'url': 'https://sun1-17.userapi.com/s/v1/ig2/scBMN0TFlZijpX_Z4wYKyvEBsXSyvDba1e62eyHs7iLWr7t68c_jPyQc6qwdPZ4NGPYKgM70z942zN6sZUGXgRRM.jpg?quality=95&as=32x32,48x48,72x72,108x108,160x160,240x240,360x360,480x480,540x540,640x640&from=bu&cs=540x0'}, {'height': 640, 'type': 'base', 'width': 640, 'url': 'https://sun1-17.userapi.com/s/v1/ig2/scBMN0TFlZijpX_Z4wYKyvEBsXSyvDba1e62eyHs7iLWr7t68c_jPyQc6qwdPZ4NGPYKgM70z942zN6sZUGXgRRM.jpg?quality=95&as=32x32,48x48,72x72,108x108,160x160,240x240,360x360,480x480,540x540,640x640&from=bu'}], 'square_crop': '1,0,639', 'text': '', 'web_view_token': 'bff596f70b402f261a', 'likes': {'count': 44, 'user_likes': 0}, 'comments': {'count': 0}, 'reposts': {'count': 0}, 'tags': {'count': 0}, 'orig_photo': {'height': 640, 'type': 'base', 'url': 'https://sun1-17.userapi.com/s/v1/ig2/scBMN0TFlZijpX_Z4wYKyvEBsXSyvDba1e62eyHs7iLWr7t68c_jPyQc6qwdPZ4NGPYKgM70z942zN6sZUGXgRRM.jpg?quality=95&as=32x32,48x48,72x72,108x108,160x160,240x240,360x360,480x480,540x540,640x640&from=bu', 'width': 640}}]
14:17:20 - DEBUG - result get top3 photo: ['photo832483485_457239042', 'photo832483485_457241244', 'photo832483485_457243634']
14:17:20 - DEBUG - result extract user data: {'user_id': 832483485, 'first_name': 'Георгий', 'last_name': 'Филимонов', 'sex': 2, 'sex_as_text': 'Мужской', 'profile_URL': 'https://vk.com/id832483485', 'age': 46, 'city_id': None, 'city': None, 'photo_URL': ['photo832483485_457239042', 'photo832483485_457241244', 'photo832483485_457243634']}
14:17:20 - DEBUG - search user result: {'user_id': 832483485, 'first_name': 'Георгий', 'last_name': 'Филимонов', 'sex': 2, 'sex_as_text': 'Мужской', 'profile_URL': 'https://vk.com/id832483485', 'age': 46, 'city_id': None, 'city': None, 'photo_URL': ['photo832483485_457239042', 'photo832483485_457241244', 'photo832483485_457243634']}
14:17:20 - INFO - BEGIN (implicit)
14:17:20 - INFO - SELECT favorites.id AS favorites_id, favorites.vk_user_id AS favorites_vk_user_id, favorites.profile_vk_id AS favorites_profile_vk_id 
FROM favorites 
WHERE favorites.vk_user_id = %(vk_user_id_1)s AND favorites.profile_vk_id = %(profile_vk_id_1)s 
 LIMIT %(param_1)s
14:17:20 - INFO - [generated in 0.00012s] {'vk_user_id_1': '311485261', 'profile_vk_id_1': '864559765', 'param_1': 1}
14:17:20 - INFO - INSERT INTO favorites (vk_user_id, profile_vk_id) VALUES (%(vk_user_id)s, %(profile_vk_id)s) RETURNING favorites.id
14:17:20 - INFO - [generated in 0.00010s] {'vk_user_id': '311485261', 'profile_vk_id': '864559765'}
14:17:20 - INFO - COMMIT
14:17:20 - DEBUG - API request was validated
14:17:20 - DEBUG - Request messages.send with {'random_id': 0, 'peer_ids': '311485261', 'message': 'Пользователь Алексей Беспрозванных добавлен в избранное'} data returned {"response":[{"peer_id":311485261,"message_id":590,"conversation_message_id":589}]}
14:17:20 - DEBUG - API response was validated
14:17:20 - INFO - BEGIN (implicit)
14:17:20 - INFO - SELECT viewed.id AS viewed_id, viewed.vk_user_id AS viewed_vk_user_id, viewed.profile_vk_id AS viewed_profile_vk_id 
FROM viewed 
WHERE viewed.vk_user_id = %(vk_user_id_1)s AND viewed.profile_vk_id = %(profile_vk_id_1)s 
 LIMIT %(param_1)s
14:17:20 - INFO - [cached since 4.698s ago] {'vk_user_id_1': '311485261', 'profile_vk_id_1': '832483485', 'param_1': 1}
14:17:20 - INFO - INSERT INTO viewed (vk_user_id, profile_vk_id) VALUES (%(vk_user_id)s, %(profile_vk_id)s) RETURNING viewed.id
14:17:20 - INFO - [cached since 4.697s ago] {'vk_user_id': '311485261', 'profile_vk_id': '832483485'}
14:17:20 - INFO - COMMIT
14:17:20 - DEBUG - API request was validated
14:17:20 - DEBUG - Request messages.send with {'random_id': 0, 'peer_ids': '311485261', 'message': 'Георгий Филимонов, 46', 'attachment': 'photo832483485_457239042,photo832483485_457241244,photo832483485_457243634', 'keyboard': <vkbottle.tools.keyboard.keyboard.Keyboard object at 0x0000000029F67360>} data returned {"response":[{"peer_id":311485261,"message_id":591,"conversation_message_id":590}]}
14:17:20 - DEBUG - API response was validated
14:17:24 - DEBUG - New event was received: {'ts': '117', 'updates': [{'group_id': 238429916, 'type': 'message_new', 'event_id': '5143fee60e29dca53732a20c1bbdb112d679268f', 'v': '5.199', 'object': {'client_info': {'button_actions': ['text', 'vkpay', 'open_app', 'location', 'open_link', 'open_photo', 'callback', 'intent_subscribe', 'intent_unsubscribe'], 'keyboard': True, 'inline_keyboard': True, 'carousel': True, 'lang_id': 0}, 'message': {'date': 1778584645, 'from_id': 311485261, 'id': 592, 'version': 10001929, 'out': 0, 'fwd_messages': [], 'important': False, 'is_hidden': False, 'attachments': [], 'conversation_message_id': 591, 'payload': '{"cmd":"to_main_menu"}', 'text': 'В главное меню', 'peer_id': 311485261, 'random_id': 0}}}]}
14:17:24 - DEBUG - Making long request to get event with longpoll...
14:17:24 - DEBUG - Routing update {'group_id': 238429916, 'type': 'message_new', 'event_id': '5143fee60e29dca53732a20c1bbdb112d679268f', 'v': '5.199', 'object': {'client_info': {'button_actions': ['text', 'vkpay', 'open_app', 'location', 'open_link', 'open_photo', 'callback', 'intent_subscribe', 'intent_unsubscribe'], 'keyboard': True, 'inline_keyboard': True, 'carousel': True, 'lang_id': 0}, 'message': {'date': 1778584645, 'from_id': 311485261, 'id': 592, 'version': 10001929, 'out': 0, 'fwd_messages': [], 'important': False, 'is_hidden': False, 'attachments': [], 'conversation_message_id': 591, 'payload': '{"cmd":"to_main_menu"}', 'text': 'В главное меню', 'peer_id': 311485261, 'random_id': 0}}}
14:17:24 - DEBUG - Handling event (message_new) with message view
14:17:24 - DEBUG - Casting state for peer_id 311485261
14:17:24 - DEBUG - Handler <FromFuncHandler greet_handler blocking=True rules=(<vkbottle.dispatch.rules.base.PeerRule>, <vkbottle.dispatch.rules.base.StateRule>)> returned False
14:17:24 - DEBUG - Handler <FromFuncHandler start_dating blocking=True rules=(<vkbottle.dispatch.rules.base.PeerRule>, <vkbottle.dispatch.rules.base.StateRule>, <vkbottle.dispatch.rules.base.PayloadRule>)> returned False
14:17:24 - DEBUG - Handler <FromFuncHandler next_dating blocking=True rules=(<vkbottle.dispatch.rules.base.PeerRule>, <vkbottle.dispatch.rules.base.StateRule>, <vkbottle.dispatch.rules.base.PayloadRule>)> returned False
14:17:24 - DEBUG - Handler <FromFuncHandler add_to_favourite blocking=True rules=(<vkbottle.dispatch.rules.base.PeerRule>, <vkbottle.dispatch.rules.base.StateRule>, <vkbottle.dispatch.rules.base.PayloadRule>)> returned False
14:17:24 - DEBUG - Handler <FromFuncHandler go_to_favourite blocking=True rules=(<vkbottle.dispatch.rules.base.PeerRule>, <vkbottle.dispatch.rules.base.StateRule>, <vkbottle.dispatch.rules.base.PayloadRule>)> returned False
14:17:24 - DEBUG - Handler <FromFuncHandler next_favourite blocking=True rules=(<vkbottle.dispatch.rules.base.PeerRule>, <vkbottle.dispatch.rules.base.StateRule>, <vkbottle.dispatch.rules.base.PayloadRule>)> returned False
14:17:24 - DEBUG - Handler <FromFuncHandler go_to_main_menu blocking=True rules=(<vkbottle.dispatch.rules.base.PeerRule>, <vkbottle.dispatch.rules.base.PayloadRule>)> returned {}
14:17:24 - DEBUG - API request was validated
14:17:24 - DEBUG - Request messages.send with {'random_id': 0, 'peer_ids': '311485261', 'message': 'Чем хочешь заняться?', 'keyboard': <vkbottle.tools.keyboard.keyboard.Keyboard object at 0x0000000029FC1BD0>} data returned {"response":[{"peer_id":311485261,"message_id":593,"conversation_message_id":592}]}
14:17:24 - DEBUG - API response was validated
14:17:27 - DEBUG - New event was received: {'ts': '118', 'updates': [{'group_id': 238429916, 'type': 'message_new', 'event_id': '144c4aecc3f0d29529cc4d5d57697e2c21d476a1', 'v': '5.199', 'object': {'client_info': {'button_actions': ['text', 'vkpay', 'open_app', 'location', 'open_link', 'open_photo', 'callback', 'intent_subscribe', 'intent_unsubscribe'], 'keyboard': True, 'inline_keyboard': True, 'carousel': True, 'lang_id': 0}, 'message': {'date': 1778584649, 'from_id': 311485261, 'id': 594, 'version': 10001937, 'out': 0, 'fwd_messages': [], 'important': False, 'is_hidden': False, 'attachments': [], 'conversation_message_id': 593, 'payload': '{"cmd":"to_favourites"}', 'text': 'Посмотреть избранное', 'peer_id': 311485261, 'random_id': 0}}}]}
14:17:27 - DEBUG - Making long request to get event with longpoll...
14:17:27 - DEBUG - Routing update {'group_id': 238429916, 'type': 'message_new', 'event_id': '144c4aecc3f0d29529cc4d5d57697e2c21d476a1', 'v': '5.199', 'object': {'client_info': {'button_actions': ['text', 'vkpay', 'open_app', 'location', 'open_link', 'open_photo', 'callback', 'intent_subscribe', 'intent_unsubscribe'], 'keyboard': True, 'inline_keyboard': True, 'carousel': True, 'lang_id': 0}, 'message': {'date': 1778584649, 'from_id': 311485261, 'id': 594, 'version': 10001937, 'out': 0, 'fwd_messages': [], 'important': False, 'is_hidden': False, 'attachments': [], 'conversation_message_id': 593, 'payload': '{"cmd":"to_favourites"}', 'text': 'Посмотреть избранное', 'peer_id': 311485261, 'random_id': 0}}}
14:17:27 - DEBUG - Handling event (message_new) with message view
14:17:27 - DEBUG - Casting state for peer_id 311485261
14:17:27 - DEBUG - Handler <FromFuncHandler greet_handler blocking=True rules=(<vkbottle.dispatch.rules.base.PeerRule>, <vkbottle.dispatch.rules.base.StateRule>)> returned False
14:17:27 - DEBUG - Handler <FromFuncHandler start_dating blocking=True rules=(<vkbottle.dispatch.rules.base.PeerRule>, <vkbottle.dispatch.rules.base.StateRule>, <vkbottle.dispatch.rules.base.PayloadRule>)> returned False
14:17:27 - DEBUG - Handler <FromFuncHandler next_dating blocking=True rules=(<vkbottle.dispatch.rules.base.PeerRule>, <vkbottle.dispatch.rules.base.StateRule>, <vkbottle.dispatch.rules.base.PayloadRule>)> returned False
14:17:27 - DEBUG - Handler <FromFuncHandler add_to_favourite blocking=True rules=(<vkbottle.dispatch.rules.base.PeerRule>, <vkbottle.dispatch.rules.base.StateRule>, <vkbottle.dispatch.rules.base.PayloadRule>)> returned False
14:17:27 - DEBUG - Handler <FromFuncHandler go_to_favourite blocking=True rules=(<vkbottle.dispatch.rules.base.PeerRule>, <vkbottle.dispatch.rules.base.StateRule>, <vkbottle.dispatch.rules.base.PayloadRule>)> returned {}
14:17:27 - INFO - BEGIN (implicit)
14:17:27 - INFO - SELECT favorites.id AS favorites_id, favorites.vk_user_id AS favorites_vk_user_id, favorites.profile_vk_id AS favorites_profile_vk_id 
FROM favorites 
WHERE favorites.vk_user_id = %(vk_user_id_1)s
14:17:27 - INFO - [generated in 0.00013s] {'vk_user_id_1': '311485261'}
14:17:27 - INFO - ROLLBACK
14:17:28 - DEBUG - https://api.vk.com:443 "POST /method/users.get HTTP/1.1" 200 161
14:17:28 - DEBUG - get user info response: [{'id': 864559765, 'bdate': '23.8.1979', 'sex': 2, 'first_name': 'Алексей', 'last_name': 'Беспрозванных', 'can_access_closed': True, 'is_closed': False}]
14:17:28 - DEBUG - get user info item: {'id': 864559765, 'bdate': '23.8.1979', 'sex': 2, 'first_name': 'Алексей', 'last_name': 'Беспрозванных', 'can_access_closed': True, 'is_closed': False}
14:17:28 - DEBUG - https://api.vk.com:443 "POST /method/photos.get HTTP/1.1" 200 656
14:17:28 - DEBUG - get profile photos response: {'count': 1, 'items': [{'album_id': -6, 'date': 1717153993, 'id': 457239018, 'owner_id': 864559765, 'can_comment': 1, 'post_id': 1, 'sizes': [{'height': 72, 'type': 's', 'width': 72, 'url': 'https://sun9-23.userapi.com/s/v1/ig2/vw3BcqX7yyHlDZpYdn8lHTBaOVjECgGelXyZlsyJzGak93NcCCRhISmITadrYLgG1KiK5khUS2JOsK5B4xlYSsIw.jpg?quality=96&as=32x32,48x48,72x72,108x108,160x160,240x240,360x360,480x480,540x540,640x640,720x720,1080x1080,1280x1280,1440x1440,2160x2160&from=bu&cs=72x0'}, {'height': 160, 'type': 'm', 'width': 160, 'url': 'https://sun9-23.userapi.com/s/v1/ig2/vw3BcqX7yyHlDZpYdn8lHTBaOVjECgGelXyZlsyJzGak93NcCCRhISmITadrYLgG1KiK5khUS2JOsK5B4xlYSsIw.jpg?quality=96&as=32x32,48x48,72x72,108x108,160x160,240x240,360x360,480x480,540x540,640x640,720x720,1080x1080,1280x1280,1440x1440,2160x2160&from=bu&cs=160x0'}, {'height': 640, 'type': 'x', 'width': 640, 'url': 'https://sun9-23.userapi.com/s/v1/ig2/vw3BcqX7yyHlDZpYdn8lHTBaOVjECgGelXyZlsyJzGak93NcCCRhISmITadrYLgG1KiK5khUS2JOsK5B4xlYSsIw.jpg?quality=96&as=32x32,48x48,72x72,108x108,160x160,240x240,360x360,480x480,540x540,640x640,720x720,1080x1080,1280x1280,1440x1440,2160x2160&from=bu&cs=640x0'}, {'height': 1080, 'type': 'y', 'width': 1080, 'url': 'https://sun9-23.userapi.com/s/v1/ig2/vw3BcqX7yyHlDZpYdn8lHTBaOVjECgGelXyZlsyJzGak93NcCCRhISmITadrYLgG1KiK5khUS2JOsK5B4xlYSsIw.jpg?quality=96&as=32x32,48x48,72x72,108x108,160x160,240x240,360x360,480x480,540x540,640x640,720x720,1080x1080,1280x1280,1440x1440,2160x2160&from=bu&cs=1080x0'}, {'height': 1280, 'type': 'z', 'width': 1280, 'url': 'https://sun9-23.userapi.com/s/v1/ig2/vw3BcqX7yyHlDZpYdn8lHTBaOVjECgGelXyZlsyJzGak93NcCCRhISmITadrYLgG1KiK5khUS2JOsK5B4xlYSsIw.jpg?quality=96&as=32x32,48x48,72x72,108x108,160x160,240x240,360x360,480x480,540x540,640x640,720x720,1080x1080,1280x1280,1440x1440,2160x2160&from=bu&cs=1280x0'}, {'height': 2160, 'type': 'w', 'width': 2160, 'url': 'https://sun9-23.userapi.com/s/v1/ig2/vw3BcqX7yyHlDZpYdn8lHTBaOVjECgGelXyZlsyJzGak93NcCCRhISmITadrYLgG1KiK5khUS2JOsK5B4xlYSsIw.jpg?quality=96&as=32x32,48x48,72x72,108x108,160x160,240x240,360x360,480x480,540x540,640x640,720x720,1080x1080,1280x1280,1440x1440,2160x2160&from=bu&cs=2160x0'}, {'height': 108, 'type': 'o', 'width': 108, 'url': 'https://sun9-23.userapi.com/s/v1/ig2/vw3BcqX7yyHlDZpYdn8lHTBaOVjECgGelXyZlsyJzGak93NcCCRhISmITadrYLgG1KiK5khUS2JOsK5B4xlYSsIw.jpg?quality=96&as=32x32,48x48,72x72,108x108,160x160,240x240,360x360,480x480,540x540,640x640,720x720,1080x1080,1280x1280,1440x1440,2160x2160&from=bu&cs=108x0'}, {'height': 240, 'type': 'p', 'width': 240, 'url': 'https://sun9-23.userapi.com/s/v1/ig2/vw3BcqX7yyHlDZpYdn8lHTBaOVjECgGelXyZlsyJzGak93NcCCRhISmITadrYLgG1KiK5khUS2JOsK5B4xlYSsIw.jpg?quality=96&as=32x32,48x48,72x72,108x108,160x160,240x240,360x360,480x480,540x540,640x640,720x720,1080x1080,1280x1280,1440x1440,2160x2160&from=bu&cs=240x0'}, {'height': 360, 'type': 'q', 'width': 360, 'url': 'https://sun9-23.userapi.com/s/v1/ig2/vw3BcqX7yyHlDZpYdn8lHTBaOVjECgGelXyZlsyJzGak93NcCCRhISmITadrYLgG1KiK5khUS2JOsK5B4xlYSsIw.jpg?quality=96&as=32x32,48x48,72x72,108x108,160x160,240x240,360x360,480x480,540x540,640x640,720x720,1080x1080,1280x1280,1440x1440,2160x2160&from=bu&cs=360x0'}, {'height': 540, 'type': 'r', 'width': 540, 'url': 'https://sun9-23.userapi.com/s/v1/ig2/vw3BcqX7yyHlDZpYdn8lHTBaOVjECgGelXyZlsyJzGak93NcCCRhISmITadrYLgG1KiK5khUS2JOsK5B4xlYSsIw.jpg?quality=96&as=32x32,48x48,72x72,108x108,160x160,240x240,360x360,480x480,540x540,640x640,720x720,1080x1080,1280x1280,1440x1440,2160x2160&from=bu&cs=540x0'}, {'height': 2160, 'type': 'base', 'width': 2160, 'url': 'https://sun9-23.userapi.com/s/v1/ig2/vw3BcqX7yyHlDZpYdn8lHTBaOVjECgGelXyZlsyJzGak93NcCCRhISmITadrYLgG1KiK5khUS2JOsK5B4xlYSsIw.jpg?quality=96&as=32x32,48x48,72x72,108x108,160x160,240x240,360x360,480x480,540x540,640x640,720x720,1080x1080,1280x1280,1440x1440,2160x2160&from=bu'}], 'square_crop': '216,216,1728', 'text': '', 'web_view_token': '81ca483ac52ac349c9', 'likes': {'count': 369, 'user_likes': 0}, 'comments': {'count': 116}, 'reposts': {'count': 0}, 'tags': {'count': 0}, 'orig_photo': {'height': 2160, 'type': 'base', 'url': 'https://sun9-23.userapi.com/s/v1/ig2/vw3BcqX7yyHlDZpYdn8lHTBaOVjECgGelXyZlsyJzGak93NcCCRhISmITadrYLgG1KiK5khUS2JOsK5B4xlYSsIw.jpg?quality=96&as=32x32,48x48,72x72,108x108,160x160,240x240,360x360,480x480,540x540,640x640,720x720,1080x1080,1280x1280,1440x1440,2160x2160&from=bu', 'width': 2160}}], 'next_from': ''}
14:17:28 - DEBUG - profile photos: [{'album_id': -6, 'date': 1717153993, 'id': 457239018, 'owner_id': 864559765, 'can_comment': 1, 'post_id': 1, 'sizes': [{'height': 72, 'type': 's', 'width': 72, 'url': 'https://sun9-23.userapi.com/s/v1/ig2/vw3BcqX7yyHlDZpYdn8lHTBaOVjECgGelXyZlsyJzGak93NcCCRhISmITadrYLgG1KiK5khUS2JOsK5B4xlYSsIw.jpg?quality=96&as=32x32,48x48,72x72,108x108,160x160,240x240,360x360,480x480,540x540,640x640,720x720,1080x1080,1280x1280,1440x1440,2160x2160&from=bu&cs=72x0'}, {'height': 160, 'type': 'm', 'width': 160, 'url': 'https://sun9-23.userapi.com/s/v1/ig2/vw3BcqX7yyHlDZpYdn8lHTBaOVjECgGelXyZlsyJzGak93NcCCRhISmITadrYLgG1KiK5khUS2JOsK5B4xlYSsIw.jpg?quality=96&as=32x32,48x48,72x72,108x108,160x160,240x240,360x360,480x480,540x540,640x640,720x720,1080x1080,1280x1280,1440x1440,2160x2160&from=bu&cs=160x0'}, {'height': 640, 'type': 'x', 'width': 640, 'url': 'https://sun9-23.userapi.com/s/v1/ig2/vw3BcqX7yyHlDZpYdn8lHTBaOVjECgGelXyZlsyJzGak93NcCCRhISmITadrYLgG1KiK5khUS2JOsK5B4xlYSsIw.jpg?quality=96&as=32x32,48x48,72x72,108x108,160x160,240x240,360x360,480x480,540x540,640x640,720x720,1080x1080,1280x1280,1440x1440,2160x2160&from=bu&cs=640x0'}, {'height': 1080, 'type': 'y', 'width': 1080, 'url': 'https://sun9-23.userapi.com/s/v1/ig2/vw3BcqX7yyHlDZpYdn8lHTBaOVjECgGelXyZlsyJzGak93NcCCRhISmITadrYLgG1KiK5khUS2JOsK5B4xlYSsIw.jpg?quality=96&as=32x32,48x48,72x72,108x108,160x160,240x240,360x360,480x480,540x540,640x640,720x720,1080x1080,1280x1280,1440x1440,2160x2160&from=bu&cs=1080x0'}, {'height': 1280, 'type': 'z', 'width': 1280, 'url': 'https://sun9-23.userapi.com/s/v1/ig2/vw3BcqX7yyHlDZpYdn8lHTBaOVjECgGelXyZlsyJzGak93NcCCRhISmITadrYLgG1KiK5khUS2JOsK5B4xlYSsIw.jpg?quality=96&as=32x32,48x48,72x72,108x108,160x160,240x240,360x360,480x480,540x540,640x640,720x720,1080x1080,1280x1280,1440x1440,2160x2160&from=bu&cs=1280x0'}, {'height': 2160, 'type': 'w', 'width': 2160, 'url': 'https://sun9-23.userapi.com/s/v1/ig2/vw3BcqX7yyHlDZpYdn8lHTBaOVjECgGelXyZlsyJzGak93NcCCRhISmITadrYLgG1KiK5khUS2JOsK5B4xlYSsIw.jpg?quality=96&as=32x32,48x48,72x72,108x108,160x160,240x240,360x360,480x480,540x540,640x640,720x720,1080x1080,1280x1280,1440x1440,2160x2160&from=bu&cs=2160x0'}, {'height': 108, 'type': 'o', 'width': 108, 'url': 'https://sun9-23.userapi.com/s/v1/ig2/vw3BcqX7yyHlDZpYdn8lHTBaOVjECgGelXyZlsyJzGak93NcCCRhISmITadrYLgG1KiK5khUS2JOsK5B4xlYSsIw.jpg?quality=96&as=32x32,48x48,72x72,108x108,160x160,240x240,360x360,480x480,540x540,640x640,720x720,1080x1080,1280x1280,1440x1440,2160x2160&from=bu&cs=108x0'}, {'height': 240, 'type': 'p', 'width': 240, 'url': 'https://sun9-23.userapi.com/s/v1/ig2/vw3BcqX7yyHlDZpYdn8lHTBaOVjECgGelXyZlsyJzGak93NcCCRhISmITadrYLgG1KiK5khUS2JOsK5B4xlYSsIw.jpg?quality=96&as=32x32,48x48,72x72,108x108,160x160,240x240,360x360,480x480,540x540,640x640,720x720,1080x1080,1280x1280,1440x1440,2160x2160&from=bu&cs=240x0'}, {'height': 360, 'type': 'q', 'width': 360, 'url': 'https://sun9-23.userapi.com/s/v1/ig2/vw3BcqX7yyHlDZpYdn8lHTBaOVjECgGelXyZlsyJzGak93NcCCRhISmITadrYLgG1KiK5khUS2JOsK5B4xlYSsIw.jpg?quality=96&as=32x32,48x48,72x72,108x108,160x160,240x240,360x360,480x480,540x540,640x640,720x720,1080x1080,1280x1280,1440x1440,2160x2160&from=bu&cs=360x0'}, {'height': 540, 'type': 'r', 'width': 540, 'url': 'https://sun9-23.userapi.com/s/v1/ig2/vw3BcqX7yyHlDZpYdn8lHTBaOVjECgGelXyZlsyJzGak93NcCCRhISmITadrYLgG1KiK5khUS2JOsK5B4xlYSsIw.jpg?quality=96&as=32x32,48x48,72x72,108x108,160x160,240x240,360x360,480x480,540x540,640x640,720x720,1080x1080,1280x1280,1440x1440,2160x2160&from=bu&cs=540x0'}, {'height': 2160, 'type': 'base', 'width': 2160, 'url': 'https://sun9-23.userapi.com/s/v1/ig2/vw3BcqX7yyHlDZpYdn8lHTBaOVjECgGelXyZlsyJzGak93NcCCRhISmITadrYLgG1KiK5khUS2JOsK5B4xlYSsIw.jpg?quality=96&as=32x32,48x48,72x72,108x108,160x160,240x240,360x360,480x480,540x540,640x640,720x720,1080x1080,1280x1280,1440x1440,2160x2160&from=bu'}], 'square_crop': '216,216,1728', 'text': '', 'web_view_token': '81ca483ac52ac349c9', 'likes': {'count': 369, 'user_likes': 0}, 'comments': {'count': 116}, 'reposts': {'count': 0}, 'tags': {'count': 0}, 'orig_photo': {'height': 2160, 'type': 'base', 'url': 'https://sun9-23.userapi.com/s/v1/ig2/vw3BcqX7yyHlDZpYdn8lHTBaOVjECgGelXyZlsyJzGak93NcCCRhISmITadrYLgG1KiK5khUS2JOsK5B4xlYSsIw.jpg?quality=96&as=32x32,48x48,72x72,108x108,160x160,240x240,360x360,480x480,540x540,640x640,720x720,1080x1080,1280x1280,1440x1440,2160x2160&from=bu', 'width': 2160}}]
14:17:28 - DEBUG - all profile photos result: [{'album_id': -6, 'date': 1717153993, 'id': 457239018, 'owner_id': 864559765, 'can_comment': 1, 'post_id': 1, 'sizes': [{'height': 72, 'type': 's', 'width': 72, 'url': 'https://sun9-23.userapi.com/s/v1/ig2/vw3BcqX7yyHlDZpYdn8lHTBaOVjECgGelXyZlsyJzGak93NcCCRhISmITadrYLgG1KiK5khUS2JOsK5B4xlYSsIw.jpg?quality=96&as=32x32,48x48,72x72,108x108,160x160,240x240,360x360,480x480,540x540,640x640,720x720,1080x1080,1280x1280,1440x1440,2160x2160&from=bu&cs=72x0'}, {'height': 160, 'type': 'm', 'width': 160, 'url': 'https://sun9-23.userapi.com/s/v1/ig2/vw3BcqX7yyHlDZpYdn8lHTBaOVjECgGelXyZlsyJzGak93NcCCRhISmITadrYLgG1KiK5khUS2JOsK5B4xlYSsIw.jpg?quality=96&as=32x32,48x48,72x72,108x108,160x160,240x240,360x360,480x480,540x540,640x640,720x720,1080x1080,1280x1280,1440x1440,2160x2160&from=bu&cs=160x0'}, {'height': 640, 'type': 'x', 'width': 640, 'url': 'https://sun9-23.userapi.com/s/v1/ig2/vw3BcqX7yyHlDZpYdn8lHTBaOVjECgGelXyZlsyJzGak93NcCCRhISmITadrYLgG1KiK5khUS2JOsK5B4xlYSsIw.jpg?quality=96&as=32x32,48x48,72x72,108x108,160x160,240x240,360x360,480x480,540x540,640x640,720x720,1080x1080,1280x1280,1440x1440,2160x2160&from=bu&cs=640x0'}, {'height': 1080, 'type': 'y', 'width': 1080, 'url': 'https://sun9-23.userapi.com/s/v1/ig2/vw3BcqX7yyHlDZpYdn8lHTBaOVjECgGelXyZlsyJzGak93NcCCRhISmITadrYLgG1KiK5khUS2JOsK5B4xlYSsIw.jpg?quality=96&as=32x32,48x48,72x72,108x108,160x160,240x240,360x360,480x480,540x540,640x640,720x720,1080x1080,1280x1280,1440x1440,2160x2160&from=bu&cs=1080x0'}, {'height': 1280, 'type': 'z', 'width': 1280, 'url': 'https://sun9-23.userapi.com/s/v1/ig2/vw3BcqX7yyHlDZpYdn8lHTBaOVjECgGelXyZlsyJzGak93NcCCRhISmITadrYLgG1KiK5khUS2JOsK5B4xlYSsIw.jpg?quality=96&as=32x32,48x48,72x72,108x108,160x160,240x240,360x360,480x480,540x540,640x640,720x720,1080x1080,1280x1280,1440x1440,2160x2160&from=bu&cs=1280x0'}, {'height': 2160, 'type': 'w', 'width': 2160, 'url': 'https://sun9-23.userapi.com/s/v1/ig2/vw3BcqX7yyHlDZpYdn8lHTBaOVjECgGelXyZlsyJzGak93NcCCRhISmITadrYLgG1KiK5khUS2JOsK5B4xlYSsIw.jpg?quality=96&as=32x32,48x48,72x72,108x108,160x160,240x240,360x360,480x480,540x540,640x640,720x720,1080x1080,1280x1280,1440x1440,2160x2160&from=bu&cs=2160x0'}, {'height': 108, 'type': 'o', 'width': 108, 'url': 'https://sun9-23.userapi.com/s/v1/ig2/vw3BcqX7yyHlDZpYdn8lHTBaOVjECgGelXyZlsyJzGak93NcCCRhISmITadrYLgG1KiK5khUS2JOsK5B4xlYSsIw.jpg?quality=96&as=32x32,48x48,72x72,108x108,160x160,240x240,360x360,480x480,540x540,640x640,720x720,1080x1080,1280x1280,1440x1440,2160x2160&from=bu&cs=108x0'}, {'height': 240, 'type': 'p', 'width': 240, 'url': 'https://sun9-23.userapi.com/s/v1/ig2/vw3BcqX7yyHlDZpYdn8lHTBaOVjECgGelXyZlsyJzGak93NcCCRhISmITadrYLgG1KiK5khUS2JOsK5B4xlYSsIw.jpg?quality=96&as=32x32,48x48,72x72,108x108,160x160,240x240,360x360,480x480,540x540,640x640,720x720,1080x1080,1280x1280,1440x1440,2160x2160&from=bu&cs=240x0'}, {'height': 360, 'type': 'q', 'width': 360, 'url': 'https://sun9-23.userapi.com/s/v1/ig2/vw3BcqX7yyHlDZpYdn8lHTBaOVjECgGelXyZlsyJzGak93NcCCRhISmITadrYLgG1KiK5khUS2JOsK5B4xlYSsIw.jpg?quality=96&as=32x32,48x48,72x72,108x108,160x160,240x240,360x360,480x480,540x540,640x640,720x720,1080x1080,1280x1280,1440x1440,2160x2160&from=bu&cs=360x0'}, {'height': 540, 'type': 'r', 'width': 540, 'url': 'https://sun9-23.userapi.com/s/v1/ig2/vw3BcqX7yyHlDZpYdn8lHTBaOVjECgGelXyZlsyJzGak93NcCCRhISmITadrYLgG1KiK5khUS2JOsK5B4xlYSsIw.jpg?quality=96&as=32x32,48x48,72x72,108x108,160x160,240x240,360x360,480x480,540x540,640x640,720x720,1080x1080,1280x1280,1440x1440,2160x2160&from=bu&cs=540x0'}, {'height': 2160, 'type': 'base', 'width': 2160, 'url': 'https://sun9-23.userapi.com/s/v1/ig2/vw3BcqX7yyHlDZpYdn8lHTBaOVjECgGelXyZlsyJzGak93NcCCRhISmITadrYLgG1KiK5khUS2JOsK5B4xlYSsIw.jpg?quality=96&as=32x32,48x48,72x72,108x108,160x160,240x240,360x360,480x480,540x540,640x640,720x720,1080x1080,1280x1280,1440x1440,2160x2160&from=bu'}], 'square_crop': '216,216,1728', 'text': '', 'web_view_token': '81ca483ac52ac349c9', 'likes': {'count': 369, 'user_likes': 0}, 'comments': {'count': 116}, 'reposts': {'count': 0}, 'tags': {'count': 0}, 'orig_photo': {'height': 2160, 'type': 'base', 'url': 'https://sun9-23.userapi.com/s/v1/ig2/vw3BcqX7yyHlDZpYdn8lHTBaOVjECgGelXyZlsyJzGak93NcCCRhISmITadrYLgG1KiK5khUS2JOsK5B4xlYSsIw.jpg?quality=96&as=32x32,48x48,72x72,108x108,160x160,240x240,360x360,480x480,540x540,640x640,720x720,1080x1080,1280x1280,1440x1440,2160x2160&from=bu', 'width': 2160}}]
14:17:28 - DEBUG - result get top3 photo: ['photo864559765_457239018']
14:17:28 - DEBUG - result extract user data: {'user_id': 864559765, 'first_name': 'Алексей', 'last_name': 'Беспрозванных', 'sex': 2, 'sex_as_text': 'Мужской', 'profile_URL': 'https://vk.com/id864559765', 'age': 46, 'city_id': None, 'city': None, 'photo_URL': ['photo864559765_457239018']}
14:17:28 - DEBUG - API request was validated
14:17:28 - DEBUG - Request messages.send with {'random_id': 0, 'peer_ids': '311485261', 'message': 'Алексей Беспрозванных, 46 лет', 'attachment': 'photo864559765_457239018', 'keyboard': <vkbottle.tools.keyboard.keyboard.Keyboard object at 0x0000000029F676F0>} data returned {"response":[{"peer_id":311485261,"message_id":595,"conversation_message_id":594}]}
14:17:28 - DEBUG - API response was validated
14:17:28 - DEBUG - API request was validated
14:17:28 - DEBUG - Request messages.send with {'random_id': 0, 'peer_ids': '311485261', 'message': 'Это последний элемент списка!', 'keyboard': <vkbottle.tools.keyboard.keyboard.Keyboard object at 0x0000000029FAEF90>} data returned {"response":[{"peer_id":311485261,"message_id":596,"conversation_message_id":595}]}
14:17:28 - DEBUG - API response was validated
14:17:31 - DEBUG - New event was received: {'ts': '119', 'updates': [{'group_id': 238429916, 'type': 'message_new', 'event_id': '00bad1d4ff59c261a0673e3bfd979257d3da72ad', 'v': '5.199', 'object': {'client_info': {'button_actions': ['text', 'vkpay', 'open_app', 'location', 'open_link', 'open_photo', 'callback', 'intent_subscribe', 'intent_unsubscribe'], 'keyboard': True, 'inline_keyboard': True, 'carousel': True, 'lang_id': 0}, 'message': {'date': 1778584653, 'from_id': 311485261, 'id': 597, 'version': 10001947, 'out': 0, 'fwd_messages': [], 'important': False, 'is_hidden': False, 'attachments': [], 'conversation_message_id': 596, 'payload': '{"cmd":"to_main_menu"}', 'text': 'В главное меню', 'peer_id': 311485261, 'random_id': 0}}}]}
14:17:31 - DEBUG - Making long request to get event with longpoll...
14:17:31 - DEBUG - Routing update {'group_id': 238429916, 'type': 'message_new', 'event_id': '00bad1d4ff59c261a0673e3bfd979257d3da72ad', 'v': '5.199', 'object': {'client_info': {'button_actions': ['text', 'vkpay', 'open_app', 'location', 'open_link', 'open_photo', 'callback', 'intent_subscribe', 'intent_unsubscribe'], 'keyboard': True, 'inline_keyboard': True, 'carousel': True, 'lang_id': 0}, 'message': {'date': 1778584653, 'from_id': 311485261, 'id': 597, 'version': 10001947, 'out': 0, 'fwd_messages': [], 'important': False, 'is_hidden': False, 'attachments': [], 'conversation_message_id': 596, 'payload': '{"cmd":"to_main_menu"}', 'text': 'В главное меню', 'peer_id': 311485261, 'random_id': 0}}}
14:17:31 - DEBUG - Handling event (message_new) with message view
14:17:31 - DEBUG - Casting state for peer_id 311485261
14:17:31 - DEBUG - Handler <FromFuncHandler greet_handler blocking=True rules=(<vkbottle.dispatch.rules.base.PeerRule>, <vkbottle.dispatch.rules.base.StateRule>)> returned False
14:17:31 - DEBUG - Handler <FromFuncHandler start_dating blocking=True rules=(<vkbottle.dispatch.rules.base.PeerRule>, <vkbottle.dispatch.rules.base.StateRule>, <vkbottle.dispatch.rules.base.PayloadRule>)> returned False
14:17:31 - DEBUG - Handler <FromFuncHandler next_dating blocking=True rules=(<vkbottle.dispatch.rules.base.PeerRule>, <vkbottle.dispatch.rules.base.StateRule>, <vkbottle.dispatch.rules.base.PayloadRule>)> returned False
14:17:31 - DEBUG - Handler <FromFuncHandler add_to_favourite blocking=True rules=(<vkbottle.dispatch.rules.base.PeerRule>, <vkbottle.dispatch.rules.base.StateRule>, <vkbottle.dispatch.rules.base.PayloadRule>)> returned False
14:17:31 - DEBUG - Handler <FromFuncHandler go_to_favourite blocking=True rules=(<vkbottle.dispatch.rules.base.PeerRule>, <vkbottle.dispatch.rules.base.StateRule>, <vkbottle.dispatch.rules.base.PayloadRule>)> returned False
14:17:31 - DEBUG - Handler <FromFuncHandler next_favourite blocking=True rules=(<vkbottle.dispatch.rules.base.PeerRule>, <vkbottle.dispatch.rules.base.StateRule>, <vkbottle.dispatch.rules.base.PayloadRule>)> returned False
14:17:31 - DEBUG - Handler <FromFuncHandler go_to_main_menu blocking=True rules=(<vkbottle.dispatch.rules.base.PeerRule>, <vkbottle.dispatch.rules.base.PayloadRule>)> returned {}
14:17:31 - DEBUG - API request was validated
14:17:32 - DEBUG - Request messages.send with {'random_id': 0, 'peer_ids': '311485261', 'message': 'Чем хочешь заняться?', 'keyboard': <vkbottle.tools.keyboard.keyboard.Keyboard object at 0x0000000029FC1BD0>} data returned {"response":[{"peer_id":311485261,"message_id":598,"conversation_message_id":597}]}
14:17:32 - DEBUG - API response was validated
14:17:53 - DEBUG - New event was received: {'ts': '119', 'updates': []}
14:17:53 - DEBUG - Making long request to get event with longpoll...
14:18:06 - DEBUG - New event was received: {'ts': '120', 'updates': [{'group_id': 238429916, 'type': 'message_new', 'event_id': '30eabb2412be54e56b98cdd1cf8c2a0dbcb355f6', 'v': '5.199', 'object': {'client_info': {'button_actions': ['text', 'vkpay', 'open_app', 'location', 'open_link', 'open_photo', 'callback', 'intent_subscribe', 'intent_unsubscribe'], 'keyboard': True, 'inline_keyboard': True, 'carousel': True, 'lang_id': 0}, 'message': {'date': 1778584688, 'from_id': 311485261, 'id': 599, 'version': 10001955, 'out': 0, 'fwd_messages': [], 'important': False, 'is_hidden': False, 'attachments': [], 'conversation_message_id': 598, 'payload': '{"cmd":"to_dating"}', 'text': 'Искать знакомства', 'peer_id': 311485261, 'random_id': 0}}}]}
14:18:06 - DEBUG - Making long request to get event with longpoll...
14:18:06 - DEBUG - Routing update {'group_id': 238429916, 'type': 'message_new', 'event_id': '30eabb2412be54e56b98cdd1cf8c2a0dbcb355f6', 'v': '5.199', 'object': {'client_info': {'button_actions': ['text', 'vkpay', 'open_app', 'location', 'open_link', 'open_photo', 'callback', 'intent_subscribe', 'intent_unsubscribe'], 'keyboard': True, 'inline_keyboard': True, 'carousel': True, 'lang_id': 0}, 'message': {'date': 1778584688, 'from_id': 311485261, 'id': 599, 'version': 10001955, 'out': 0, 'fwd_messages': [], 'important': False, 'is_hidden': False, 'attachments': [], 'conversation_message_id': 598, 'payload': '{"cmd":"to_dating"}', 'text': 'Искать знакомства', 'peer_id': 311485261, 'random_id': 0}}}
14:18:06 - DEBUG - Handling event (message_new) with message view
14:18:06 - DEBUG - Casting state for peer_id 311485261
14:18:06 - DEBUG - Handler <FromFuncHandler greet_handler blocking=True rules=(<vkbottle.dispatch.rules.base.PeerRule>, <vkbottle.dispatch.rules.base.StateRule>)> returned False
14:18:06 - DEBUG - Handler <FromFuncHandler start_dating blocking=True rules=(<vkbottle.dispatch.rules.base.PeerRule>, <vkbottle.dispatch.rules.base.StateRule>, <vkbottle.dispatch.rules.base.PayloadRule>)> returned {}
14:18:06 - DEBUG - https://api.vk.com:443 "POST /method/users.search HTTP/1.1" 200 285
14:18:06 - DEBUG - get user only id response: [{'id': 864559765, 'bdate': '23.8.1979', 'track_code': '9c0e346651UxbNllnPi0d2-NYGGp5S7JQFNk6yega0dF8Af2FSaAPHc-11uS9-Z6WGD-xRXnRsdGUGTrKcYZLg', 'sex': 2, 'first_name': 'Алексей', 'last_name': 'Беспрозванных', 'can_access_closed': True, 'is_closed': False}]
14:18:06 - DEBUG - user id = 864559765
14:18:06 - INFO - BEGIN (implicit)
14:18:06 - INFO - SELECT viewed.id AS viewed_id, viewed.vk_user_id AS viewed_vk_user_id, viewed.profile_vk_id AS viewed_profile_vk_id 
FROM viewed 
WHERE viewed.vk_user_id = %(vk_user_id_1)s
14:18:06 - INFO - [cached since 52.13s ago] {'vk_user_id_1': '311485261'}
14:18:06 - INFO - ROLLBACK
14:18:07 - DEBUG - https://api.vk.com:443 "POST /method/users.search HTTP/1.1" 200 311
14:18:07 - DEBUG - get user only id response: [{'id': 465635343, 'bdate': '2.8.1981', 'city': {'id': 1, 'title': 'Москва'}, 'track_code': 'feea530b4X3mAhiXjRJBx3J6GWx8gW9xlGW2tcfwGF65w8p-A66GFKQHFaeAHEHEQsCx8aiDB3-SZra1yZZqNw', 'sex': 2, 'first_name': 'Александр', 'last_name': 'Емельяненко', 'can_access_closed': True, 'is_closed': False}]
14:18:07 - DEBUG - user id = 465635343
14:18:07 - DEBUG - https://api.vk.com:443 "POST /method/users.get HTTP/1.1" 200 184
14:18:07 - DEBUG - get user info response: [{'id': 465635343, 'bdate': '2.8.1981', 'city': {'id': 1, 'title': 'Москва'}, 'sex': 2, 'first_name': 'Александр', 'last_name': 'Емельяненко', 'can_access_closed': True, 'is_closed': False}]
14:18:07 - DEBUG - get user info item: {'id': 465635343, 'bdate': '2.8.1981', 'city': {'id': 1, 'title': 'Москва'}, 'sex': 2, 'first_name': 'Александр', 'last_name': 'Емельяненко', 'can_access_closed': True, 'is_closed': False}
14:18:08 - DEBUG - https://api.vk.com:443 "POST /method/photos.get HTTP/1.1" 200 1546
14:18:08 - DEBUG - get profile photos response: {'count': 4, 'items': [{'album_id': -6, 'date': 1521270440, 'id': 456239632, 'owner_id': 465635343, 'can_comment': 1, 'post_id': 873, 'sizes': [{'height': 77, 'type': 's', 'width': 72, 'url': 'https://sun9-79.userapi.com/s/v1/ig2/brcgMPgVdiQRvCeoxhv1wzJTRVYahIh1_0MnAQan4meWIK-03Helgb_ZSopf-QOuAZils9a0n71cb8lgXP2yuxyF.jpg?quality=96&as=32x34,48x51,72x77,108x115,160x171,240x256,360x384,480x512,540x576,640x683,720x768,1080x1152,1280x1365,1440x1536,1920x2048&from=bu&cs=72x0'}, {'height': 171, 'type': 'm', 'width': 160, 'url': 'https://sun9-79.userapi.com/s/v1/ig2/brcgMPgVdiQRvCeoxhv1wzJTRVYahIh1_0MnAQan4meWIK-03Helgb_ZSopf-QOuAZils9a0n71cb8lgXP2yuxyF.jpg?quality=96&as=32x34,48x51,72x77,108x115,160x171,240x256,360x384,480x512,540x576,640x683,720x768,1080x1152,1280x1365,1440x1536,1920x2048&from=bu&cs=160x0'}, {'height': 683, 'type': 'x', 'width': 640, 'url': 'https://sun9-79.userapi.com/s/v1/ig2/brcgMPgVdiQRvCeoxhv1wzJTRVYahIh1_0MnAQan4meWIK-03Helgb_ZSopf-QOuAZils9a0n71cb8lgXP2yuxyF.jpg?quality=96&as=32x34,48x51,72x77,108x115,160x171,240x256,360x384,480x512,540x576,640x683,720x768,1080x1152,1280x1365,1440x1536,1920x2048&from=bu&cs=640x0'}, {'height': 1152, 'type': 'y', 'width': 1080, 'url': 'https://sun9-79.userapi.com/s/v1/ig2/brcgMPgVdiQRvCeoxhv1wzJTRVYahIh1_0MnAQan4meWIK-03Helgb_ZSopf-QOuAZils9a0n71cb8lgXP2yuxyF.jpg?quality=96&as=32x34,48x51,72x77,108x115,160x171,240x256,360x384,480x512,540x576,640x683,720x768,1080x1152,1280x1365,1440x1536,1920x2048&from=bu&cs=1080x0'}, {'height': 1365, 'type': 'z', 'width': 1280, 'url': 'https://sun9-79.userapi.com/s/v1/ig2/brcgMPgVdiQRvCeoxhv1wzJTRVYahIh1_0MnAQan4meWIK-03Helgb_ZSopf-QOuAZils9a0n71cb8lgXP2yuxyF.jpg?quality=96&as=32x34,48x51,72x77,108x115,160x171,240x256,360x384,480x512,540x576,640x683,720x768,1080x1152,1280x1365,1440x1536,1920x2048&from=bu&cs=1280x0'}, {'height': 2048, 'type': 'w', 'width': 1920, 'url': 'https://sun9-79.userapi.com/s/v1/ig2/brcgMPgVdiQRvCeoxhv1wzJTRVYahIh1_0MnAQan4meWIK-03Helgb_ZSopf-QOuAZils9a0n71cb8lgXP2yuxyF.jpg?quality=96&as=32x34,48x51,72x77,108x115,160x171,240x256,360x384,480x512,540x576,640x683,720x768,1080x1152,1280x1365,1440x1536,1920x2048&from=bu&cs=1920x0'}, {'height': 115, 'type': 'o', 'width': 108, 'url': 'https://sun9-79.userapi.com/s/v1/ig2/brcgMPgVdiQRvCeoxhv1wzJTRVYahIh1_0MnAQan4meWIK-03Helgb_ZSopf-QOuAZils9a0n71cb8lgXP2yuxyF.jpg?quality=96&as=32x34,48x51,72x77,108x115,160x171,240x256,360x384,480x512,540x576,640x683,720x768,1080x1152,1280x1365,1440x1536,1920x2048&from=bu&cs=108x0'}, {'height': 256, 'type': 'p', 'width': 240, 'url': 'https://sun9-79.userapi.com/s/v1/ig2/brcgMPgVdiQRvCeoxhv1wzJTRVYahIh1_0MnAQan4meWIK-03Helgb_ZSopf-QOuAZils9a0n71cb8lgXP2yuxyF.jpg?quality=96&as=32x34,48x51,72x77,108x115,160x171,240x256,360x384,480x512,540x576,640x683,720x768,1080x1152,1280x1365,1440x1536,1920x2048&from=bu&cs=240x0'}, {'height': 384, 'type': 'q', 'width': 360, 'url': 'https://sun9-79.userapi.com/s/v1/ig2/brcgMPgVdiQRvCeoxhv1wzJTRVYahIh1_0MnAQan4meWIK-03Helgb_ZSopf-QOuAZils9a0n71cb8lgXP2yuxyF.jpg?quality=96&as=32x34,48x51,72x77,108x115,160x171,240x256,360x384,480x512,540x576,640x683,720x768,1080x1152,1280x1365,1440x1536,1920x2048&from=bu&cs=360x0'}, {'height': 576, 'type': 'r', 'width': 540, 'url': 'https://sun9-79.userapi.com/s/v1/ig2/brcgMPgVdiQRvCeoxhv1wzJTRVYahIh1_0MnAQan4meWIK-03Helgb_ZSopf-QOuAZils9a0n71cb8lgXP2yuxyF.jpg?quality=96&as=32x34,48x51,72x77,108x115,160x171,240x256,360x384,480x512,540x576,640x683,720x768,1080x1152,1280x1365,1440x1536,1920x2048&from=bu&cs=540x0'}, {'height': 2048, 'type': 'base', 'width': 1920, 'url': 'https://sun9-79.userapi.com/s/v1/ig2/brcgMPgVdiQRvCeoxhv1wzJTRVYahIh1_0MnAQan4meWIK-03Helgb_ZSopf-QOuAZils9a0n71cb8lgXP2yuxyF.jpg?quality=96&as=32x34,48x51,72x77,108x115,160x171,240x256,360x384,480x512,540x576,640x683,720x768,1080x1152,1280x1365,1440x1536,1920x2048&from=bu'}], 'square_crop': '0,64,1920', 'text': '', 'web_view_token': '51e699058ea6d2a839', 'likes': {'count': 3890, 'user_likes': 0}, 'comments': {'count': 149}, 'reposts': {'count': 3}, 'tags': {'count': 0}, 'orig_photo': {'height': 2048, 'type': 'base', 'url': 'https://sun9-79.userapi.com/s/v1/ig2/brcgMPgVdiQRvCeoxhv1wzJTRVYahIh1_0MnAQan4meWIK-03Helgb_ZSopf-QOuAZils9a0n71cb8lgXP2yuxyF.jpg?quality=96&as=32x34,48x51,72x77,108x115,160x171,240x256,360x384,480x512,540x576,640x683,720x768,1080x1152,1280x1365,1440x1536,1920x2048&from=bu', 'width': 1920}}, {'album_id': -6, 'date': 1555152474, 'id': 456242391, 'owner_id': 465635343, 'can_comment': 1, 'post_id': 16705, 'sizes': [{'height': 117, 'type': 's', 'width': 72, 'url': 'https://sun9-56.userapi.com/s/v1/ig1/qARyyGUijpCbu9JV7WbGv3JxZehZB2ScbNJnQR3LJEf25pLpYI2cmOB5FCpqNXH7ao55FxFB.jpg?quality=96&as=32x52,48x78,72x117,108x176,160x261,240x391,360x587,480x782,540x880,640x1043,720x1174,1080x1761,1222x1992&from=bu&cs=72x0'}, {'height': 261, 'type': 'm', 'width': 160, 'url': 'https://sun9-56.userapi.com/s/v1/ig1/qARyyGUijpCbu9JV7WbGv3JxZehZB2ScbNJnQR3LJEf25pLpYI2cmOB5FCpqNXH7ao55FxFB.jpg?quality=96&as=32x52,48x78,72x117,108x176,160x261,240x391,360x587,480x782,540x880,640x1043,720x1174,1080x1761,1222x1992&from=bu&cs=160x0'}, {'height': 1043, 'type': 'x', 'width': 640, 'url': 'https://sun9-56.userapi.com/s/v1/ig1/qARyyGUijpCbu9JV7WbGv3JxZehZB2ScbNJnQR3LJEf25pLpYI2cmOB5FCpqNXH7ao55FxFB.jpg?quality=96&as=32x52,48x78,72x117,108x176,160x261,240x391,360x587,480x782,540x880,640x1043,720x1174,1080x1761,1222x1992&from=bu&cs=640x0'}, {'height': 1761, 'type': 'y', 'width': 1080, 'url': 'https://sun9-56.userapi.com/s/v1/ig1/qARyyGUijpCbu9JV7WbGv3JxZehZB2ScbNJnQR3LJEf25pLpYI2cmOB5FCpqNXH7ao55FxFB.jpg?quality=96&as=32x52,48x78,72x117,108x176,160x261,240x391,360x587,480x782,540x880,640x1043,720x1174,1080x1761,1222x1992&from=bu&cs=1080x0'}, {'height': 1992, 'type': 'z', 'width': 1222, 'url': 'https://sun9-56.userapi.com/s/v1/ig1/qARyyGUijpCbu9JV7WbGv3JxZehZB2ScbNJnQR3LJEf25pLpYI2cmOB5FCpqNXH7ao55FxFB.jpg?quality=96&as=32x52,48x78,72x117,108x176,160x261,240x391,360x587,480x782,540x880,640x1043,720x1174,1080x1761,1222x1992&from=bu&cs=1222x0'}, {'height': 176, 'type': 'o', 'width': 108, 'url': 'https://sun9-56.userapi.com/s/v1/ig1/qARyyGUijpCbu9JV7WbGv3JxZehZB2ScbNJnQR3LJEf25pLpYI2cmOB5FCpqNXH7ao55FxFB.jpg?quality=96&as=32x52,48x78,72x117,108x176,160x261,240x391,360x587,480x782,540x880,640x1043,720x1174,1080x1761,1222x1992&from=bu&cs=108x0'}, {'height': 391, 'type': 'p', 'width': 240, 'url': 'https://sun9-56.userapi.com/s/v1/ig1/qARyyGUijpCbu9JV7WbGv3JxZehZB2ScbNJnQR3LJEf25pLpYI2cmOB5FCpqNXH7ao55FxFB.jpg?quality=96&as=32x52,48x78,72x117,108x176,160x261,240x391,360x587,480x782,540x880,640x1043,720x1174,1080x1761,1222x1992&from=bu&cs=240x0'}, {'height': 587, 'type': 'q', 'width': 360, 'url': 'https://sun9-56.userapi.com/s/v1/ig1/qARyyGUijpCbu9JV7WbGv3JxZehZB2ScbNJnQR3LJEf25pLpYI2cmOB5FCpqNXH7ao55FxFB.jpg?quality=96&as=32x52,48x78,72x117,108x176,160x261,240x391,360x587,480x782,540x880,640x1043,720x1174,1080x1761,1222x1992&from=bu&cs=360x0'}, {'height': 880, 'type': 'r', 'width': 540, 'url': 'https://sun9-56.userapi.com/s/v1/ig1/qARyyGUijpCbu9JV7WbGv3JxZehZB2ScbNJnQR3LJEf25pLpYI2cmOB5FCpqNXH7ao55FxFB.jpg?quality=96&as=32x52,48x78,72x117,108x176,160x261,240x391,360x587,480x782,540x880,640x1043,720x1174,1080x1761,1222x1992&from=bu&cs=540x0'}, {'height': 1992, 'type': 'base', 'width': 1222, 'url': 'https://sun9-56.userapi.com/s/v1/ig1/qARyyGUijpCbu9JV7WbGv3JxZehZB2ScbNJnQR3LJEf25pLpYI2cmOB5FCpqNXH7ao55FxFB.jpg?quality=96&as=32x52,48x78,72x117,108x176,160x261,240x391,360x587,480x782,540x880,640x1043,720x1174,1080x1761,1222x1992&from=bu'}], 'square_crop': '0,155,1222', 'text': '', 'web_view_token': 'a8abd19d44a4f03f55', 'likes': {'count': 3186, 'user_likes': 0}, 'comments': {'count': 77}, 'reposts': {'count': 1}, 'tags': {'count': 0}, 'orig_photo': {'height': 1992, 'type': 'base', 'url': 'https://sun9-56.userapi.com/s/v1/ig1/qARyyGUijpCbu9JV7WbGv3JxZehZB2ScbNJnQR3LJEf25pLpYI2cmOB5FCpqNXH7ao55FxFB.jpg?quality=96&as=32x52,48x78,72x117,108x176,160x261,240x391,360x587,480x782,540x880,640x1043,720x1174,1080x1761,1222x1992&from=bu', 'width': 1222}}, {'album_id': -6, 'date': 1564685494, 'id': 457243314, 'owner_id': 465635343, 'can_comment': 1, 'post_id': 23827, 'sizes': [{'height': 90, 'type': 's', 'width': 72, 'url': 'https://sun9-28.userapi.com/s/v1/ig1/NUJarvcSH4GRCx_VC1-uXDbmRg2YSctgsOxEkmryMBmYMEUK0m3egs-vY5Ski8cWlQMno1P5.jpg?quality=96&as=32x40,48x60,72x90,108x135,160x200,240x300,360x451,480x601,540x676,640x801,720x901,1080x1352,1117x1398&from=bu&cs=72x0'}, {'height': 200, 'type': 'm', 'width': 160, 'url': 'https://sun9-28.userapi.com/s/v1/ig1/NUJarvcSH4GRCx_VC1-uXDbmRg2YSctgsOxEkmryMBmYMEUK0m3egs-vY5Ski8cWlQMno1P5.jpg?quality=96&as=32x40,48x60,72x90,108x135,160x200,240x300,360x451,480x601,540x676,640x801,720x901,1080x1352,1117x1398&from=bu&cs=160x0'}, {'height': 801, 'type': 'x', 'width': 640, 'url': 'https://sun9-28.userapi.com/s/v1/ig1/NUJarvcSH4GRCx_VC1-uXDbmRg2YSctgsOxEkmryMBmYMEUK0m3egs-vY5Ski8cWlQMno1P5.jpg?quality=96&as=32x40,48x60,72x90,108x135,160x200,240x300,360x451,480x601,540x676,640x801,720x901,1080x1352,1117x1398&from=bu&cs=640x0'}, {'height': 1352, 'type': 'y', 'width': 1080, 'url': 'https://sun9-28.userapi.com/s/v1/ig1/NUJarvcSH4GRCx_VC1-uXDbmRg2YSctgsOxEkmryMBmYMEUK0m3egs-vY5Ski8cWlQMno1P5.jpg?quality=96&as=32x40,48x60,72x90,108x135,160x200,240x300,360x451,480x601,540x676,640x801,720x901,1080x1352,1117x1398&from=bu&cs=1080x0'}, {'height': 1398, 'type': 'z', 'width': 1117, 'url': 'https://sun9-28.userapi.com/s/v1/ig1/NUJarvcSH4GRCx_VC1-uXDbmRg2YSctgsOxEkmryMBmYMEUK0m3egs-vY5Ski8cWlQMno1P5.jpg?quality=96&as=32x40,48x60,72x90,108x135,160x200,240x300,360x451,480x601,540x676,640x801,720x901,1080x1352,1117x1398&from=bu&cs=1117x0'}, {'height': 135, 'type': 'o', 'width': 108, 'url': 'https://sun9-28.userapi.com/s/v1/ig1/NUJarvcSH4GRCx_VC1-uXDbmRg2YSctgsOxEkmryMBmYMEUK0m3egs-vY5Ski8cWlQMno1P5.jpg?quality=96&as=32x40,48x60,72x90,108x135,160x200,240x300,360x451,480x601,540x676,640x801,720x901,1080x1352,1117x1398&from=bu&cs=108x0'}, {'height': 300, 'type': 'p', 'width': 240, 'url': 'https://sun9-28.userapi.com/s/v1/ig1/NUJarvcSH4GRCx_VC1-uXDbmRg2YSctgsOxEkmryMBmYMEUK0m3egs-vY5Ski8cWlQMno1P5.jpg?quality=96&as=32x40,48x60,72x90,108x135,160x200,240x300,360x451,480x601,540x676,640x801,720x901,1080x1352,1117x1398&from=bu&cs=240x0'}, {'height': 451, 'type': 'q', 'width': 360, 'url': 'https://sun9-28.userapi.com/s/v1/ig1/NUJarvcSH4GRCx_VC1-uXDbmRg2YSctgsOxEkmryMBmYMEUK0m3egs-vY5Ski8cWlQMno1P5.jpg?quality=96&as=32x40,48x60,72x90,108x135,160x200,240x300,360x451,480x601,540x676,640x801,720x901,1080x1352,1117x1398&from=bu&cs=360x0'}, {'height': 676, 'type': 'r', 'width': 540, 'url': 'https://sun9-28.userapi.com/s/v1/ig1/NUJarvcSH4GRCx_VC1-uXDbmRg2YSctgsOxEkmryMBmYMEUK0m3egs-vY5Ski8cWlQMno1P5.jpg?quality=96&as=32x40,48x60,72x90,108x135,160x200,240x300,360x451,480x601,540x676,640x801,720x901,1080x1352,1117x1398&from=bu&cs=540x0'}, {'height': 1398, 'type': 'base', 'width': 1117, 'url': 'https://sun9-28.userapi.com/s/v1/ig1/NUJarvcSH4GRCx_VC1-uXDbmRg2YSctgsOxEkmryMBmYMEUK0m3egs-vY5Ski8cWlQMno1P5.jpg?quality=96&as=32x40,48x60,72x90,108x135,160x200,240x300,360x451,480x601,540x676,640x801,720x901,1080x1352,1117x1398&from=bu'}], 'square_crop': '9,192,1100', 'text': '', 'web_view_token': '732cbde36f42beb038', 'likes': {'count': 5397, 'user_likes': 0}, 'comments': {'count': 437}, 'reposts': {'count': 5}, 'tags': {'count': 0}, 'orig_photo': {'height': 1398, 'type': 'base', 'url': 'https://sun9-28.userapi.com/s/v1/ig1/NUJarvcSH4GRCx_VC1-uXDbmRg2YSctgsOxEkmryMBmYMEUK0m3egs-vY5Ski8cWlQMno1P5.jpg?quality=96&as=32x40,48x60,72x90,108x135,160x200,240x300,360x451,480x601,540x676,640x801,720x901,1080x1352,1117x1398&from=bu', 'width': 1117}}, {'album_id': -6, 'date': 1772517611, 'id': 457253270, 'owner_id': 465635343, 'can_comment': 1, 'sizes': [{'height': 105, 'type': 's', 'width': 72, 'url': 'https://sun1-88.userapi.com/s/v1/ig2/65b8Hh3lTQXzm9_uonmaqnRIgPOBYWDUTNFk373_rJDv-clbzDedm527Pznc8jVwLNHR_lVhNMCGJ0Fh25sVe2P3.jpg?quality=95&as=32x47,48x70,72x105,108x158,160x234,240x351,360x527,480x703,540x790,640x937,720x1054,1080x1581,1280x1873,1320x1932&from=bu&cs=72x0'}, {'height': 234, 'type': 'm', 'width': 160, 'url': 'https://sun1-88.userapi.com/s/v1/ig2/65b8Hh3lTQXzm9_uonmaqnRIgPOBYWDUTNFk373_rJDv-clbzDedm527Pznc8jVwLNHR_lVhNMCGJ0Fh25sVe2P3.jpg?quality=95&as=32x47,48x70,72x105,108x158,160x234,240x351,360x527,480x703,540x790,640x937,720x1054,1080x1581,1280x1873,1320x1932&from=bu&cs=160x0'}, {'height': 937, 'type': 'x', 'width': 640, 'url': 'https://sun1-88.userapi.com/s/v1/ig2/65b8Hh3lTQXzm9_uonmaqnRIgPOBYWDUTNFk373_rJDv-clbzDedm527Pznc8jVwLNHR_lVhNMCGJ0Fh25sVe2P3.jpg?quality=95&as=32x47,48x70,72x105,108x158,160x234,240x351,360x527,480x703,540x790,640x937,720x1054,1080x1581,1280x1873,1320x1932&from=bu&cs=640x0'}, {'height': 1581, 'type': 'y', 'width': 1080, 'url': 'https://sun1-88.userapi.com/s/v1/ig2/65b8Hh3lTQXzm9_uonmaqnRIgPOBYWDUTNFk373_rJDv-clbzDedm527Pznc8jVwLNHR_lVhNMCGJ0Fh25sVe2P3.jpg?quality=95&as=32x47,48x70,72x105,108x158,160x234,240x351,360x527,480x703,540x790,640x937,720x1054,1080x1581,1280x1873,1320x1932&from=bu&cs=1080x0'}, {'height': 1873, 'type': 'z', 'width': 1280, 'url': 'https://sun1-88.userapi.com/s/v1/ig2/65b8Hh3lTQXzm9_uonmaqnRIgPOBYWDUTNFk373_rJDv-clbzDedm527Pznc8jVwLNHR_lVhNMCGJ0Fh25sVe2P3.jpg?quality=95&as=32x47,48x70,72x105,108x158,160x234,240x351,360x527,480x703,540x790,640x937,720x1054,1080x1581,1280x1873,1320x1932&from=bu&cs=1280x0'}, {'height': 1932, 'type': 'w', 'width': 1320, 'url': 'https://sun1-88.userapi.com/s/v1/ig2/65b8Hh3lTQXzm9_uonmaqnRIgPOBYWDUTNFk373_rJDv-clbzDedm527Pznc8jVwLNHR_lVhNMCGJ0Fh25sVe2P3.jpg?quality=95&as=32x47,48x70,72x105,108x158,160x234,240x351,360x527,480x703,540x790,640x937,720x1054,1080x1581,1280x1873,1320x1932&from=bu&cs=1320x0'}, {'height': 158, 'type': 'o', 'width': 108, 'url': 'https://sun1-88.userapi.com/s/v1/ig2/65b8Hh3lTQXzm9_uonmaqnRIgPOBYWDUTNFk373_rJDv-clbzDedm527Pznc8jVwLNHR_lVhNMCGJ0Fh25sVe2P3.jpg?quality=95&as=32x47,48x70,72x105,108x158,160x234,240x351,360x527,480x703,540x790,640x937,720x1054,1080x1581,1280x1873,1320x1932&from=bu&cs=108x0'}, {'height': 351, 'type': 'p', 'width': 240, 'url': 'https://sun1-88.userapi.com/s/v1/ig2/65b8Hh3lTQXzm9_uonmaqnRIgPOBYWDUTNFk373_rJDv-clbzDedm527Pznc8jVwLNHR_lVhNMCGJ0Fh25sVe2P3.jpg?quality=95&as=32x47,48x70,72x105,108x158,160x234,240x351,360x527,480x703,540x790,640x937,720x1054,1080x1581,1280x1873,1320x1932&from=bu&cs=240x0'}, {'height': 527, 'type': 'q', 'width': 360, 'url': 'https://sun1-88.userapi.com/s/v1/ig2/65b8Hh3lTQXzm9_uonmaqnRIgPOBYWDUTNFk373_rJDv-clbzDedm527Pznc8jVwLNHR_lVhNMCGJ0Fh25sVe2P3.jpg?quality=95&as=32x47,48x70,72x105,108x158,160x234,240x351,360x527,480x703,540x790,640x937,720x1054,1080x1581,1280x1873,1320x1932&from=bu&cs=360x0'}, {'height': 790, 'type': 'r', 'width': 540, 'url': 'https://sun1-88.userapi.com/s/v1/ig2/65b8Hh3lTQXzm9_uonmaqnRIgPOBYWDUTNFk373_rJDv-clbzDedm527Pznc8jVwLNHR_lVhNMCGJ0Fh25sVe2P3.jpg?quality=95&as=32x47,48x70,72x105,108x158,160x234,240x351,360x527,480x703,540x790,640x937,720x1054,1080x1581,1280x1873,1320x1932&from=bu&cs=540x0'}, {'height': 1932, 'type': 'base', 'width': 1320, 'url': 'https://sun1-88.userapi.com/s/v1/ig2/65b8Hh3lTQXzm9_uonmaqnRIgPOBYWDUTNFk373_rJDv-clbzDedm527Pznc8jVwLNHR_lVhNMCGJ0Fh25sVe2P3.jpg?quality=95&as=32x47,48x70,72x105,108x158,160x234,240x351,360x527,480x703,540x790,640x937,720x1054,1080x1581,1280x1873,1320x1932&from=bu'}], 'square_crop': '0,178,1320', 'text': '', 'web_view_token': 'f56e263cb91f933523', 'likes': {'count': 85, 'user_likes': 0}, 'comments': {'count': 13}, 'reposts': {'count': 0}, 'tags': {'count': 0}, 'orig_photo': {'height': 1932, 'type': 'base', 'url': 'https://sun1-88.userapi.com/s/v1/ig2/65b8Hh3lTQXzm9_uonmaqnRIgPOBYWDUTNFk373_rJDv-clbzDedm527Pznc8jVwLNHR_lVhNMCGJ0Fh25sVe2P3.jpg?quality=95&as=32x47,48x70,72x105,108x158,160x234,240x351,360x527,480x703,540x790,640x937,720x1054,1080x1581,1280x1873,1320x1932&from=bu', 'width': 1320}}], 'next_from': ''}
14:18:08 - DEBUG - profile photos: [{'album_id': -6, 'date': 1521270440, 'id': 456239632, 'owner_id': 465635343, 'can_comment': 1, 'post_id': 873, 'sizes': [{'height': 77, 'type': 's', 'width': 72, 'url': 'https://sun9-79.userapi.com/s/v1/ig2/brcgMPgVdiQRvCeoxhv1wzJTRVYahIh1_0MnAQan4meWIK-03Helgb_ZSopf-QOuAZils9a0n71cb8lgXP2yuxyF.jpg?quality=96&as=32x34,48x51,72x77,108x115,160x171,240x256,360x384,480x512,540x576,640x683,720x768,1080x1152,1280x1365,1440x1536,1920x2048&from=bu&cs=72x0'}, {'height': 171, 'type': 'm', 'width': 160, 'url': 'https://sun9-79.userapi.com/s/v1/ig2/brcgMPgVdiQRvCeoxhv1wzJTRVYahIh1_0MnAQan4meWIK-03Helgb_ZSopf-QOuAZils9a0n71cb8lgXP2yuxyF.jpg?quality=96&as=32x34,48x51,72x77,108x115,160x171,240x256,360x384,480x512,540x576,640x683,720x768,1080x1152,1280x1365,1440x1536,1920x2048&from=bu&cs=160x0'}, {'height': 683, 'type': 'x', 'width': 640, 'url': 'https://sun9-79.userapi.com/s/v1/ig2/brcgMPgVdiQRvCeoxhv1wzJTRVYahIh1_0MnAQan4meWIK-03Helgb_ZSopf-QOuAZils9a0n71cb8lgXP2yuxyF.jpg?quality=96&as=32x34,48x51,72x77,108x115,160x171,240x256,360x384,480x512,540x576,640x683,720x768,1080x1152,1280x1365,1440x1536,1920x2048&from=bu&cs=640x0'}, {'height': 1152, 'type': 'y', 'width': 1080, 'url': 'https://sun9-79.userapi.com/s/v1/ig2/brcgMPgVdiQRvCeoxhv1wzJTRVYahIh1_0MnAQan4meWIK-03Helgb_ZSopf-QOuAZils9a0n71cb8lgXP2yuxyF.jpg?quality=96&as=32x34,48x51,72x77,108x115,160x171,240x256,360x384,480x512,540x576,640x683,720x768,1080x1152,1280x1365,1440x1536,1920x2048&from=bu&cs=1080x0'}, {'height': 1365, 'type': 'z', 'width': 1280, 'url': 'https://sun9-79.userapi.com/s/v1/ig2/brcgMPgVdiQRvCeoxhv1wzJTRVYahIh1_0MnAQan4meWIK-03Helgb_ZSopf-QOuAZils9a0n71cb8lgXP2yuxyF.jpg?quality=96&as=32x34,48x51,72x77,108x115,160x171,240x256,360x384,480x512,540x576,640x683,720x768,1080x1152,1280x1365,1440x1536,1920x2048&from=bu&cs=1280x0'}, {'height': 2048, 'type': 'w', 'width': 1920, 'url': 'https://sun9-79.userapi.com/s/v1/ig2/brcgMPgVdiQRvCeoxhv1wzJTRVYahIh1_0MnAQan4meWIK-03Helgb_ZSopf-QOuAZils9a0n71cb8lgXP2yuxyF.jpg?quality=96&as=32x34,48x51,72x77,108x115,160x171,240x256,360x384,480x512,540x576,640x683,720x768,1080x1152,1280x1365,1440x1536,1920x2048&from=bu&cs=1920x0'}, {'height': 115, 'type': 'o', 'width': 108, 'url': 'https://sun9-79.userapi.com/s/v1/ig2/brcgMPgVdiQRvCeoxhv1wzJTRVYahIh1_0MnAQan4meWIK-03Helgb_ZSopf-QOuAZils9a0n71cb8lgXP2yuxyF.jpg?quality=96&as=32x34,48x51,72x77,108x115,160x171,240x256,360x384,480x512,540x576,640x683,720x768,1080x1152,1280x1365,1440x1536,1920x2048&from=bu&cs=108x0'}, {'height': 256, 'type': 'p', 'width': 240, 'url': 'https://sun9-79.userapi.com/s/v1/ig2/brcgMPgVdiQRvCeoxhv1wzJTRVYahIh1_0MnAQan4meWIK-03Helgb_ZSopf-QOuAZils9a0n71cb8lgXP2yuxyF.jpg?quality=96&as=32x34,48x51,72x77,108x115,160x171,240x256,360x384,480x512,540x576,640x683,720x768,1080x1152,1280x1365,1440x1536,1920x2048&from=bu&cs=240x0'}, {'height': 384, 'type': 'q', 'width': 360, 'url': 'https://sun9-79.userapi.com/s/v1/ig2/brcgMPgVdiQRvCeoxhv1wzJTRVYahIh1_0MnAQan4meWIK-03Helgb_ZSopf-QOuAZils9a0n71cb8lgXP2yuxyF.jpg?quality=96&as=32x34,48x51,72x77,108x115,160x171,240x256,360x384,480x512,540x576,640x683,720x768,1080x1152,1280x1365,1440x1536,1920x2048&from=bu&cs=360x0'}, {'height': 576, 'type': 'r', 'width': 540, 'url': 'https://sun9-79.userapi.com/s/v1/ig2/brcgMPgVdiQRvCeoxhv1wzJTRVYahIh1_0MnAQan4meWIK-03Helgb_ZSopf-QOuAZils9a0n71cb8lgXP2yuxyF.jpg?quality=96&as=32x34,48x51,72x77,108x115,160x171,240x256,360x384,480x512,540x576,640x683,720x768,1080x1152,1280x1365,1440x1536,1920x2048&from=bu&cs=540x0'}, {'height': 2048, 'type': 'base', 'width': 1920, 'url': 'https://sun9-79.userapi.com/s/v1/ig2/brcgMPgVdiQRvCeoxhv1wzJTRVYahIh1_0MnAQan4meWIK-03Helgb_ZSopf-QOuAZils9a0n71cb8lgXP2yuxyF.jpg?quality=96&as=32x34,48x51,72x77,108x115,160x171,240x256,360x384,480x512,540x576,640x683,720x768,1080x1152,1280x1365,1440x1536,1920x2048&from=bu'}], 'square_crop': '0,64,1920', 'text': '', 'web_view_token': '51e699058ea6d2a839', 'likes': {'count': 3890, 'user_likes': 0}, 'comments': {'count': 149}, 'reposts': {'count': 3}, 'tags': {'count': 0}, 'orig_photo': {'height': 2048, 'type': 'base', 'url': 'https://sun9-79.userapi.com/s/v1/ig2/brcgMPgVdiQRvCeoxhv1wzJTRVYahIh1_0MnAQan4meWIK-03Helgb_ZSopf-QOuAZils9a0n71cb8lgXP2yuxyF.jpg?quality=96&as=32x34,48x51,72x77,108x115,160x171,240x256,360x384,480x512,540x576,640x683,720x768,1080x1152,1280x1365,1440x1536,1920x2048&from=bu', 'width': 1920}}, {'album_id': -6, 'date': 1555152474, 'id': 456242391, 'owner_id': 465635343, 'can_comment': 1, 'post_id': 16705, 'sizes': [{'height': 117, 'type': 's', 'width': 72, 'url': 'https://sun9-56.userapi.com/s/v1/ig1/qARyyGUijpCbu9JV7WbGv3JxZehZB2ScbNJnQR3LJEf25pLpYI2cmOB5FCpqNXH7ao55FxFB.jpg?quality=96&as=32x52,48x78,72x117,108x176,160x261,240x391,360x587,480x782,540x880,640x1043,720x1174,1080x1761,1222x1992&from=bu&cs=72x0'}, {'height': 261, 'type': 'm', 'width': 160, 'url': 'https://sun9-56.userapi.com/s/v1/ig1/qARyyGUijpCbu9JV7WbGv3JxZehZB2ScbNJnQR3LJEf25pLpYI2cmOB5FCpqNXH7ao55FxFB.jpg?quality=96&as=32x52,48x78,72x117,108x176,160x261,240x391,360x587,480x782,540x880,640x1043,720x1174,1080x1761,1222x1992&from=bu&cs=160x0'}, {'height': 1043, 'type': 'x', 'width': 640, 'url': 'https://sun9-56.userapi.com/s/v1/ig1/qARyyGUijpCbu9JV7WbGv3JxZehZB2ScbNJnQR3LJEf25pLpYI2cmOB5FCpqNXH7ao55FxFB.jpg?quality=96&as=32x52,48x78,72x117,108x176,160x261,240x391,360x587,480x782,540x880,640x1043,720x1174,1080x1761,1222x1992&from=bu&cs=640x0'}, {'height': 1761, 'type': 'y', 'width': 1080, 'url': 'https://sun9-56.userapi.com/s/v1/ig1/qARyyGUijpCbu9JV7WbGv3JxZehZB2ScbNJnQR3LJEf25pLpYI2cmOB5FCpqNXH7ao55FxFB.jpg?quality=96&as=32x52,48x78,72x117,108x176,160x261,240x391,360x587,480x782,540x880,640x1043,720x1174,1080x1761,1222x1992&from=bu&cs=1080x0'}, {'height': 1992, 'type': 'z', 'width': 1222, 'url': 'https://sun9-56.userapi.com/s/v1/ig1/qARyyGUijpCbu9JV7WbGv3JxZehZB2ScbNJnQR3LJEf25pLpYI2cmOB5FCpqNXH7ao55FxFB.jpg?quality=96&as=32x52,48x78,72x117,108x176,160x261,240x391,360x587,480x782,540x880,640x1043,720x1174,1080x1761,1222x1992&from=bu&cs=1222x0'}, {'height': 176, 'type': 'o', 'width': 108, 'url': 'https://sun9-56.userapi.com/s/v1/ig1/qARyyGUijpCbu9JV7WbGv3JxZehZB2ScbNJnQR3LJEf25pLpYI2cmOB5FCpqNXH7ao55FxFB.jpg?quality=96&as=32x52,48x78,72x117,108x176,160x261,240x391,360x587,480x782,540x880,640x1043,720x1174,1080x1761,1222x1992&from=bu&cs=108x0'}, {'height': 391, 'type': 'p', 'width': 240, 'url': 'https://sun9-56.userapi.com/s/v1/ig1/qARyyGUijpCbu9JV7WbGv3JxZehZB2ScbNJnQR3LJEf25pLpYI2cmOB5FCpqNXH7ao55FxFB.jpg?quality=96&as=32x52,48x78,72x117,108x176,160x261,240x391,360x587,480x782,540x880,640x1043,720x1174,1080x1761,1222x1992&from=bu&cs=240x0'}, {'height': 587, 'type': 'q', 'width': 360, 'url': 'https://sun9-56.userapi.com/s/v1/ig1/qARyyGUijpCbu9JV7WbGv3JxZehZB2ScbNJnQR3LJEf25pLpYI2cmOB5FCpqNXH7ao55FxFB.jpg?quality=96&as=32x52,48x78,72x117,108x176,160x261,240x391,360x587,480x782,540x880,640x1043,720x1174,1080x1761,1222x1992&from=bu&cs=360x0'}, {'height': 880, 'type': 'r', 'width': 540, 'url': 'https://sun9-56.userapi.com/s/v1/ig1/qARyyGUijpCbu9JV7WbGv3JxZehZB2ScbNJnQR3LJEf25pLpYI2cmOB5FCpqNXH7ao55FxFB.jpg?quality=96&as=32x52,48x78,72x117,108x176,160x261,240x391,360x587,480x782,540x880,640x1043,720x1174,1080x1761,1222x1992&from=bu&cs=540x0'}, {'height': 1992, 'type': 'base', 'width': 1222, 'url': 'https://sun9-56.userapi.com/s/v1/ig1/qARyyGUijpCbu9JV7WbGv3JxZehZB2ScbNJnQR3LJEf25pLpYI2cmOB5FCpqNXH7ao55FxFB.jpg?quality=96&as=32x52,48x78,72x117,108x176,160x261,240x391,360x587,480x782,540x880,640x1043,720x1174,1080x1761,1222x1992&from=bu'}], 'square_crop': '0,155,1222', 'text': '', 'web_view_token': 'a8abd19d44a4f03f55', 'likes': {'count': 3186, 'user_likes': 0}, 'comments': {'count': 77}, 'reposts': {'count': 1}, 'tags': {'count': 0}, 'orig_photo': {'height': 1992, 'type': 'base', 'url': 'https://sun9-56.userapi.com/s/v1/ig1/qARyyGUijpCbu9JV7WbGv3JxZehZB2ScbNJnQR3LJEf25pLpYI2cmOB5FCpqNXH7ao55FxFB.jpg?quality=96&as=32x52,48x78,72x117,108x176,160x261,240x391,360x587,480x782,540x880,640x1043,720x1174,1080x1761,1222x1992&from=bu', 'width': 1222}}, {'album_id': -6, 'date': 1564685494, 'id': 457243314, 'owner_id': 465635343, 'can_comment': 1, 'post_id': 23827, 'sizes': [{'height': 90, 'type': 's', 'width': 72, 'url': 'https://sun9-28.userapi.com/s/v1/ig1/NUJarvcSH4GRCx_VC1-uXDbmRg2YSctgsOxEkmryMBmYMEUK0m3egs-vY5Ski8cWlQMno1P5.jpg?quality=96&as=32x40,48x60,72x90,108x135,160x200,240x300,360x451,480x601,540x676,640x801,720x901,1080x1352,1117x1398&from=bu&cs=72x0'}, {'height': 200, 'type': 'm', 'width': 160, 'url': 'https://sun9-28.userapi.com/s/v1/ig1/NUJarvcSH4GRCx_VC1-uXDbmRg2YSctgsOxEkmryMBmYMEUK0m3egs-vY5Ski8cWlQMno1P5.jpg?quality=96&as=32x40,48x60,72x90,108x135,160x200,240x300,360x451,480x601,540x676,640x801,720x901,1080x1352,1117x1398&from=bu&cs=160x0'}, {'height': 801, 'type': 'x', 'width': 640, 'url': 'https://sun9-28.userapi.com/s/v1/ig1/NUJarvcSH4GRCx_VC1-uXDbmRg2YSctgsOxEkmryMBmYMEUK0m3egs-vY5Ski8cWlQMno1P5.jpg?quality=96&as=32x40,48x60,72x90,108x135,160x200,240x300,360x451,480x601,540x676,640x801,720x901,1080x1352,1117x1398&from=bu&cs=640x0'}, {'height': 1352, 'type': 'y', 'width': 1080, 'url': 'https://sun9-28.userapi.com/s/v1/ig1/NUJarvcSH4GRCx_VC1-uXDbmRg2YSctgsOxEkmryMBmYMEUK0m3egs-vY5Ski8cWlQMno1P5.jpg?quality=96&as=32x40,48x60,72x90,108x135,160x200,240x300,360x451,480x601,540x676,640x801,720x901,1080x1352,1117x1398&from=bu&cs=1080x0'}, {'height': 1398, 'type': 'z', 'width': 1117, 'url': 'https://sun9-28.userapi.com/s/v1/ig1/NUJarvcSH4GRCx_VC1-uXDbmRg2YSctgsOxEkmryMBmYMEUK0m3egs-vY5Ski8cWlQMno1P5.jpg?quality=96&as=32x40,48x60,72x90,108x135,160x200,240x300,360x451,480x601,540x676,640x801,720x901,1080x1352,1117x1398&from=bu&cs=1117x0'}, {'height': 135, 'type': 'o', 'width': 108, 'url': 'https://sun9-28.userapi.com/s/v1/ig1/NUJarvcSH4GRCx_VC1-uXDbmRg2YSctgsOxEkmryMBmYMEUK0m3egs-vY5Ski8cWlQMno1P5.jpg?quality=96&as=32x40,48x60,72x90,108x135,160x200,240x300,360x451,480x601,540x676,640x801,720x901,1080x1352,1117x1398&from=bu&cs=108x0'}, {'height': 300, 'type': 'p', 'width': 240, 'url': 'https://sun9-28.userapi.com/s/v1/ig1/NUJarvcSH4GRCx_VC1-uXDbmRg2YSctgsOxEkmryMBmYMEUK0m3egs-vY5Ski8cWlQMno1P5.jpg?quality=96&as=32x40,48x60,72x90,108x135,160x200,240x300,360x451,480x601,540x676,640x801,720x901,1080x1352,1117x1398&from=bu&cs=240x0'}, {'height': 451, 'type': 'q', 'width': 360, 'url': 'https://sun9-28.userapi.com/s/v1/ig1/NUJarvcSH4GRCx_VC1-uXDbmRg2YSctgsOxEkmryMBmYMEUK0m3egs-vY5Ski8cWlQMno1P5.jpg?quality=96&as=32x40,48x60,72x90,108x135,160x200,240x300,360x451,480x601,540x676,640x801,720x901,1080x1352,1117x1398&from=bu&cs=360x0'}, {'height': 676, 'type': 'r', 'width': 540, 'url': 'https://sun9-28.userapi.com/s/v1/ig1/NUJarvcSH4GRCx_VC1-uXDbmRg2YSctgsOxEkmryMBmYMEUK0m3egs-vY5Ski8cWlQMno1P5.jpg?quality=96&as=32x40,48x60,72x90,108x135,160x200,240x300,360x451,480x601,540x676,640x801,720x901,1080x1352,1117x1398&from=bu&cs=540x0'}, {'height': 1398, 'type': 'base', 'width': 1117, 'url': 'https://sun9-28.userapi.com/s/v1/ig1/NUJarvcSH4GRCx_VC1-uXDbmRg2YSctgsOxEkmryMBmYMEUK0m3egs-vY5Ski8cWlQMno1P5.jpg?quality=96&as=32x40,48x60,72x90,108x135,160x200,240x300,360x451,480x601,540x676,640x801,720x901,1080x1352,1117x1398&from=bu'}], 'square_crop': '9,192,1100', 'text': '', 'web_view_token': '732cbde36f42beb038', 'likes': {'count': 5397, 'user_likes': 0}, 'comments': {'count': 437}, 'reposts': {'count': 5}, 'tags': {'count': 0}, 'orig_photo': {'height': 1398, 'type': 'base', 'url': 'https://sun9-28.userapi.com/s/v1/ig1/NUJarvcSH4GRCx_VC1-uXDbmRg2YSctgsOxEkmryMBmYMEUK0m3egs-vY5Ski8cWlQMno1P5.jpg?quality=96&as=32x40,48x60,72x90,108x135,160x200,240x300,360x451,480x601,540x676,640x801,720x901,1080x1352,1117x1398&from=bu', 'width': 1117}}, {'album_id': -6, 'date': 1772517611, 'id': 457253270, 'owner_id': 465635343, 'can_comment': 1, 'sizes': [{'height': 105, 'type': 's', 'width': 72, 'url': 'https://sun1-88.userapi.com/s/v1/ig2/65b8Hh3lTQXzm9_uonmaqnRIgPOBYWDUTNFk373_rJDv-clbzDedm527Pznc8jVwLNHR_lVhNMCGJ0Fh25sVe2P3.jpg?quality=95&as=32x47,48x70,72x105,108x158,160x234,240x351,360x527,480x703,540x790,640x937,720x1054,1080x1581,1280x1873,1320x1932&from=bu&cs=72x0'}, {'height': 234, 'type': 'm', 'width': 160, 'url': 'https://sun1-88.userapi.com/s/v1/ig2/65b8Hh3lTQXzm9_uonmaqnRIgPOBYWDUTNFk373_rJDv-clbzDedm527Pznc8jVwLNHR_lVhNMCGJ0Fh25sVe2P3.jpg?quality=95&as=32x47,48x70,72x105,108x158,160x234,240x351,360x527,480x703,540x790,640x937,720x1054,1080x1581,1280x1873,1320x1932&from=bu&cs=160x0'}, {'height': 937, 'type': 'x', 'width': 640, 'url': 'https://sun1-88.userapi.com/s/v1/ig2/65b8Hh3lTQXzm9_uonmaqnRIgPOBYWDUTNFk373_rJDv-clbzDedm527Pznc8jVwLNHR_lVhNMCGJ0Fh25sVe2P3.jpg?quality=95&as=32x47,48x70,72x105,108x158,160x234,240x351,360x527,480x703,540x790,640x937,720x1054,1080x1581,1280x1873,1320x1932&from=bu&cs=640x0'}, {'height': 1581, 'type': 'y', 'width': 1080, 'url': 'https://sun1-88.userapi.com/s/v1/ig2/65b8Hh3lTQXzm9_uonmaqnRIgPOBYWDUTNFk373_rJDv-clbzDedm527Pznc8jVwLNHR_lVhNMCGJ0Fh25sVe2P3.jpg?quality=95&as=32x47,48x70,72x105,108x158,160x234,240x351,360x527,480x703,540x790,640x937,720x1054,1080x1581,1280x1873,1320x1932&from=bu&cs=1080x0'}, {'height': 1873, 'type': 'z', 'width': 1280, 'url': 'https://sun1-88.userapi.com/s/v1/ig2/65b8Hh3lTQXzm9_uonmaqnRIgPOBYWDUTNFk373_rJDv-clbzDedm527Pznc8jVwLNHR_lVhNMCGJ0Fh25sVe2P3.jpg?quality=95&as=32x47,48x70,72x105,108x158,160x234,240x351,360x527,480x703,540x790,640x937,720x1054,1080x1581,1280x1873,1320x1932&from=bu&cs=1280x0'}, {'height': 1932, 'type': 'w', 'width': 1320, 'url': 'https://sun1-88.userapi.com/s/v1/ig2/65b8Hh3lTQXzm9_uonmaqnRIgPOBYWDUTNFk373_rJDv-clbzDedm527Pznc8jVwLNHR_lVhNMCGJ0Fh25sVe2P3.jpg?quality=95&as=32x47,48x70,72x105,108x158,160x234,240x351,360x527,480x703,540x790,640x937,720x1054,1080x1581,1280x1873,1320x1932&from=bu&cs=1320x0'}, {'height': 158, 'type': 'o', 'width': 108, 'url': 'https://sun1-88.userapi.com/s/v1/ig2/65b8Hh3lTQXzm9_uonmaqnRIgPOBYWDUTNFk373_rJDv-clbzDedm527Pznc8jVwLNHR_lVhNMCGJ0Fh25sVe2P3.jpg?quality=95&as=32x47,48x70,72x105,108x158,160x234,240x351,360x527,480x703,540x790,640x937,720x1054,1080x1581,1280x1873,1320x1932&from=bu&cs=108x0'}, {'height': 351, 'type': 'p', 'width': 240, 'url': 'https://sun1-88.userapi.com/s/v1/ig2/65b8Hh3lTQXzm9_uonmaqnRIgPOBYWDUTNFk373_rJDv-clbzDedm527Pznc8jVwLNHR_lVhNMCGJ0Fh25sVe2P3.jpg?quality=95&as=32x47,48x70,72x105,108x158,160x234,240x351,360x527,480x703,540x790,640x937,720x1054,1080x1581,1280x1873,1320x1932&from=bu&cs=240x0'}, {'height': 527, 'type': 'q', 'width': 360, 'url': 'https://sun1-88.userapi.com/s/v1/ig2/65b8Hh3lTQXzm9_uonmaqnRIgPOBYWDUTNFk373_rJDv-clbzDedm527Pznc8jVwLNHR_lVhNMCGJ0Fh25sVe2P3.jpg?quality=95&as=32x47,48x70,72x105,108x158,160x234,240x351,360x527,480x703,540x790,640x937,720x1054,1080x1581,1280x1873,1320x1932&from=bu&cs=360x0'}, {'height': 790, 'type': 'r', 'width': 540, 'url': 'https://sun1-88.userapi.com/s/v1/ig2/65b8Hh3lTQXzm9_uonmaqnRIgPOBYWDUTNFk373_rJDv-clbzDedm527Pznc8jVwLNHR_lVhNMCGJ0Fh25sVe2P3.jpg?quality=95&as=32x47,48x70,72x105,108x158,160x234,240x351,360x527,480x703,540x790,640x937,720x1054,1080x1581,1280x1873,1320x1932&from=bu&cs=540x0'}, {'height': 1932, 'type': 'base', 'width': 1320, 'url': 'https://sun1-88.userapi.com/s/v1/ig2/65b8Hh3lTQXzm9_uonmaqnRIgPOBYWDUTNFk373_rJDv-clbzDedm527Pznc8jVwLNHR_lVhNMCGJ0Fh25sVe2P3.jpg?quality=95&as=32x47,48x70,72x105,108x158,160x234,240x351,360x527,480x703,540x790,640x937,720x1054,1080x1581,1280x1873,1320x1932&from=bu'}], 'square_crop': '0,178,1320', 'text': '', 'web_view_token': 'f56e263cb91f933523', 'likes': {'count': 85, 'user_likes': 0}, 'comments': {'count': 13}, 'reposts': {'count': 0}, 'tags': {'count': 0}, 'orig_photo': {'height': 1932, 'type': 'base', 'url': 'https://sun1-88.userapi.com/s/v1/ig2/65b8Hh3lTQXzm9_uonmaqnRIgPOBYWDUTNFk373_rJDv-clbzDedm527Pznc8jVwLNHR_lVhNMCGJ0Fh25sVe2P3.jpg?quality=95&as=32x47,48x70,72x105,108x158,160x234,240x351,360x527,480x703,540x790,640x937,720x1054,1080x1581,1280x1873,1320x1932&from=bu', 'width': 1320}}]
14:18:08 - DEBUG - all profile photos result: [{'album_id': -6, 'date': 1521270440, 'id': 456239632, 'owner_id': 465635343, 'can_comment': 1, 'post_id': 873, 'sizes': [{'height': 77, 'type': 's', 'width': 72, 'url': 'https://sun9-79.userapi.com/s/v1/ig2/brcgMPgVdiQRvCeoxhv1wzJTRVYahIh1_0MnAQan4meWIK-03Helgb_ZSopf-QOuAZils9a0n71cb8lgXP2yuxyF.jpg?quality=96&as=32x34,48x51,72x77,108x115,160x171,240x256,360x384,480x512,540x576,640x683,720x768,1080x1152,1280x1365,1440x1536,1920x2048&from=bu&cs=72x0'}, {'height': 171, 'type': 'm', 'width': 160, 'url': 'https://sun9-79.userapi.com/s/v1/ig2/brcgMPgVdiQRvCeoxhv1wzJTRVYahIh1_0MnAQan4meWIK-03Helgb_ZSopf-QOuAZils9a0n71cb8lgXP2yuxyF.jpg?quality=96&as=32x34,48x51,72x77,108x115,160x171,240x256,360x384,480x512,540x576,640x683,720x768,1080x1152,1280x1365,1440x1536,1920x2048&from=bu&cs=160x0'}, {'height': 683, 'type': 'x', 'width': 640, 'url': 'https://sun9-79.userapi.com/s/v1/ig2/brcgMPgVdiQRvCeoxhv1wzJTRVYahIh1_0MnAQan4meWIK-03Helgb_ZSopf-QOuAZils9a0n71cb8lgXP2yuxyF.jpg?quality=96&as=32x34,48x51,72x77,108x115,160x171,240x256,360x384,480x512,540x576,640x683,720x768,1080x1152,1280x1365,1440x1536,1920x2048&from=bu&cs=640x0'}, {'height': 1152, 'type': 'y', 'width': 1080, 'url': 'https://sun9-79.userapi.com/s/v1/ig2/brcgMPgVdiQRvCeoxhv1wzJTRVYahIh1_0MnAQan4meWIK-03Helgb_ZSopf-QOuAZils9a0n71cb8lgXP2yuxyF.jpg?quality=96&as=32x34,48x51,72x77,108x115,160x171,240x256,360x384,480x512,540x576,640x683,720x768,1080x1152,1280x1365,1440x1536,1920x2048&from=bu&cs=1080x0'}, {'height': 1365, 'type': 'z', 'width': 1280, 'url': 'https://sun9-79.userapi.com/s/v1/ig2/brcgMPgVdiQRvCeoxhv1wzJTRVYahIh1_0MnAQan4meWIK-03Helgb_ZSopf-QOuAZils9a0n71cb8lgXP2yuxyF.jpg?quality=96&as=32x34,48x51,72x77,108x115,160x171,240x256,360x384,480x512,540x576,640x683,720x768,1080x1152,1280x1365,1440x1536,1920x2048&from=bu&cs=1280x0'}, {'height': 2048, 'type': 'w', 'width': 1920, 'url': 'https://sun9-79.userapi.com/s/v1/ig2/brcgMPgVdiQRvCeoxhv1wzJTRVYahIh1_0MnAQan4meWIK-03Helgb_ZSopf-QOuAZils9a0n71cb8lgXP2yuxyF.jpg?quality=96&as=32x34,48x51,72x77,108x115,160x171,240x256,360x384,480x512,540x576,640x683,720x768,1080x1152,1280x1365,1440x1536,1920x2048&from=bu&cs=1920x0'}, {'height': 115, 'type': 'o', 'width': 108, 'url': 'https://sun9-79.userapi.com/s/v1/ig2/brcgMPgVdiQRvCeoxhv1wzJTRVYahIh1_0MnAQan4meWIK-03Helgb_ZSopf-QOuAZils9a0n71cb8lgXP2yuxyF.jpg?quality=96&as=32x34,48x51,72x77,108x115,160x171,240x256,360x384,480x512,540x576,640x683,720x768,1080x1152,1280x1365,1440x1536,1920x2048&from=bu&cs=108x0'}, {'height': 256, 'type': 'p', 'width': 240, 'url': 'https://sun9-79.userapi.com/s/v1/ig2/brcgMPgVdiQRvCeoxhv1wzJTRVYahIh1_0MnAQan4meWIK-03Helgb_ZSopf-QOuAZils9a0n71cb8lgXP2yuxyF.jpg?quality=96&as=32x34,48x51,72x77,108x115,160x171,240x256,360x384,480x512,540x576,640x683,720x768,1080x1152,1280x1365,1440x1536,1920x2048&from=bu&cs=240x0'}, {'height': 384, 'type': 'q', 'width': 360, 'url': 'https://sun9-79.userapi.com/s/v1/ig2/brcgMPgVdiQRvCeoxhv1wzJTRVYahIh1_0MnAQan4meWIK-03Helgb_ZSopf-QOuAZils9a0n71cb8lgXP2yuxyF.jpg?quality=96&as=32x34,48x51,72x77,108x115,160x171,240x256,360x384,480x512,540x576,640x683,720x768,1080x1152,1280x1365,1440x1536,1920x2048&from=bu&cs=360x0'}, {'height': 576, 'type': 'r', 'width': 540, 'url': 'https://sun9-79.userapi.com/s/v1/ig2/brcgMPgVdiQRvCeoxhv1wzJTRVYahIh1_0MnAQan4meWIK-03Helgb_ZSopf-QOuAZils9a0n71cb8lgXP2yuxyF.jpg?quality=96&as=32x34,48x51,72x77,108x115,160x171,240x256,360x384,480x512,540x576,640x683,720x768,1080x1152,1280x1365,1440x1536,1920x2048&from=bu&cs=540x0'}, {'height': 2048, 'type': 'base', 'width': 1920, 'url': 'https://sun9-79.userapi.com/s/v1/ig2/brcgMPgVdiQRvCeoxhv1wzJTRVYahIh1_0MnAQan4meWIK-03Helgb_ZSopf-QOuAZils9a0n71cb8lgXP2yuxyF.jpg?quality=96&as=32x34,48x51,72x77,108x115,160x171,240x256,360x384,480x512,540x576,640x683,720x768,1080x1152,1280x1365,1440x1536,1920x2048&from=bu'}], 'square_crop': '0,64,1920', 'text': '', 'web_view_token': '51e699058ea6d2a839', 'likes': {'count': 3890, 'user_likes': 0}, 'comments': {'count': 149}, 'reposts': {'count': 3}, 'tags': {'count': 0}, 'orig_photo': {'height': 2048, 'type': 'base', 'url': 'https://sun9-79.userapi.com/s/v1/ig2/brcgMPgVdiQRvCeoxhv1wzJTRVYahIh1_0MnAQan4meWIK-03Helgb_ZSopf-QOuAZils9a0n71cb8lgXP2yuxyF.jpg?quality=96&as=32x34,48x51,72x77,108x115,160x171,240x256,360x384,480x512,540x576,640x683,720x768,1080x1152,1280x1365,1440x1536,1920x2048&from=bu', 'width': 1920}}, {'album_id': -6, 'date': 1555152474, 'id': 456242391, 'owner_id': 465635343, 'can_comment': 1, 'post_id': 16705, 'sizes': [{'height': 117, 'type': 's', 'width': 72, 'url': 'https://sun9-56.userapi.com/s/v1/ig1/qARyyGUijpCbu9JV7WbGv3JxZehZB2ScbNJnQR3LJEf25pLpYI2cmOB5FCpqNXH7ao55FxFB.jpg?quality=96&as=32x52,48x78,72x117,108x176,160x261,240x391,360x587,480x782,540x880,640x1043,720x1174,1080x1761,1222x1992&from=bu&cs=72x0'}, {'height': 261, 'type': 'm', 'width': 160, 'url': 'https://sun9-56.userapi.com/s/v1/ig1/qARyyGUijpCbu9JV7WbGv3JxZehZB2ScbNJnQR3LJEf25pLpYI2cmOB5FCpqNXH7ao55FxFB.jpg?quality=96&as=32x52,48x78,72x117,108x176,160x261,240x391,360x587,480x782,540x880,640x1043,720x1174,1080x1761,1222x1992&from=bu&cs=160x0'}, {'height': 1043, 'type': 'x', 'width': 640, 'url': 'https://sun9-56.userapi.com/s/v1/ig1/qARyyGUijpCbu9JV7WbGv3JxZehZB2ScbNJnQR3LJEf25pLpYI2cmOB5FCpqNXH7ao55FxFB.jpg?quality=96&as=32x52,48x78,72x117,108x176,160x261,240x391,360x587,480x782,540x880,640x1043,720x1174,1080x1761,1222x1992&from=bu&cs=640x0'}, {'height': 1761, 'type': 'y', 'width': 1080, 'url': 'https://sun9-56.userapi.com/s/v1/ig1/qARyyGUijpCbu9JV7WbGv3JxZehZB2ScbNJnQR3LJEf25pLpYI2cmOB5FCpqNXH7ao55FxFB.jpg?quality=96&as=32x52,48x78,72x117,108x176,160x261,240x391,360x587,480x782,540x880,640x1043,720x1174,1080x1761,1222x1992&from=bu&cs=1080x0'}, {'height': 1992, 'type': 'z', 'width': 1222, 'url': 'https://sun9-56.userapi.com/s/v1/ig1/qARyyGUijpCbu9JV7WbGv3JxZehZB2ScbNJnQR3LJEf25pLpYI2cmOB5FCpqNXH7ao55FxFB.jpg?quality=96&as=32x52,48x78,72x117,108x176,160x261,240x391,360x587,480x782,540x880,640x1043,720x1174,1080x1761,1222x1992&from=bu&cs=1222x0'}, {'height': 176, 'type': 'o', 'width': 108, 'url': 'https://sun9-56.userapi.com/s/v1/ig1/qARyyGUijpCbu9JV7WbGv3JxZehZB2ScbNJnQR3LJEf25pLpYI2cmOB5FCpqNXH7ao55FxFB.jpg?quality=96&as=32x52,48x78,72x117,108x176,160x261,240x391,360x587,480x782,540x880,640x1043,720x1174,1080x1761,1222x1992&from=bu&cs=108x0'}, {'height': 391, 'type': 'p', 'width': 240, 'url': 'https://sun9-56.userapi.com/s/v1/ig1/qARyyGUijpCbu9JV7WbGv3JxZehZB2ScbNJnQR3LJEf25pLpYI2cmOB5FCpqNXH7ao55FxFB.jpg?quality=96&as=32x52,48x78,72x117,108x176,160x261,240x391,360x587,480x782,540x880,640x1043,720x1174,1080x1761,1222x1992&from=bu&cs=240x0'}, {'height': 587, 'type': 'q', 'width': 360, 'url': 'https://sun9-56.userapi.com/s/v1/ig1/qARyyGUijpCbu9JV7WbGv3JxZehZB2ScbNJnQR3LJEf25pLpYI2cmOB5FCpqNXH7ao55FxFB.jpg?quality=96&as=32x52,48x78,72x117,108x176,160x261,240x391,360x587,480x782,540x880,640x1043,720x1174,1080x1761,1222x1992&from=bu&cs=360x0'}, {'height': 880, 'type': 'r', 'width': 540, 'url': 'https://sun9-56.userapi.com/s/v1/ig1/qARyyGUijpCbu9JV7WbGv3JxZehZB2ScbNJnQR3LJEf25pLpYI2cmOB5FCpqNXH7ao55FxFB.jpg?quality=96&as=32x52,48x78,72x117,108x176,160x261,240x391,360x587,480x782,540x880,640x1043,720x1174,1080x1761,1222x1992&from=bu&cs=540x0'}, {'height': 1992, 'type': 'base', 'width': 1222, 'url': 'https://sun9-56.userapi.com/s/v1/ig1/qARyyGUijpCbu9JV7WbGv3JxZehZB2ScbNJnQR3LJEf25pLpYI2cmOB5FCpqNXH7ao55FxFB.jpg?quality=96&as=32x52,48x78,72x117,108x176,160x261,240x391,360x587,480x782,540x880,640x1043,720x1174,1080x1761,1222x1992&from=bu'}], 'square_crop': '0,155,1222', 'text': '', 'web_view_token': 'a8abd19d44a4f03f55', 'likes': {'count': 3186, 'user_likes': 0}, 'comments': {'count': 77}, 'reposts': {'count': 1}, 'tags': {'count': 0}, 'orig_photo': {'height': 1992, 'type': 'base', 'url': 'https://sun9-56.userapi.com/s/v1/ig1/qARyyGUijpCbu9JV7WbGv3JxZehZB2ScbNJnQR3LJEf25pLpYI2cmOB5FCpqNXH7ao55FxFB.jpg?quality=96&as=32x52,48x78,72x117,108x176,160x261,240x391,360x587,480x782,540x880,640x1043,720x1174,1080x1761,1222x1992&from=bu', 'width': 1222}}, {'album_id': -6, 'date': 1564685494, 'id': 457243314, 'owner_id': 465635343, 'can_comment': 1, 'post_id': 23827, 'sizes': [{'height': 90, 'type': 's', 'width': 72, 'url': 'https://sun9-28.userapi.com/s/v1/ig1/NUJarvcSH4GRCx_VC1-uXDbmRg2YSctgsOxEkmryMBmYMEUK0m3egs-vY5Ski8cWlQMno1P5.jpg?quality=96&as=32x40,48x60,72x90,108x135,160x200,240x300,360x451,480x601,540x676,640x801,720x901,1080x1352,1117x1398&from=bu&cs=72x0'}, {'height': 200, 'type': 'm', 'width': 160, 'url': 'https://sun9-28.userapi.com/s/v1/ig1/NUJarvcSH4GRCx_VC1-uXDbmRg2YSctgsOxEkmryMBmYMEUK0m3egs-vY5Ski8cWlQMno1P5.jpg?quality=96&as=32x40,48x60,72x90,108x135,160x200,240x300,360x451,480x601,540x676,640x801,720x901,1080x1352,1117x1398&from=bu&cs=160x0'}, {'height': 801, 'type': 'x', 'width': 640, 'url': 'https://sun9-28.userapi.com/s/v1/ig1/NUJarvcSH4GRCx_VC1-uXDbmRg2YSctgsOxEkmryMBmYMEUK0m3egs-vY5Ski8cWlQMno1P5.jpg?quality=96&as=32x40,48x60,72x90,108x135,160x200,240x300,360x451,480x601,540x676,640x801,720x901,1080x1352,1117x1398&from=bu&cs=640x0'}, {'height': 1352, 'type': 'y', 'width': 1080, 'url': 'https://sun9-28.userapi.com/s/v1/ig1/NUJarvcSH4GRCx_VC1-uXDbmRg2YSctgsOxEkmryMBmYMEUK0m3egs-vY5Ski8cWlQMno1P5.jpg?quality=96&as=32x40,48x60,72x90,108x135,160x200,240x300,360x451,480x601,540x676,640x801,720x901,1080x1352,1117x1398&from=bu&cs=1080x0'}, {'height': 1398, 'type': 'z', 'width': 1117, 'url': 'https://sun9-28.userapi.com/s/v1/ig1/NUJarvcSH4GRCx_VC1-uXDbmRg2YSctgsOxEkmryMBmYMEUK0m3egs-vY5Ski8cWlQMno1P5.jpg?quality=96&as=32x40,48x60,72x90,108x135,160x200,240x300,360x451,480x601,540x676,640x801,720x901,1080x1352,1117x1398&from=bu&cs=1117x0'}, {'height': 135, 'type': 'o', 'width': 108, 'url': 'https://sun9-28.userapi.com/s/v1/ig1/NUJarvcSH4GRCx_VC1-uXDbmRg2YSctgsOxEkmryMBmYMEUK0m3egs-vY5Ski8cWlQMno1P5.jpg?quality=96&as=32x40,48x60,72x90,108x135,160x200,240x300,360x451,480x601,540x676,640x801,720x901,1080x1352,1117x1398&from=bu&cs=108x0'}, {'height': 300, 'type': 'p', 'width': 240, 'url': 'https://sun9-28.userapi.com/s/v1/ig1/NUJarvcSH4GRCx_VC1-uXDbmRg2YSctgsOxEkmryMBmYMEUK0m3egs-vY5Ski8cWlQMno1P5.jpg?quality=96&as=32x40,48x60,72x90,108x135,160x200,240x300,360x451,480x601,540x676,640x801,720x901,1080x1352,1117x1398&from=bu&cs=240x0'}, {'height': 451, 'type': 'q', 'width': 360, 'url': 'https://sun9-28.userapi.com/s/v1/ig1/NUJarvcSH4GRCx_VC1-uXDbmRg2YSctgsOxEkmryMBmYMEUK0m3egs-vY5Ski8cWlQMno1P5.jpg?quality=96&as=32x40,48x60,72x90,108x135,160x200,240x300,360x451,480x601,540x676,640x801,720x901,1080x1352,1117x1398&from=bu&cs=360x0'}, {'height': 676, 'type': 'r', 'width': 540, 'url': 'https://sun9-28.userapi.com/s/v1/ig1/NUJarvcSH4GRCx_VC1-uXDbmRg2YSctgsOxEkmryMBmYMEUK0m3egs-vY5Ski8cWlQMno1P5.jpg?quality=96&as=32x40,48x60,72x90,108x135,160x200,240x300,360x451,480x601,540x676,640x801,720x901,1080x1352,1117x1398&from=bu&cs=540x0'}, {'height': 1398, 'type': 'base', 'width': 1117, 'url': 'https://sun9-28.userapi.com/s/v1/ig1/NUJarvcSH4GRCx_VC1-uXDbmRg2YSctgsOxEkmryMBmYMEUK0m3egs-vY5Ski8cWlQMno1P5.jpg?quality=96&as=32x40,48x60,72x90,108x135,160x200,240x300,360x451,480x601,540x676,640x801,720x901,1080x1352,1117x1398&from=bu'}], 'square_crop': '9,192,1100', 'text': '', 'web_view_token': '732cbde36f42beb038', 'likes': {'count': 5397, 'user_likes': 0}, 'comments': {'count': 437}, 'reposts': {'count': 5}, 'tags': {'count': 0}, 'orig_photo': {'height': 1398, 'type': 'base', 'url': 'https://sun9-28.userapi.com/s/v1/ig1/NUJarvcSH4GRCx_VC1-uXDbmRg2YSctgsOxEkmryMBmYMEUK0m3egs-vY5Ski8cWlQMno1P5.jpg?quality=96&as=32x40,48x60,72x90,108x135,160x200,240x300,360x451,480x601,540x676,640x801,720x901,1080x1352,1117x1398&from=bu', 'width': 1117}}, {'album_id': -6, 'date': 1772517611, 'id': 457253270, 'owner_id': 465635343, 'can_comment': 1, 'sizes': [{'height': 105, 'type': 's', 'width': 72, 'url': 'https://sun1-88.userapi.com/s/v1/ig2/65b8Hh3lTQXzm9_uonmaqnRIgPOBYWDUTNFk373_rJDv-clbzDedm527Pznc8jVwLNHR_lVhNMCGJ0Fh25sVe2P3.jpg?quality=95&as=32x47,48x70,72x105,108x158,160x234,240x351,360x527,480x703,540x790,640x937,720x1054,1080x1581,1280x1873,1320x1932&from=bu&cs=72x0'}, {'height': 234, 'type': 'm', 'width': 160, 'url': 'https://sun1-88.userapi.com/s/v1/ig2/65b8Hh3lTQXzm9_uonmaqnRIgPOBYWDUTNFk373_rJDv-clbzDedm527Pznc8jVwLNHR_lVhNMCGJ0Fh25sVe2P3.jpg?quality=95&as=32x47,48x70,72x105,108x158,160x234,240x351,360x527,480x703,540x790,640x937,720x1054,1080x1581,1280x1873,1320x1932&from=bu&cs=160x0'}, {'height': 937, 'type': 'x', 'width': 640, 'url': 'https://sun1-88.userapi.com/s/v1/ig2/65b8Hh3lTQXzm9_uonmaqnRIgPOBYWDUTNFk373_rJDv-clbzDedm527Pznc8jVwLNHR_lVhNMCGJ0Fh25sVe2P3.jpg?quality=95&as=32x47,48x70,72x105,108x158,160x234,240x351,360x527,480x703,540x790,640x937,720x1054,1080x1581,1280x1873,1320x1932&from=bu&cs=640x0'}, {'height': 1581, 'type': 'y', 'width': 1080, 'url': 'https://sun1-88.userapi.com/s/v1/ig2/65b8Hh3lTQXzm9_uonmaqnRIgPOBYWDUTNFk373_rJDv-clbzDedm527Pznc8jVwLNHR_lVhNMCGJ0Fh25sVe2P3.jpg?quality=95&as=32x47,48x70,72x105,108x158,160x234,240x351,360x527,480x703,540x790,640x937,720x1054,1080x1581,1280x1873,1320x1932&from=bu&cs=1080x0'}, {'height': 1873, 'type': 'z', 'width': 1280, 'url': 'https://sun1-88.userapi.com/s/v1/ig2/65b8Hh3lTQXzm9_uonmaqnRIgPOBYWDUTNFk373_rJDv-clbzDedm527Pznc8jVwLNHR_lVhNMCGJ0Fh25sVe2P3.jpg?quality=95&as=32x47,48x70,72x105,108x158,160x234,240x351,360x527,480x703,540x790,640x937,720x1054,1080x1581,1280x1873,1320x1932&from=bu&cs=1280x0'}, {'height': 1932, 'type': 'w', 'width': 1320, 'url': 'https://sun1-88.userapi.com/s/v1/ig2/65b8Hh3lTQXzm9_uonmaqnRIgPOBYWDUTNFk373_rJDv-clbzDedm527Pznc8jVwLNHR_lVhNMCGJ0Fh25sVe2P3.jpg?quality=95&as=32x47,48x70,72x105,108x158,160x234,240x351,360x527,480x703,540x790,640x937,720x1054,1080x1581,1280x1873,1320x1932&from=bu&cs=1320x0'}, {'height': 158, 'type': 'o', 'width': 108, 'url': 'https://sun1-88.userapi.com/s/v1/ig2/65b8Hh3lTQXzm9_uonmaqnRIgPOBYWDUTNFk373_rJDv-clbzDedm527Pznc8jVwLNHR_lVhNMCGJ0Fh25sVe2P3.jpg?quality=95&as=32x47,48x70,72x105,108x158,160x234,240x351,360x527,480x703,540x790,640x937,720x1054,1080x1581,1280x1873,1320x1932&from=bu&cs=108x0'}, {'height': 351, 'type': 'p', 'width': 240, 'url': 'https://sun1-88.userapi.com/s/v1/ig2/65b8Hh3lTQXzm9_uonmaqnRIgPOBYWDUTNFk373_rJDv-clbzDedm527Pznc8jVwLNHR_lVhNMCGJ0Fh25sVe2P3.jpg?quality=95&as=32x47,48x70,72x105,108x158,160x234,240x351,360x527,480x703,540x790,640x937,720x1054,1080x1581,1280x1873,1320x1932&from=bu&cs=240x0'}, {'height': 527, 'type': 'q', 'width': 360, 'url': 'https://sun1-88.userapi.com/s/v1/ig2/65b8Hh3lTQXzm9_uonmaqnRIgPOBYWDUTNFk373_rJDv-clbzDedm527Pznc8jVwLNHR_lVhNMCGJ0Fh25sVe2P3.jpg?quality=95&as=32x47,48x70,72x105,108x158,160x234,240x351,360x527,480x703,540x790,640x937,720x1054,1080x1581,1280x1873,1320x1932&from=bu&cs=360x0'}, {'height': 790, 'type': 'r', 'width': 540, 'url': 'https://sun1-88.userapi.com/s/v1/ig2/65b8Hh3lTQXzm9_uonmaqnRIgPOBYWDUTNFk373_rJDv-clbzDedm527Pznc8jVwLNHR_lVhNMCGJ0Fh25sVe2P3.jpg?quality=95&as=32x47,48x70,72x105,108x158,160x234,240x351,360x527,480x703,540x790,640x937,720x1054,1080x1581,1280x1873,1320x1932&from=bu&cs=540x0'}, {'height': 1932, 'type': 'base', 'width': 1320, 'url': 'https://sun1-88.userapi.com/s/v1/ig2/65b8Hh3lTQXzm9_uonmaqnRIgPOBYWDUTNFk373_rJDv-clbzDedm527Pznc8jVwLNHR_lVhNMCGJ0Fh25sVe2P3.jpg?quality=95&as=32x47,48x70,72x105,108x158,160x234,240x351,360x527,480x703,540x790,640x937,720x1054,1080x1581,1280x1873,1320x1932&from=bu'}], 'square_crop': '0,178,1320', 'text': '', 'web_view_token': 'f56e263cb91f933523', 'likes': {'count': 85, 'user_likes': 0}, 'comments': {'count': 13}, 'reposts': {'count': 0}, 'tags': {'count': 0}, 'orig_photo': {'height': 1932, 'type': 'base', 'url': 'https://sun1-88.userapi.com/s/v1/ig2/65b8Hh3lTQXzm9_uonmaqnRIgPOBYWDUTNFk373_rJDv-clbzDedm527Pznc8jVwLNHR_lVhNMCGJ0Fh25sVe2P3.jpg?quality=95&as=32x47,48x70,72x105,108x158,160x234,240x351,360x527,480x703,540x790,640x937,720x1054,1080x1581,1280x1873,1320x1932&from=bu', 'width': 1320}}]
14:18:08 - DEBUG - result get top3 photo: ['photo465635343_457243314', 'photo465635343_456239632', 'photo465635343_456242391']
14:18:08 - DEBUG - result extract user data: {'user_id': 465635343, 'first_name': 'Александр', 'last_name': 'Емельяненко', 'sex': 2, 'sex_as_text': 'Мужской', 'profile_URL': 'https://vk.com/id465635343', 'age': 44, 'city_id': 1, 'city': 'Москва', 'photo_URL': ['photo465635343_457243314', 'photo465635343_456239632', 'photo465635343_456242391']}
14:18:08 - DEBUG - API request was validated
14:18:08 - DEBUG - Request messages.send with {'random_id': 0, 'peer_ids': '311485261', 'message': 'Александр Емельяненко, г. Москва, 44', 'attachment': 'photo465635343_457243314,photo465635343_456239632,photo465635343_456242391', 'keyboard': <vkbottle.tools.keyboard.keyboard.Keyboard object at 0x0000000029F67360>} data returned {"response":[{"peer_id":311485261,"message_id":600,"conversation_message_id":599}]}
14:18:08 - DEBUG - API response was validated
14:18:08 - INFO - BEGIN (implicit)
14:18:08 - INFO - SELECT viewed.id AS viewed_id, viewed.vk_user_id AS viewed_vk_user_id, viewed.profile_vk_id AS viewed_profile_vk_id 
FROM viewed 
WHERE viewed.vk_user_id = %(vk_user_id_1)s AND viewed.profile_vk_id = %(profile_vk_id_1)s 
 LIMIT %(param_1)s
14:18:08 - INFO - [cached since 52.89s ago] {'vk_user_id_1': '311485261', 'profile_vk_id_1': '465635343', 'param_1': 1}
14:18:08 - INFO - INSERT INTO viewed (vk_user_id, profile_vk_id) VALUES (%(vk_user_id)s, %(profile_vk_id)s) RETURNING viewed.id
14:18:08 - INFO - [cached since 52.89s ago] {'vk_user_id': '311485261', 'profile_vk_id': '465635343'}
14:18:08 - INFO - COMMIT
14:18:11 - DEBUG - New event was received: {'ts': '121', 'updates': [{'group_id': 238429916, 'type': 'message_new', 'event_id': 'f399768dfbd25a058032da8a6b590f8ced7308e4', 'v': '5.199', 'object': {'client_info': {'button_actions': ['text', 'vkpay', 'open_app', 'location', 'open_link', 'open_photo', 'callback', 'intent_subscribe', 'intent_unsubscribe'], 'keyboard': True, 'inline_keyboard': True, 'carousel': True, 'lang_id': 0}, 'message': {'date': 1778584693, 'from_id': 311485261, 'id': 601, 'version': 10001963, 'out': 0, 'fwd_messages': [], 'important': False, 'is_hidden': False, 'attachments': [], 'conversation_message_id': 600, 'payload': '{"cmd":"dating_add_to_favourites"}', 'text': 'В избранное', 'peer_id': 311485261, 'random_id': 0}}}]}
14:18:11 - DEBUG - Making long request to get event with longpoll...
14:18:11 - DEBUG - Routing update {'group_id': 238429916, 'type': 'message_new', 'event_id': 'f399768dfbd25a058032da8a6b590f8ced7308e4', 'v': '5.199', 'object': {'client_info': {'button_actions': ['text', 'vkpay', 'open_app', 'location', 'open_link', 'open_photo', 'callback', 'intent_subscribe', 'intent_unsubscribe'], 'keyboard': True, 'inline_keyboard': True, 'carousel': True, 'lang_id': 0}, 'message': {'date': 1778584693, 'from_id': 311485261, 'id': 601, 'version': 10001963, 'out': 0, 'fwd_messages': [], 'important': False, 'is_hidden': False, 'attachments': [], 'conversation_message_id': 600, 'payload': '{"cmd":"dating_add_to_favourites"}', 'text': 'В избранное', 'peer_id': 311485261, 'random_id': 0}}}
14:18:11 - DEBUG - Handling event (message_new) with message view
14:18:11 - DEBUG - Casting state for peer_id 311485261
14:18:11 - DEBUG - Handler <FromFuncHandler greet_handler blocking=True rules=(<vkbottle.dispatch.rules.base.PeerRule>, <vkbottle.dispatch.rules.base.StateRule>)> returned False
14:18:11 - DEBUG - Handler <FromFuncHandler start_dating blocking=True rules=(<vkbottle.dispatch.rules.base.PeerRule>, <vkbottle.dispatch.rules.base.StateRule>, <vkbottle.dispatch.rules.base.PayloadRule>)> returned False
14:18:11 - DEBUG - Handler <FromFuncHandler next_dating blocking=True rules=(<vkbottle.dispatch.rules.base.PeerRule>, <vkbottle.dispatch.rules.base.StateRule>, <vkbottle.dispatch.rules.base.PayloadRule>)> returned False
14:18:11 - DEBUG - Handler <FromFuncHandler add_to_favourite blocking=True rules=(<vkbottle.dispatch.rules.base.PeerRule>, <vkbottle.dispatch.rules.base.StateRule>, <vkbottle.dispatch.rules.base.PayloadRule>)> returned {}
14:18:12 - DEBUG - https://api.vk.com:443 "POST /method/users.search HTTP/1.1" 200 306
14:18:12 - DEBUG - search user response: {'count': 11096371, 'items': [{'id': 709507615, 'bdate': '26.10.1974', 'city': {'id': 75, 'title': 'Курск'}, 'track_code': '18a7c536aSpV_UwpwLQUN1ODjaNlEavwW0SWY95LeGrBMOS_6xMOQ0SuQETA4UlnZgEyVLUVw_5dR5Zj0C0KAw', 'sex': 2, 'first_name': 'Александр', 'last_name': 'Хинштейн', 'can_access_closed': True, 'is_closed': False}]}
14:18:12 - DEBUG - search user item: {'id': 709507615, 'bdate': '26.10.1974', 'city': {'id': 75, 'title': 'Курск'}, 'track_code': '18a7c536aSpV_UwpwLQUN1ODjaNlEavwW0SWY95LeGrBMOS_6xMOQ0SuQETA4UlnZgEyVLUVw_5dR5Zj0C0KAw', 'sex': 2, 'first_name': 'Александр', 'last_name': 'Хинштейн', 'can_access_closed': True, 'is_closed': False}
14:18:12 - DEBUG - https://api.vk.com:443 "POST /method/photos.get HTTP/1.1" 200 1658
14:18:12 - DEBUG - get profile photos response: {'count': 8, 'items': [{'album_id': -6, 'date': 1652000081, 'id': 457240291, 'owner_id': 709507615, 'can_comment': 1, 'post_id': 5255, 'sizes': [{'height': 96, 'type': 's', 'width': 72, 'url': 'https://sun9-30.userapi.com/s/v1/ig2/bSIT0aOvWUVvFHZCRnZOoRurC8xVtGn0beEC9-0mejE9M_SWPsTbQrCmGYL4n54cT-Munz8Jn0fZRSfZ3kipGdi3.jpg?quality=95&as=32x43,48x64,72x96,108x144,160x213,240x320,360x480,480x640,540x721,640x854,720x961,1080x1441,1280x1708,1388x1852&from=bu&cs=72x0'}, {'height': 213, 'type': 'm', 'width': 160, 'url': 'https://sun9-30.userapi.com/s/v1/ig2/bSIT0aOvWUVvFHZCRnZOoRurC8xVtGn0beEC9-0mejE9M_SWPsTbQrCmGYL4n54cT-Munz8Jn0fZRSfZ3kipGdi3.jpg?quality=95&as=32x43,48x64,72x96,108x144,160x213,240x320,360x480,480x640,540x721,640x854,720x961,1080x1441,1280x1708,1388x1852&from=bu&cs=160x0'}, {'height': 854, 'type': 'x', 'width': 640, 'url': 'https://sun9-30.userapi.com/s/v1/ig2/bSIT0aOvWUVvFHZCRnZOoRurC8xVtGn0beEC9-0mejE9M_SWPsTbQrCmGYL4n54cT-Munz8Jn0fZRSfZ3kipGdi3.jpg?quality=95&as=32x43,48x64,72x96,108x144,160x213,240x320,360x480,480x640,540x721,640x854,720x961,1080x1441,1280x1708,1388x1852&from=bu&cs=640x0'}, {'height': 1441, 'type': 'y', 'width': 1080, 'url': 'https://sun9-30.userapi.com/s/v1/ig2/bSIT0aOvWUVvFHZCRnZOoRurC8xVtGn0beEC9-0mejE9M_SWPsTbQrCmGYL4n54cT-Munz8Jn0fZRSfZ3kipGdi3.jpg?quality=95&as=32x43,48x64,72x96,108x144,160x213,240x320,360x480,480x640,540x721,640x854,720x961,1080x1441,1280x1708,1388x1852&from=bu&cs=1080x0'}, {'height': 1708, 'type': 'z', 'width': 1280, 'url': 'https://sun9-30.userapi.com/s/v1/ig2/bSIT0aOvWUVvFHZCRnZOoRurC8xVtGn0beEC9-0mejE9M_SWPsTbQrCmGYL4n54cT-Munz8Jn0fZRSfZ3kipGdi3.jpg?quality=95&as=32x43,48x64,72x96,108x144,160x213,240x320,360x480,480x640,540x721,640x854,720x961,1080x1441,1280x1708,1388x1852&from=bu&cs=1280x0'}, {'height': 1852, 'type': 'w', 'width': 1388, 'url': 'https://sun9-30.userapi.com/s/v1/ig2/bSIT0aOvWUVvFHZCRnZOoRurC8xVtGn0beEC9-0mejE9M_SWPsTbQrCmGYL4n54cT-Munz8Jn0fZRSfZ3kipGdi3.jpg?quality=95&as=32x43,48x64,72x96,108x144,160x213,240x320,360x480,480x640,540x721,640x854,720x961,1080x1441,1280x1708,1388x1852&from=bu&cs=1388x0'}, {'height': 144, 'type': 'o', 'width': 108, 'url': 'https://sun9-30.userapi.com/s/v1/ig2/bSIT0aOvWUVvFHZCRnZOoRurC8xVtGn0beEC9-0mejE9M_SWPsTbQrCmGYL4n54cT-Munz8Jn0fZRSfZ3kipGdi3.jpg?quality=95&as=32x43,48x64,72x96,108x144,160x213,240x320,360x480,480x640,540x721,640x854,720x961,1080x1441,1280x1708,1388x1852&from=bu&cs=108x0'}, {'height': 320, 'type': 'p', 'width': 240, 'url': 'https://sun9-30.userapi.com/s/v1/ig2/bSIT0aOvWUVvFHZCRnZOoRurC8xVtGn0beEC9-0mejE9M_SWPsTbQrCmGYL4n54cT-Munz8Jn0fZRSfZ3kipGdi3.jpg?quality=95&as=32x43,48x64,72x96,108x144,160x213,240x320,360x480,480x640,540x721,640x854,720x961,1080x1441,1280x1708,1388x1852&from=bu&cs=240x0'}, {'height': 480, 'type': 'q', 'width': 360, 'url': 'https://sun9-30.userapi.com/s/v1/ig2/bSIT0aOvWUVvFHZCRnZOoRurC8xVtGn0beEC9-0mejE9M_SWPsTbQrCmGYL4n54cT-Munz8Jn0fZRSfZ3kipGdi3.jpg?quality=95&as=32x43,48x64,72x96,108x144,160x213,240x320,360x480,480x640,540x721,640x854,720x961,1080x1441,1280x1708,1388x1852&from=bu&cs=360x0'}, {'height': 721, 'type': 'r', 'width': 540, 'url': 'https://sun9-30.userapi.com/s/v1/ig2/bSIT0aOvWUVvFHZCRnZOoRurC8xVtGn0beEC9-0mejE9M_SWPsTbQrCmGYL4n54cT-Munz8Jn0fZRSfZ3kipGdi3.jpg?quality=95&as=32x43,48x64,72x96,108x144,160x213,240x320,360x480,480x640,540x721,640x854,720x961,1080x1441,1280x1708,1388x1852&from=bu&cs=540x0'}, {'height': 1852, 'type': 'base', 'width': 1388, 'url': 'https://sun9-30.userapi.com/s/v1/ig2/bSIT0aOvWUVvFHZCRnZOoRurC8xVtGn0beEC9-0mejE9M_SWPsTbQrCmGYL4n54cT-Munz8Jn0fZRSfZ3kipGdi3.jpg?quality=95&as=32x43,48x64,72x96,108x144,160x213,240x320,360x480,480x640,540x721,640x854,720x961,1080x1441,1280x1708,1388x1852&from=bu'}], 'square_crop': '0,0,1388', 'text': '', 'web_view_token': '1af3017802313d696b', 'likes': {'count': 113, 'user_likes': 0}, 'comments': {'count': 2}, 'reposts': {'count': 0}, 'tags': {'count': 0}, 'orig_photo': {'height': 1852, 'type': 'base', 'url': 'https://sun9-30.userapi.com/s/v1/ig2/bSIT0aOvWUVvFHZCRnZOoRurC8xVtGn0beEC9-0mejE9M_SWPsTbQrCmGYL4n54cT-Munz8Jn0fZRSfZ3kipGdi3.jpg?quality=95&as=32x43,48x64,72x96,108x144,160x213,240x320,360x480,480x640,540x721,640x854,720x961,1080x1441,1280x1708,1388x1852&from=bu', 'width': 1388}}, {'album_id': -6, 'date': 1683453810, 'id': 457242329, 'owner_id': 709507615, 'can_comment': 1, 'post_id': 46868, 'sizes': [{'height': 72, 'type': 's', 'width': 72, 'url': 'https://sun9-42.userapi.com/s/v1/ig2/lTVvgKdLF8D5M3nJ3DbTKweHXosuatLCTZIS8VPivqH2gpyzcnf0CwX7STtem3HSpwZbPlxnp-aulVaDcyl6yzQT.jpg?quality=95&as=32x32,48x48,72x72,108x108,160x160,240x240,360x360,480x480,540x540,640x640,720x720,1080x1080,1280x1280&from=bu&cs=72x0'}, {'height': 160, 'type': 'm', 'width': 160, 'url': 'https://sun9-42.userapi.com/s/v1/ig2/lTVvgKdLF8D5M3nJ3DbTKweHXosuatLCTZIS8VPivqH2gpyzcnf0CwX7STtem3HSpwZbPlxnp-aulVaDcyl6yzQT.jpg?quality=95&as=32x32,48x48,72x72,108x108,160x160,240x240,360x360,480x480,540x540,640x640,720x720,1080x1080,1280x1280&from=bu&cs=160x0'}, {'height': 640, 'type': 'x', 'width': 640, 'url': 'https://sun9-42.userapi.com/s/v1/ig2/lTVvgKdLF8D5M3nJ3DbTKweHXosuatLCTZIS8VPivqH2gpyzcnf0CwX7STtem3HSpwZbPlxnp-aulVaDcyl6yzQT.jpg?quality=95&as=32x32,48x48,72x72,108x108,160x160,240x240,360x360,480x480,540x540,640x640,720x720,1080x1080,1280x1280&from=bu&cs=640x0'}, {'height': 1080, 'type': 'y', 'width': 1080, 'url': 'https://sun9-42.userapi.com/s/v1/ig2/lTVvgKdLF8D5M3nJ3DbTKweHXosuatLCTZIS8VPivqH2gpyzcnf0CwX7STtem3HSpwZbPlxnp-aulVaDcyl6yzQT.jpg?quality=95&as=32x32,48x48,72x72,108x108,160x160,240x240,360x360,480x480,540x540,640x640,720x720,1080x1080,1280x1280&from=bu&cs=1080x0'}, {'height': 1280, 'type': 'z', 'width': 1280, 'url': 'https://sun9-42.userapi.com/s/v1/ig2/lTVvgKdLF8D5M3nJ3DbTKweHXosuatLCTZIS8VPivqH2gpyzcnf0CwX7STtem3HSpwZbPlxnp-aulVaDcyl6yzQT.jpg?quality=95&as=32x32,48x48,72x72,108x108,160x160,240x240,360x360,480x480,540x540,640x640,720x720,1080x1080,1280x1280&from=bu&cs=1280x0'}, {'height': 1280, 'type': 'w', 'width': 1280, 'url': 'https://sun9-42.userapi.com/s/v1/ig2/lTVvgKdLF8D5M3nJ3DbTKweHXosuatLCTZIS8VPivqH2gpyzcnf0CwX7STtem3HSpwZbPlxnp-aulVaDcyl6yzQT.jpg?quality=95&as=32x32,48x48,72x72,108x108,160x160,240x240,360x360,480x480,540x540,640x640,720x720,1080x1080,1280x1280&from=bu&cs=1280x0'}, {'height': 108, 'type': 'o', 'width': 108, 'url': 'https://sun9-42.userapi.com/s/v1/ig2/lTVvgKdLF8D5M3nJ3DbTKweHXosuatLCTZIS8VPivqH2gpyzcnf0CwX7STtem3HSpwZbPlxnp-aulVaDcyl6yzQT.jpg?quality=95&as=32x32,48x48,72x72,108x108,160x160,240x240,360x360,480x480,540x540,640x640,720x720,1080x1080,1280x1280&from=bu&cs=108x0'}, {'height': 240, 'type': 'p', 'width': 240, 'url': 'https://sun9-42.userapi.com/s/v1/ig2/lTVvgKdLF8D5M3nJ3DbTKweHXosuatLCTZIS8VPivqH2gpyzcnf0CwX7STtem3HSpwZbPlxnp-aulVaDcyl6yzQT.jpg?quality=95&as=32x32,48x48,72x72,108x108,160x160,240x240,360x360,480x480,540x540,640x640,720x720,1080x1080,1280x1280&from=bu&cs=240x0'}, {'height': 360, 'type': 'q', 'width': 360, 'url': 'https://sun9-42.userapi.com/s/v1/ig2/lTVvgKdLF8D5M3nJ3DbTKweHXosuatLCTZIS8VPivqH2gpyzcnf0CwX7STtem3HSpwZbPlxnp-aulVaDcyl6yzQT.jpg?quality=95&as=32x32,48x48,72x72,108x108,160x160,240x240,360x360,480x480,540x540,640x640,720x720,1080x1080,1280x1280&from=bu&cs=360x0'}, {'height': 540, 'type': 'r', 'width': 540, 'url': 'https://sun9-42.userapi.com/s/v1/ig2/lTVvgKdLF8D5M3nJ3DbTKweHXosuatLCTZIS8VPivqH2gpyzcnf0CwX7STtem3HSpwZbPlxnp-aulVaDcyl6yzQT.jpg?quality=95&as=32x32,48x48,72x72,108x108,160x160,240x240,360x360,480x480,540x540,640x640,720x720,1080x1080,1280x1280&from=bu&cs=540x0'}, {'height': 1280, 'type': 'base', 'width': 1280, 'url': 'https://sun9-42.userapi.com/s/v1/ig2/lTVvgKdLF8D5M3nJ3DbTKweHXosuatLCTZIS8VPivqH2gpyzcnf0CwX7STtem3HSpwZbPlxnp-aulVaDcyl6yzQT.jpg?quality=95&as=32x32,48x48,72x72,108x108,160x160,240x240,360x360,480x480,540x540,640x640,720x720,1080x1080,1280x1280&from=bu'}], 'square_crop': '2,0,1278', 'text': '', 'web_view_token': 'c4eacbf2b27fb0dc14', 'likes': {'count': 89, 'user_likes': 0}, 'comments': {'count': 2}, 'reposts': {'count': 0}, 'tags': {'count': 0}, 'orig_photo': {'height': 1280, 'type': 'base', 'url': 'https://sun9-42.userapi.com/s/v1/ig2/lTVvgKdLF8D5M3nJ3DbTKweHXosuatLCTZIS8VPivqH2gpyzcnf0CwX7STtem3HSpwZbPlxnp-aulVaDcyl6yzQT.jpg?quality=95&as=32x32,48x48,72x72,108x108,160x160,240x240,360x360,480x480,540x540,640x640,720x720,1080x1080,1280x1280&from=bu', 'width': 1280}}, {'album_id': -6, 'date': 1683748736, 'id': 457242371, 'owner_id': 709507615, 'can_comment': 1, 'sizes': [{'height': 50, 'type': 's', 'width': 72, 'url': 'https://sun9-2.userapi.com/s/v1/ig2/EPZpVgcHm-c1pCLFYLm_aYm-2jKncJopUdJVMRt5fRAxnoX7gOqEzGAE_ls7V1lNY-9chmDY6_T-g00-k4woPVeF.jpg?quality=95&as=32x22,48x33,72x50,108x75,160x111,240x167,360x250,480x334,540x375,640x445,720x500,1080x750,1124x781&from=bu&cs=72x0'}, {'height': 111, 'type': 'm', 'width': 160, 'url': 'https://sun9-2.userapi.com/s/v1/ig2/EPZpVgcHm-c1pCLFYLm_aYm-2jKncJopUdJVMRt5fRAxnoX7gOqEzGAE_ls7V1lNY-9chmDY6_T-g00-k4woPVeF.jpg?quality=95&as=32x22,48x33,72x50,108x75,160x111,240x167,360x250,480x334,540x375,640x445,720x500,1080x750,1124x781&from=bu&cs=160x0'}, {'height': 445, 'type': 'x', 'width': 640, 'url': 'https://sun9-2.userapi.com/s/v1/ig2/EPZpVgcHm-c1pCLFYLm_aYm-2jKncJopUdJVMRt5fRAxnoX7gOqEzGAE_ls7V1lNY-9chmDY6_T-g00-k4woPVeF.jpg?quality=95&as=32x22,48x33,72x50,108x75,160x111,240x167,360x250,480x334,540x375,640x445,720x500,1080x750,1124x781&from=bu&cs=640x0'}, {'height': 750, 'type': 'y', 'width': 1080, 'url': 'https://sun9-2.userapi.com/s/v1/ig2/EPZpVgcHm-c1pCLFYLm_aYm-2jKncJopUdJVMRt5fRAxnoX7gOqEzGAE_ls7V1lNY-9chmDY6_T-g00-k4woPVeF.jpg?quality=95&as=32x22,48x33,72x50,108x75,160x111,240x167,360x250,480x334,540x375,640x445,720x500,1080x750,1124x781&from=bu&cs=1080x0'}, {'height': 781, 'type': 'z', 'width': 1124, 'url': 'https://sun9-2.userapi.com/s/v1/ig2/EPZpVgcHm-c1pCLFYLm_aYm-2jKncJopUdJVMRt5fRAxnoX7gOqEzGAE_ls7V1lNY-9chmDY6_T-g00-k4woPVeF.jpg?quality=95&as=32x22,48x33,72x50,108x75,160x111,240x167,360x250,480x334,540x375,640x445,720x500,1080x750,1124x781&from=bu&cs=1124x0'}, {'height': 75, 'type': 'o', 'width': 108, 'url': 'https://sun9-2.userapi.com/s/v1/ig2/EPZpVgcHm-c1pCLFYLm_aYm-2jKncJopUdJVMRt5fRAxnoX7gOqEzGAE_ls7V1lNY-9chmDY6_T-g00-k4woPVeF.jpg?quality=95&as=32x22,48x33,72x50,108x75,160x111,240x167,360x250,480x334,540x375,640x445,720x500,1080x750,1124x781&from=bu&cs=108x0'}, {'height': 167, 'type': 'p', 'width': 240, 'url': 'https://sun9-2.userapi.com/s/v1/ig2/EPZpVgcHm-c1pCLFYLm_aYm-2jKncJopUdJVMRt5fRAxnoX7gOqEzGAE_ls7V1lNY-9chmDY6_T-g00-k4woPVeF.jpg?quality=95&as=32x22,48x33,72x50,108x75,160x111,240x167,360x250,480x334,540x375,640x445,720x500,1080x750,1124x781&from=bu&cs=240x0'}, {'height': 250, 'type': 'q', 'width': 360, 'url': 'https://sun9-2.userapi.com/s/v1/ig2/EPZpVgcHm-c1pCLFYLm_aYm-2jKncJopUdJVMRt5fRAxnoX7gOqEzGAE_ls7V1lNY-9chmDY6_T-g00-k4woPVeF.jpg?quality=95&as=32x22,48x33,72x50,108x75,160x111,240x167,360x250,480x334,540x375,640x445,720x500,1080x750,1124x781&from=bu&cs=360x0'}, {'height': 375, 'type': 'r', 'width': 540, 'url': 'https://sun9-2.userapi.com/s/v1/ig2/EPZpVgcHm-c1pCLFYLm_aYm-2jKncJopUdJVMRt5fRAxnoX7gOqEzGAE_ls7V1lNY-9chmDY6_T-g00-k4woPVeF.jpg?quality=95&as=32x22,48x33,72x50,108x75,160x111,240x167,360x250,480x334,540x375,640x445,720x500,1080x750,1124x781&from=bu&cs=540x0'}, {'height': 781, 'type': 'base', 'width': 1124, 'url': 'https://sun9-2.userapi.com/s/v1/ig2/EPZpVgcHm-c1pCLFYLm_aYm-2jKncJopUdJVMRt5fRAxnoX7gOqEzGAE_ls7V1lNY-9chmDY6_T-g00-k4woPVeF.jpg?quality=95&as=32x22,48x33,72x50,108x75,160x111,240x167,360x250,480x334,540x375,640x445,720x500,1080x750,1124x781&from=bu'}], 'square_crop': '146,0,781', 'text': '', 'web_view_token': '76233c849068502850', 'likes': {'count': 247, 'user_likes': 0}, 'comments': {'count': 19}, 'reposts': {'count': 1}, 'tags': {'count': 0}, 'orig_photo': {'height': 781, 'type': 'base', 'url': 'https://sun9-2.userapi.com/s/v1/ig2/EPZpVgcHm-c1pCLFYLm_aYm-2jKncJopUdJVMRt5fRAxnoX7gOqEzGAE_ls7V1lNY-9chmDY6_T-g00-k4woPVeF.jpg?quality=95&as=32x22,48x33,72x50,108x75,160x111,240x167,360x250,480x334,540x375,640x445,720x500,1080x750,1124x781&from=bu', 'width': 1124}}, {'album_id': -6, 'date': 1715165656, 'id': 457245344, 'owner_id': 709507615, 'can_comment': 1, 'post_id': 125043, 'sizes': [{'height': 72, 'type': 's', 'width': 72, 'url': 'https://sun9-14.userapi.com/s/v1/ig2/wmnku1KlbuQ5Y6iBAkzOMgP5CPZUxoe3Wllwthkliz3shvjMSGmHjpwmdpnoR7alaGcnLozFEJhD-V1EF8iwoqz4.jpg?quality=95&as=32x32,48x48,72x72,108x108,160x160,240x240,360x360,480x480,540x540,640x640,720x720,1000x1000&from=bu&cs=72x0'}, {'height': 160, 'type': 'm', 'width': 160, 'url': 'https://sun9-14.userapi.com/s/v1/ig2/wmnku1KlbuQ5Y6iBAkzOMgP5CPZUxoe3Wllwthkliz3shvjMSGmHjpwmdpnoR7alaGcnLozFEJhD-V1EF8iwoqz4.jpg?quality=95&as=32x32,48x48,72x72,108x108,160x160,240x240,360x360,480x480,540x540,640x640,720x720,1000x1000&from=bu&cs=160x0'}, {'height': 640, 'type': 'x', 'width': 640, 'url': 'https://sun9-14.userapi.com/s/v1/ig2/wmnku1KlbuQ5Y6iBAkzOMgP5CPZUxoe3Wllwthkliz3shvjMSGmHjpwmdpnoR7alaGcnLozFEJhD-V1EF8iwoqz4.jpg?quality=95&as=32x32,48x48,72x72,108x108,160x160,240x240,360x360,480x480,540x540,640x640,720x720,1000x1000&from=bu&cs=640x0'}, {'height': 1000, 'type': 'y', 'width': 1000, 'url': 'https://sun9-14.userapi.com/s/v1/ig2/wmnku1KlbuQ5Y6iBAkzOMgP5CPZUxoe3Wllwthkliz3shvjMSGmHjpwmdpnoR7alaGcnLozFEJhD-V1EF8iwoqz4.jpg?quality=95&as=32x32,48x48,72x72,108x108,160x160,240x240,360x360,480x480,540x540,640x640,720x720,1000x1000&from=bu&cs=1000x0'}, {'height': 108, 'type': 'o', 'width': 108, 'url': 'https://sun9-14.userapi.com/s/v1/ig2/wmnku1KlbuQ5Y6iBAkzOMgP5CPZUxoe3Wllwthkliz3shvjMSGmHjpwmdpnoR7alaGcnLozFEJhD-V1EF8iwoqz4.jpg?quality=95&as=32x32,48x48,72x72,108x108,160x160,240x240,360x360,480x480,540x540,640x640,720x720,1000x1000&from=bu&cs=108x0'}, {'height': 240, 'type': 'p', 'width': 240, 'url': 'https://sun9-14.userapi.com/s/v1/ig2/wmnku1KlbuQ5Y6iBAkzOMgP5CPZUxoe3Wllwthkliz3shvjMSGmHjpwmdpnoR7alaGcnLozFEJhD-V1EF8iwoqz4.jpg?quality=95&as=32x32,48x48,72x72,108x108,160x160,240x240,360x360,480x480,540x540,640x640,720x720,1000x1000&from=bu&cs=240x0'}, {'height': 360, 'type': 'q', 'width': 360, 'url': 'https://sun9-14.userapi.com/s/v1/ig2/wmnku1KlbuQ5Y6iBAkzOMgP5CPZUxoe3Wllwthkliz3shvjMSGmHjpwmdpnoR7alaGcnLozFEJhD-V1EF8iwoqz4.jpg?quality=95&as=32x32,48x48,72x72,108x108,160x160,240x240,360x360,480x480,540x540,640x640,720x720,1000x1000&from=bu&cs=360x0'}, {'height': 540, 'type': 'r', 'width': 540, 'url': 'https://sun9-14.userapi.com/s/v1/ig2/wmnku1KlbuQ5Y6iBAkzOMgP5CPZUxoe3Wllwthkliz3shvjMSGmHjpwmdpnoR7alaGcnLozFEJhD-V1EF8iwoqz4.jpg?quality=95&as=32x32,48x48,72x72,108x108,160x160,240x240,360x360,480x480,540x540,640x640,720x720,1000x1000&from=bu&cs=540x0'}, {'height': 1000, 'type': 'base', 'width': 1000, 'url': 'https://sun9-14.userapi.com/s/v1/ig2/wmnku1KlbuQ5Y6iBAkzOMgP5CPZUxoe3Wllwthkliz3shvjMSGmHjpwmdpnoR7alaGcnLozFEJhD-V1EF8iwoqz4.jpg?quality=95&as=32x32,48x48,72x72,108x108,160x160,240x240,360x360,480x480,540x540,640x640,720x720,1000x1000&from=bu'}], 'square_crop': '0,1,999', 'text': '', 'web_view_token': '0dfecd88f26d2726f6', 'likes': {'count': 182, 'user_likes': 0}, 'comments': {'count': 7}, 'reposts': {'count': 0}, 'tags': {'count': 0}, 'orig_photo': {'height': 1000, 'type': 'base', 'url': 'https://sun9-14.userapi.com/s/v1/ig2/wmnku1KlbuQ5Y6iBAkzOMgP5CPZUxoe3Wllwthkliz3shvjMSGmHjpwmdpnoR7alaGcnLozFEJhD-V1EF8iwoqz4.jpg?quality=95&as=32x32,48x48,72x72,108x108,160x160,240x240,360x360,480x480,540x540,640x640,720x720,1000x1000&from=bu', 'width': 1000}}, {'album_id': -6, 'date': 1715587710, 'id': 457245405, 'owner_id': 709507615, 'can_comment': 1, 'post_id': 126948, 'sizes': [{'height': 50, 'type': 's', 'width': 72, 'url': 'https://sun9-75.userapi.com/s/v1/ig2/RM9FAEIT3fOnRW0YqOQdc12eLlKJ4rD2uRkdH-3f0fD4kzgPbVLJ4kw5B0DGMgxrIEULdPYcAs8c4cjnPIlc3x2t.jpg?quality=95&as=32x22,48x33,72x50,108x75,160x111,240x167,360x250,480x334,540x375,640x445,720x500,1080x750,1124x781&from=bu&cs=72x0'}, {'height': 111, 'type': 'm', 'width': 160, 'url': 'https://sun9-75.userapi.com/s/v1/ig2/RM9FAEIT3fOnRW0YqOQdc12eLlKJ4rD2uRkdH-3f0fD4kzgPbVLJ4kw5B0DGMgxrIEULdPYcAs8c4cjnPIlc3x2t.jpg?quality=95&as=32x22,48x33,72x50,108x75,160x111,240x167,360x250,480x334,540x375,640x445,720x500,1080x750,1124x781&from=bu&cs=160x0'}, {'height': 445, 'type': 'x', 'width': 640, 'url': 'https://sun9-75.userapi.com/s/v1/ig2/RM9FAEIT3fOnRW0YqOQdc12eLlKJ4rD2uRkdH-3f0fD4kzgPbVLJ4kw5B0DGMgxrIEULdPYcAs8c4cjnPIlc3x2t.jpg?quality=95&as=32x22,48x33,72x50,108x75,160x111,240x167,360x250,480x334,540x375,640x445,720x500,1080x750,1124x781&from=bu&cs=640x0'}, {'height': 750, 'type': 'y', 'width': 1080, 'url': 'https://sun9-75.userapi.com/s/v1/ig2/RM9FAEIT3fOnRW0YqOQdc12eLlKJ4rD2uRkdH-3f0fD4kzgPbVLJ4kw5B0DGMgxrIEULdPYcAs8c4cjnPIlc3x2t.jpg?quality=95&as=32x22,48x33,72x50,108x75,160x111,240x167,360x250,480x334,540x375,640x445,720x500,1080x750,1124x781&from=bu&cs=1080x0'}, {'height': 781, 'type': 'z', 'width': 1124, 'url': 'https://sun9-75.userapi.com/s/v1/ig2/RM9FAEIT3fOnRW0YqOQdc12eLlKJ4rD2uRkdH-3f0fD4kzgPbVLJ4kw5B0DGMgxrIEULdPYcAs8c4cjnPIlc3x2t.jpg?quality=95&as=32x22,48x33,72x50,108x75,160x111,240x167,360x250,480x334,540x375,640x445,720x500,1080x750,1124x781&from=bu&cs=1124x0'}, {'height': 75, 'type': 'o', 'width': 108, 'url': 'https://sun9-75.userapi.com/s/v1/ig2/RM9FAEIT3fOnRW0YqOQdc12eLlKJ4rD2uRkdH-3f0fD4kzgPbVLJ4kw5B0DGMgxrIEULdPYcAs8c4cjnPIlc3x2t.jpg?quality=95&as=32x22,48x33,72x50,108x75,160x111,240x167,360x250,480x334,540x375,640x445,720x500,1080x750,1124x781&from=bu&cs=108x0'}, {'height': 167, 'type': 'p', 'width': 240, 'url': 'https://sun9-75.userapi.com/s/v1/ig2/RM9FAEIT3fOnRW0YqOQdc12eLlKJ4rD2uRkdH-3f0fD4kzgPbVLJ4kw5B0DGMgxrIEULdPYcAs8c4cjnPIlc3x2t.jpg?quality=95&as=32x22,48x33,72x50,108x75,160x111,240x167,360x250,480x334,540x375,640x445,720x500,1080x750,1124x781&from=bu&cs=240x0'}, {'height': 250, 'type': 'q', 'width': 360, 'url': 'https://sun9-75.userapi.com/s/v1/ig2/RM9FAEIT3fOnRW0YqOQdc12eLlKJ4rD2uRkdH-3f0fD4kzgPbVLJ4kw5B0DGMgxrIEULdPYcAs8c4cjnPIlc3x2t.jpg?quality=95&as=32x22,48x33,72x50,108x75,160x111,240x167,360x250,480x334,540x375,640x445,720x500,1080x750,1124x781&from=bu&cs=360x0'}, {'height': 375, 'type': 'r', 'width': 540, 'url': 'https://sun9-75.userapi.com/s/v1/ig2/RM9FAEIT3fOnRW0YqOQdc12eLlKJ4rD2uRkdH-3f0fD4kzgPbVLJ4kw5B0DGMgxrIEULdPYcAs8c4cjnPIlc3x2t.jpg?quality=95&as=32x22,48x33,72x50,108x75,160x111,240x167,360x250,480x334,540x375,640x445,720x500,1080x750,1124x781&from=bu&cs=540x0'}, {'height': 781, 'type': 'base', 'width': 1124, 'url': 'https://sun9-75.userapi.com/s/v1/ig2/RM9FAEIT3fOnRW0YqOQdc12eLlKJ4rD2uRkdH-3f0fD4kzgPbVLJ4kw5B0DGMgxrIEULdPYcAs8c4cjnPIlc3x2t.jpg?quality=95&as=32x22,48x33,72x50,108x75,160x111,240x167,360x250,480x334,540x375,640x445,720x500,1080x750,1124x781&from=bu'}], 'square_crop': '185,0,781', 'text': '', 'web_view_token': '85a48c19c74614dc0a', 'likes': {'count': 611, 'user_likes': 0}, 'comments': {'count': 25}, 'reposts': {'count': 0}, 'tags': {'count': 0}, 'orig_photo': {'height': 781, 'type': 'base', 'url': 'https://sun9-75.userapi.com/s/v1/ig2/RM9FAEIT3fOnRW0YqOQdc12eLlKJ4rD2uRkdH-3f0fD4kzgPbVLJ4kw5B0DGMgxrIEULdPYcAs8c4cjnPIlc3x2t.jpg?quality=95&as=32x22,48x33,72x50,108x75,160x111,240x167,360x250,480x334,540x375,640x445,720x500,1080x750,1124x781&from=bu', 'width': 1124}}], 'next_from': ''}
14:18:12 - DEBUG - profile photos: [{'album_id': -6, 'date': 1652000081, 'id': 457240291, 'owner_id': 709507615, 'can_comment': 1, 'post_id': 5255, 'sizes': [{'height': 96, 'type': 's', 'width': 72, 'url': 'https://sun9-30.userapi.com/s/v1/ig2/bSIT0aOvWUVvFHZCRnZOoRurC8xVtGn0beEC9-0mejE9M_SWPsTbQrCmGYL4n54cT-Munz8Jn0fZRSfZ3kipGdi3.jpg?quality=95&as=32x43,48x64,72x96,108x144,160x213,240x320,360x480,480x640,540x721,640x854,720x961,1080x1441,1280x1708,1388x1852&from=bu&cs=72x0'}, {'height': 213, 'type': 'm', 'width': 160, 'url': 'https://sun9-30.userapi.com/s/v1/ig2/bSIT0aOvWUVvFHZCRnZOoRurC8xVtGn0beEC9-0mejE9M_SWPsTbQrCmGYL4n54cT-Munz8Jn0fZRSfZ3kipGdi3.jpg?quality=95&as=32x43,48x64,72x96,108x144,160x213,240x320,360x480,480x640,540x721,640x854,720x961,1080x1441,1280x1708,1388x1852&from=bu&cs=160x0'}, {'height': 854, 'type': 'x', 'width': 640, 'url': 'https://sun9-30.userapi.com/s/v1/ig2/bSIT0aOvWUVvFHZCRnZOoRurC8xVtGn0beEC9-0mejE9M_SWPsTbQrCmGYL4n54cT-Munz8Jn0fZRSfZ3kipGdi3.jpg?quality=95&as=32x43,48x64,72x96,108x144,160x213,240x320,360x480,480x640,540x721,640x854,720x961,1080x1441,1280x1708,1388x1852&from=bu&cs=640x0'}, {'height': 1441, 'type': 'y', 'width': 1080, 'url': 'https://sun9-30.userapi.com/s/v1/ig2/bSIT0aOvWUVvFHZCRnZOoRurC8xVtGn0beEC9-0mejE9M_SWPsTbQrCmGYL4n54cT-Munz8Jn0fZRSfZ3kipGdi3.jpg?quality=95&as=32x43,48x64,72x96,108x144,160x213,240x320,360x480,480x640,540x721,640x854,720x961,1080x1441,1280x1708,1388x1852&from=bu&cs=1080x0'}, {'height': 1708, 'type': 'z', 'width': 1280, 'url': 'https://sun9-30.userapi.com/s/v1/ig2/bSIT0aOvWUVvFHZCRnZOoRurC8xVtGn0beEC9-0mejE9M_SWPsTbQrCmGYL4n54cT-Munz8Jn0fZRSfZ3kipGdi3.jpg?quality=95&as=32x43,48x64,72x96,108x144,160x213,240x320,360x480,480x640,540x721,640x854,720x961,1080x1441,1280x1708,1388x1852&from=bu&cs=1280x0'}, {'height': 1852, 'type': 'w', 'width': 1388, 'url': 'https://sun9-30.userapi.com/s/v1/ig2/bSIT0aOvWUVvFHZCRnZOoRurC8xVtGn0beEC9-0mejE9M_SWPsTbQrCmGYL4n54cT-Munz8Jn0fZRSfZ3kipGdi3.jpg?quality=95&as=32x43,48x64,72x96,108x144,160x213,240x320,360x480,480x640,540x721,640x854,720x961,1080x1441,1280x1708,1388x1852&from=bu&cs=1388x0'}, {'height': 144, 'type': 'o', 'width': 108, 'url': 'https://sun9-30.userapi.com/s/v1/ig2/bSIT0aOvWUVvFHZCRnZOoRurC8xVtGn0beEC9-0mejE9M_SWPsTbQrCmGYL4n54cT-Munz8Jn0fZRSfZ3kipGdi3.jpg?quality=95&as=32x43,48x64,72x96,108x144,160x213,240x320,360x480,480x640,540x721,640x854,720x961,1080x1441,1280x1708,1388x1852&from=bu&cs=108x0'}, {'height': 320, 'type': 'p', 'width': 240, 'url': 'https://sun9-30.userapi.com/s/v1/ig2/bSIT0aOvWUVvFHZCRnZOoRurC8xVtGn0beEC9-0mejE9M_SWPsTbQrCmGYL4n54cT-Munz8Jn0fZRSfZ3kipGdi3.jpg?quality=95&as=32x43,48x64,72x96,108x144,160x213,240x320,360x480,480x640,540x721,640x854,720x961,1080x1441,1280x1708,1388x1852&from=bu&cs=240x0'}, {'height': 480, 'type': 'q', 'width': 360, 'url': 'https://sun9-30.userapi.com/s/v1/ig2/bSIT0aOvWUVvFHZCRnZOoRurC8xVtGn0beEC9-0mejE9M_SWPsTbQrCmGYL4n54cT-Munz8Jn0fZRSfZ3kipGdi3.jpg?quality=95&as=32x43,48x64,72x96,108x144,160x213,240x320,360x480,480x640,540x721,640x854,720x961,1080x1441,1280x1708,1388x1852&from=bu&cs=360x0'}, {'height': 721, 'type': 'r', 'width': 540, 'url': 'https://sun9-30.userapi.com/s/v1/ig2/bSIT0aOvWUVvFHZCRnZOoRurC8xVtGn0beEC9-0mejE9M_SWPsTbQrCmGYL4n54cT-Munz8Jn0fZRSfZ3kipGdi3.jpg?quality=95&as=32x43,48x64,72x96,108x144,160x213,240x320,360x480,480x640,540x721,640x854,720x961,1080x1441,1280x1708,1388x1852&from=bu&cs=540x0'}, {'height': 1852, 'type': 'base', 'width': 1388, 'url': 'https://sun9-30.userapi.com/s/v1/ig2/bSIT0aOvWUVvFHZCRnZOoRurC8xVtGn0beEC9-0mejE9M_SWPsTbQrCmGYL4n54cT-Munz8Jn0fZRSfZ3kipGdi3.jpg?quality=95&as=32x43,48x64,72x96,108x144,160x213,240x320,360x480,480x640,540x721,640x854,720x961,1080x1441,1280x1708,1388x1852&from=bu'}], 'square_crop': '0,0,1388', 'text': '', 'web_view_token': '1af3017802313d696b', 'likes': {'count': 113, 'user_likes': 0}, 'comments': {'count': 2}, 'reposts': {'count': 0}, 'tags': {'count': 0}, 'orig_photo': {'height': 1852, 'type': 'base', 'url': 'https://sun9-30.userapi.com/s/v1/ig2/bSIT0aOvWUVvFHZCRnZOoRurC8xVtGn0beEC9-0mejE9M_SWPsTbQrCmGYL4n54cT-Munz8Jn0fZRSfZ3kipGdi3.jpg?quality=95&as=32x43,48x64,72x96,108x144,160x213,240x320,360x480,480x640,540x721,640x854,720x961,1080x1441,1280x1708,1388x1852&from=bu', 'width': 1388}}, {'album_id': -6, 'date': 1683453810, 'id': 457242329, 'owner_id': 709507615, 'can_comment': 1, 'post_id': 46868, 'sizes': [{'height': 72, 'type': 's', 'width': 72, 'url': 'https://sun9-42.userapi.com/s/v1/ig2/lTVvgKdLF8D5M3nJ3DbTKweHXosuatLCTZIS8VPivqH2gpyzcnf0CwX7STtem3HSpwZbPlxnp-aulVaDcyl6yzQT.jpg?quality=95&as=32x32,48x48,72x72,108x108,160x160,240x240,360x360,480x480,540x540,640x640,720x720,1080x1080,1280x1280&from=bu&cs=72x0'}, {'height': 160, 'type': 'm', 'width': 160, 'url': 'https://sun9-42.userapi.com/s/v1/ig2/lTVvgKdLF8D5M3nJ3DbTKweHXosuatLCTZIS8VPivqH2gpyzcnf0CwX7STtem3HSpwZbPlxnp-aulVaDcyl6yzQT.jpg?quality=95&as=32x32,48x48,72x72,108x108,160x160,240x240,360x360,480x480,540x540,640x640,720x720,1080x1080,1280x1280&from=bu&cs=160x0'}, {'height': 640, 'type': 'x', 'width': 640, 'url': 'https://sun9-42.userapi.com/s/v1/ig2/lTVvgKdLF8D5M3nJ3DbTKweHXosuatLCTZIS8VPivqH2gpyzcnf0CwX7STtem3HSpwZbPlxnp-aulVaDcyl6yzQT.jpg?quality=95&as=32x32,48x48,72x72,108x108,160x160,240x240,360x360,480x480,540x540,640x640,720x720,1080x1080,1280x1280&from=bu&cs=640x0'}, {'height': 1080, 'type': 'y', 'width': 1080, 'url': 'https://sun9-42.userapi.com/s/v1/ig2/lTVvgKdLF8D5M3nJ3DbTKweHXosuatLCTZIS8VPivqH2gpyzcnf0CwX7STtem3HSpwZbPlxnp-aulVaDcyl6yzQT.jpg?quality=95&as=32x32,48x48,72x72,108x108,160x160,240x240,360x360,480x480,540x540,640x640,720x720,1080x1080,1280x1280&from=bu&cs=1080x0'}, {'height': 1280, 'type': 'z', 'width': 1280, 'url': 'https://sun9-42.userapi.com/s/v1/ig2/lTVvgKdLF8D5M3nJ3DbTKweHXosuatLCTZIS8VPivqH2gpyzcnf0CwX7STtem3HSpwZbPlxnp-aulVaDcyl6yzQT.jpg?quality=95&as=32x32,48x48,72x72,108x108,160x160,240x240,360x360,480x480,540x540,640x640,720x720,1080x1080,1280x1280&from=bu&cs=1280x0'}, {'height': 1280, 'type': 'w', 'width': 1280, 'url': 'https://sun9-42.userapi.com/s/v1/ig2/lTVvgKdLF8D5M3nJ3DbTKweHXosuatLCTZIS8VPivqH2gpyzcnf0CwX7STtem3HSpwZbPlxnp-aulVaDcyl6yzQT.jpg?quality=95&as=32x32,48x48,72x72,108x108,160x160,240x240,360x360,480x480,540x540,640x640,720x720,1080x1080,1280x1280&from=bu&cs=1280x0'}, {'height': 108, 'type': 'o', 'width': 108, 'url': 'https://sun9-42.userapi.com/s/v1/ig2/lTVvgKdLF8D5M3nJ3DbTKweHXosuatLCTZIS8VPivqH2gpyzcnf0CwX7STtem3HSpwZbPlxnp-aulVaDcyl6yzQT.jpg?quality=95&as=32x32,48x48,72x72,108x108,160x160,240x240,360x360,480x480,540x540,640x640,720x720,1080x1080,1280x1280&from=bu&cs=108x0'}, {'height': 240, 'type': 'p', 'width': 240, 'url': 'https://sun9-42.userapi.com/s/v1/ig2/lTVvgKdLF8D5M3nJ3DbTKweHXosuatLCTZIS8VPivqH2gpyzcnf0CwX7STtem3HSpwZbPlxnp-aulVaDcyl6yzQT.jpg?quality=95&as=32x32,48x48,72x72,108x108,160x160,240x240,360x360,480x480,540x540,640x640,720x720,1080x1080,1280x1280&from=bu&cs=240x0'}, {'height': 360, 'type': 'q', 'width': 360, 'url': 'https://sun9-42.userapi.com/s/v1/ig2/lTVvgKdLF8D5M3nJ3DbTKweHXosuatLCTZIS8VPivqH2gpyzcnf0CwX7STtem3HSpwZbPlxnp-aulVaDcyl6yzQT.jpg?quality=95&as=32x32,48x48,72x72,108x108,160x160,240x240,360x360,480x480,540x540,640x640,720x720,1080x1080,1280x1280&from=bu&cs=360x0'}, {'height': 540, 'type': 'r', 'width': 540, 'url': 'https://sun9-42.userapi.com/s/v1/ig2/lTVvgKdLF8D5M3nJ3DbTKweHXosuatLCTZIS8VPivqH2gpyzcnf0CwX7STtem3HSpwZbPlxnp-aulVaDcyl6yzQT.jpg?quality=95&as=32x32,48x48,72x72,108x108,160x160,240x240,360x360,480x480,540x540,640x640,720x720,1080x1080,1280x1280&from=bu&cs=540x0'}, {'height': 1280, 'type': 'base', 'width': 1280, 'url': 'https://sun9-42.userapi.com/s/v1/ig2/lTVvgKdLF8D5M3nJ3DbTKweHXosuatLCTZIS8VPivqH2gpyzcnf0CwX7STtem3HSpwZbPlxnp-aulVaDcyl6yzQT.jpg?quality=95&as=32x32,48x48,72x72,108x108,160x160,240x240,360x360,480x480,540x540,640x640,720x720,1080x1080,1280x1280&from=bu'}], 'square_crop': '2,0,1278', 'text': '', 'web_view_token': 'c4eacbf2b27fb0dc14', 'likes': {'count': 89, 'user_likes': 0}, 'comments': {'count': 2}, 'reposts': {'count': 0}, 'tags': {'count': 0}, 'orig_photo': {'height': 1280, 'type': 'base', 'url': 'https://sun9-42.userapi.com/s/v1/ig2/lTVvgKdLF8D5M3nJ3DbTKweHXosuatLCTZIS8VPivqH2gpyzcnf0CwX7STtem3HSpwZbPlxnp-aulVaDcyl6yzQT.jpg?quality=95&as=32x32,48x48,72x72,108x108,160x160,240x240,360x360,480x480,540x540,640x640,720x720,1080x1080,1280x1280&from=bu', 'width': 1280}}, {'album_id': -6, 'date': 1683748736, 'id': 457242371, 'owner_id': 709507615, 'can_comment': 1, 'sizes': [{'height': 50, 'type': 's', 'width': 72, 'url': 'https://sun9-2.userapi.com/s/v1/ig2/EPZpVgcHm-c1pCLFYLm_aYm-2jKncJopUdJVMRt5fRAxnoX7gOqEzGAE_ls7V1lNY-9chmDY6_T-g00-k4woPVeF.jpg?quality=95&as=32x22,48x33,72x50,108x75,160x111,240x167,360x250,480x334,540x375,640x445,720x500,1080x750,1124x781&from=bu&cs=72x0'}, {'height': 111, 'type': 'm', 'width': 160, 'url': 'https://sun9-2.userapi.com/s/v1/ig2/EPZpVgcHm-c1pCLFYLm_aYm-2jKncJopUdJVMRt5fRAxnoX7gOqEzGAE_ls7V1lNY-9chmDY6_T-g00-k4woPVeF.jpg?quality=95&as=32x22,48x33,72x50,108x75,160x111,240x167,360x250,480x334,540x375,640x445,720x500,1080x750,1124x781&from=bu&cs=160x0'}, {'height': 445, 'type': 'x', 'width': 640, 'url': 'https://sun9-2.userapi.com/s/v1/ig2/EPZpVgcHm-c1pCLFYLm_aYm-2jKncJopUdJVMRt5fRAxnoX7gOqEzGAE_ls7V1lNY-9chmDY6_T-g00-k4woPVeF.jpg?quality=95&as=32x22,48x33,72x50,108x75,160x111,240x167,360x250,480x334,540x375,640x445,720x500,1080x750,1124x781&from=bu&cs=640x0'}, {'height': 750, 'type': 'y', 'width': 1080, 'url': 'https://sun9-2.userapi.com/s/v1/ig2/EPZpVgcHm-c1pCLFYLm_aYm-2jKncJopUdJVMRt5fRAxnoX7gOqEzGAE_ls7V1lNY-9chmDY6_T-g00-k4woPVeF.jpg?quality=95&as=32x22,48x33,72x50,108x75,160x111,240x167,360x250,480x334,540x375,640x445,720x500,1080x750,1124x781&from=bu&cs=1080x0'}, {'height': 781, 'type': 'z', 'width': 1124, 'url': 'https://sun9-2.userapi.com/s/v1/ig2/EPZpVgcHm-c1pCLFYLm_aYm-2jKncJopUdJVMRt5fRAxnoX7gOqEzGAE_ls7V1lNY-9chmDY6_T-g00-k4woPVeF.jpg?quality=95&as=32x22,48x33,72x50,108x75,160x111,240x167,360x250,480x334,540x375,640x445,720x500,1080x750,1124x781&from=bu&cs=1124x0'}, {'height': 75, 'type': 'o', 'width': 108, 'url': 'https://sun9-2.userapi.com/s/v1/ig2/EPZpVgcHm-c1pCLFYLm_aYm-2jKncJopUdJVMRt5fRAxnoX7gOqEzGAE_ls7V1lNY-9chmDY6_T-g00-k4woPVeF.jpg?quality=95&as=32x22,48x33,72x50,108x75,160x111,240x167,360x250,480x334,540x375,640x445,720x500,1080x750,1124x781&from=bu&cs=108x0'}, {'height': 167, 'type': 'p', 'width': 240, 'url': 'https://sun9-2.userapi.com/s/v1/ig2/EPZpVgcHm-c1pCLFYLm_aYm-2jKncJopUdJVMRt5fRAxnoX7gOqEzGAE_ls7V1lNY-9chmDY6_T-g00-k4woPVeF.jpg?quality=95&as=32x22,48x33,72x50,108x75,160x111,240x167,360x250,480x334,540x375,640x445,720x500,1080x750,1124x781&from=bu&cs=240x0'}, {'height': 250, 'type': 'q', 'width': 360, 'url': 'https://sun9-2.userapi.com/s/v1/ig2/EPZpVgcHm-c1pCLFYLm_aYm-2jKncJopUdJVMRt5fRAxnoX7gOqEzGAE_ls7V1lNY-9chmDY6_T-g00-k4woPVeF.jpg?quality=95&as=32x22,48x33,72x50,108x75,160x111,240x167,360x250,480x334,540x375,640x445,720x500,1080x750,1124x781&from=bu&cs=360x0'}, {'height': 375, 'type': 'r', 'width': 540, 'url': 'https://sun9-2.userapi.com/s/v1/ig2/EPZpVgcHm-c1pCLFYLm_aYm-2jKncJopUdJVMRt5fRAxnoX7gOqEzGAE_ls7V1lNY-9chmDY6_T-g00-k4woPVeF.jpg?quality=95&as=32x22,48x33,72x50,108x75,160x111,240x167,360x250,480x334,540x375,640x445,720x500,1080x750,1124x781&from=bu&cs=540x0'}, {'height': 781, 'type': 'base', 'width': 1124, 'url': 'https://sun9-2.userapi.com/s/v1/ig2/EPZpVgcHm-c1pCLFYLm_aYm-2jKncJopUdJVMRt5fRAxnoX7gOqEzGAE_ls7V1lNY-9chmDY6_T-g00-k4woPVeF.jpg?quality=95&as=32x22,48x33,72x50,108x75,160x111,240x167,360x250,480x334,540x375,640x445,720x500,1080x750,1124x781&from=bu'}], 'square_crop': '146,0,781', 'text': '', 'web_view_token': '76233c849068502850', 'likes': {'count': 247, 'user_likes': 0}, 'comments': {'count': 19}, 'reposts': {'count': 1}, 'tags': {'count': 0}, 'orig_photo': {'height': 781, 'type': 'base', 'url': 'https://sun9-2.userapi.com/s/v1/ig2/EPZpVgcHm-c1pCLFYLm_aYm-2jKncJopUdJVMRt5fRAxnoX7gOqEzGAE_ls7V1lNY-9chmDY6_T-g00-k4woPVeF.jpg?quality=95&as=32x22,48x33,72x50,108x75,160x111,240x167,360x250,480x334,540x375,640x445,720x500,1080x750,1124x781&from=bu', 'width': 1124}}, {'album_id': -6, 'date': 1715165656, 'id': 457245344, 'owner_id': 709507615, 'can_comment': 1, 'post_id': 125043, 'sizes': [{'height': 72, 'type': 's', 'width': 72, 'url': 'https://sun9-14.userapi.com/s/v1/ig2/wmnku1KlbuQ5Y6iBAkzOMgP5CPZUxoe3Wllwthkliz3shvjMSGmHjpwmdpnoR7alaGcnLozFEJhD-V1EF8iwoqz4.jpg?quality=95&as=32x32,48x48,72x72,108x108,160x160,240x240,360x360,480x480,540x540,640x640,720x720,1000x1000&from=bu&cs=72x0'}, {'height': 160, 'type': 'm', 'width': 160, 'url': 'https://sun9-14.userapi.com/s/v1/ig2/wmnku1KlbuQ5Y6iBAkzOMgP5CPZUxoe3Wllwthkliz3shvjMSGmHjpwmdpnoR7alaGcnLozFEJhD-V1EF8iwoqz4.jpg?quality=95&as=32x32,48x48,72x72,108x108,160x160,240x240,360x360,480x480,540x540,640x640,720x720,1000x1000&from=bu&cs=160x0'}, {'height': 640, 'type': 'x', 'width': 640, 'url': 'https://sun9-14.userapi.com/s/v1/ig2/wmnku1KlbuQ5Y6iBAkzOMgP5CPZUxoe3Wllwthkliz3shvjMSGmHjpwmdpnoR7alaGcnLozFEJhD-V1EF8iwoqz4.jpg?quality=95&as=32x32,48x48,72x72,108x108,160x160,240x240,360x360,480x480,540x540,640x640,720x720,1000x1000&from=bu&cs=640x0'}, {'height': 1000, 'type': 'y', 'width': 1000, 'url': 'https://sun9-14.userapi.com/s/v1/ig2/wmnku1KlbuQ5Y6iBAkzOMgP5CPZUxoe3Wllwthkliz3shvjMSGmHjpwmdpnoR7alaGcnLozFEJhD-V1EF8iwoqz4.jpg?quality=95&as=32x32,48x48,72x72,108x108,160x160,240x240,360x360,480x480,540x540,640x640,720x720,1000x1000&from=bu&cs=1000x0'}, {'height': 108, 'type': 'o', 'width': 108, 'url': 'https://sun9-14.userapi.com/s/v1/ig2/wmnku1KlbuQ5Y6iBAkzOMgP5CPZUxoe3Wllwthkliz3shvjMSGmHjpwmdpnoR7alaGcnLozFEJhD-V1EF8iwoqz4.jpg?quality=95&as=32x32,48x48,72x72,108x108,160x160,240x240,360x360,480x480,540x540,640x640,720x720,1000x1000&from=bu&cs=108x0'}, {'height': 240, 'type': 'p', 'width': 240, 'url': 'https://sun9-14.userapi.com/s/v1/ig2/wmnku1KlbuQ5Y6iBAkzOMgP5CPZUxoe3Wllwthkliz3shvjMSGmHjpwmdpnoR7alaGcnLozFEJhD-V1EF8iwoqz4.jpg?quality=95&as=32x32,48x48,72x72,108x108,160x160,240x240,360x360,480x480,540x540,640x640,720x720,1000x1000&from=bu&cs=240x0'}, {'height': 360, 'type': 'q', 'width': 360, 'url': 'https://sun9-14.userapi.com/s/v1/ig2/wmnku1KlbuQ5Y6iBAkzOMgP5CPZUxoe3Wllwthkliz3shvjMSGmHjpwmdpnoR7alaGcnLozFEJhD-V1EF8iwoqz4.jpg?quality=95&as=32x32,48x48,72x72,108x108,160x160,240x240,360x360,480x480,540x540,640x640,720x720,1000x1000&from=bu&cs=360x0'}, {'height': 540, 'type': 'r', 'width': 540, 'url': 'https://sun9-14.userapi.com/s/v1/ig2/wmnku1KlbuQ5Y6iBAkzOMgP5CPZUxoe3Wllwthkliz3shvjMSGmHjpwmdpnoR7alaGcnLozFEJhD-V1EF8iwoqz4.jpg?quality=95&as=32x32,48x48,72x72,108x108,160x160,240x240,360x360,480x480,540x540,640x640,720x720,1000x1000&from=bu&cs=540x0'}, {'height': 1000, 'type': 'base', 'width': 1000, 'url': 'https://sun9-14.userapi.com/s/v1/ig2/wmnku1KlbuQ5Y6iBAkzOMgP5CPZUxoe3Wllwthkliz3shvjMSGmHjpwmdpnoR7alaGcnLozFEJhD-V1EF8iwoqz4.jpg?quality=95&as=32x32,48x48,72x72,108x108,160x160,240x240,360x360,480x480,540x540,640x640,720x720,1000x1000&from=bu'}], 'square_crop': '0,1,999', 'text': '', 'web_view_token': '0dfecd88f26d2726f6', 'likes': {'count': 182, 'user_likes': 0}, 'comments': {'count': 7}, 'reposts': {'count': 0}, 'tags': {'count': 0}, 'orig_photo': {'height': 1000, 'type': 'base', 'url': 'https://sun9-14.userapi.com/s/v1/ig2/wmnku1KlbuQ5Y6iBAkzOMgP5CPZUxoe3Wllwthkliz3shvjMSGmHjpwmdpnoR7alaGcnLozFEJhD-V1EF8iwoqz4.jpg?quality=95&as=32x32,48x48,72x72,108x108,160x160,240x240,360x360,480x480,540x540,640x640,720x720,1000x1000&from=bu', 'width': 1000}}, {'album_id': -6, 'date': 1715587710, 'id': 457245405, 'owner_id': 709507615, 'can_comment': 1, 'post_id': 126948, 'sizes': [{'height': 50, 'type': 's', 'width': 72, 'url': 'https://sun9-75.userapi.com/s/v1/ig2/RM9FAEIT3fOnRW0YqOQdc12eLlKJ4rD2uRkdH-3f0fD4kzgPbVLJ4kw5B0DGMgxrIEULdPYcAs8c4cjnPIlc3x2t.jpg?quality=95&as=32x22,48x33,72x50,108x75,160x111,240x167,360x250,480x334,540x375,640x445,720x500,1080x750,1124x781&from=bu&cs=72x0'}, {'height': 111, 'type': 'm', 'width': 160, 'url': 'https://sun9-75.userapi.com/s/v1/ig2/RM9FAEIT3fOnRW0YqOQdc12eLlKJ4rD2uRkdH-3f0fD4kzgPbVLJ4kw5B0DGMgxrIEULdPYcAs8c4cjnPIlc3x2t.jpg?quality=95&as=32x22,48x33,72x50,108x75,160x111,240x167,360x250,480x334,540x375,640x445,720x500,1080x750,1124x781&from=bu&cs=160x0'}, {'height': 445, 'type': 'x', 'width': 640, 'url': 'https://sun9-75.userapi.com/s/v1/ig2/RM9FAEIT3fOnRW0YqOQdc12eLlKJ4rD2uRkdH-3f0fD4kzgPbVLJ4kw5B0DGMgxrIEULdPYcAs8c4cjnPIlc3x2t.jpg?quality=95&as=32x22,48x33,72x50,108x75,160x111,240x167,360x250,480x334,540x375,640x445,720x500,1080x750,1124x781&from=bu&cs=640x0'}, {'height': 750, 'type': 'y', 'width': 1080, 'url': 'https://sun9-75.userapi.com/s/v1/ig2/RM9FAEIT3fOnRW0YqOQdc12eLlKJ4rD2uRkdH-3f0fD4kzgPbVLJ4kw5B0DGMgxrIEULdPYcAs8c4cjnPIlc3x2t.jpg?quality=95&as=32x22,48x33,72x50,108x75,160x111,240x167,360x250,480x334,540x375,640x445,720x500,1080x750,1124x781&from=bu&cs=1080x0'}, {'height': 781, 'type': 'z', 'width': 1124, 'url': 'https://sun9-75.userapi.com/s/v1/ig2/RM9FAEIT3fOnRW0YqOQdc12eLlKJ4rD2uRkdH-3f0fD4kzgPbVLJ4kw5B0DGMgxrIEULdPYcAs8c4cjnPIlc3x2t.jpg?quality=95&as=32x22,48x33,72x50,108x75,160x111,240x167,360x250,480x334,540x375,640x445,720x500,1080x750,1124x781&from=bu&cs=1124x0'}, {'height': 75, 'type': 'o', 'width': 108, 'url': 'https://sun9-75.userapi.com/s/v1/ig2/RM9FAEIT3fOnRW0YqOQdc12eLlKJ4rD2uRkdH-3f0fD4kzgPbVLJ4kw5B0DGMgxrIEULdPYcAs8c4cjnPIlc3x2t.jpg?quality=95&as=32x22,48x33,72x50,108x75,160x111,240x167,360x250,480x334,540x375,640x445,720x500,1080x750,1124x781&from=bu&cs=108x0'}, {'height': 167, 'type': 'p', 'width': 240, 'url': 'https://sun9-75.userapi.com/s/v1/ig2/RM9FAEIT3fOnRW0YqOQdc12eLlKJ4rD2uRkdH-3f0fD4kzgPbVLJ4kw5B0DGMgxrIEULdPYcAs8c4cjnPIlc3x2t.jpg?quality=95&as=32x22,48x33,72x50,108x75,160x111,240x167,360x250,480x334,540x375,640x445,720x500,1080x750,1124x781&from=bu&cs=240x0'}, {'height': 250, 'type': 'q', 'width': 360, 'url': 'https://sun9-75.userapi.com/s/v1/ig2/RM9FAEIT3fOnRW0YqOQdc12eLlKJ4rD2uRkdH-3f0fD4kzgPbVLJ4kw5B0DGMgxrIEULdPYcAs8c4cjnPIlc3x2t.jpg?quality=95&as=32x22,48x33,72x50,108x75,160x111,240x167,360x250,480x334,540x375,640x445,720x500,1080x750,1124x781&from=bu&cs=360x0'}, {'height': 375, 'type': 'r', 'width': 540, 'url': 'https://sun9-75.userapi.com/s/v1/ig2/RM9FAEIT3fOnRW0YqOQdc12eLlKJ4rD2uRkdH-3f0fD4kzgPbVLJ4kw5B0DGMgxrIEULdPYcAs8c4cjnPIlc3x2t.jpg?quality=95&as=32x22,48x33,72x50,108x75,160x111,240x167,360x250,480x334,540x375,640x445,720x500,1080x750,1124x781&from=bu&cs=540x0'}, {'height': 781, 'type': 'base', 'width': 1124, 'url': 'https://sun9-75.userapi.com/s/v1/ig2/RM9FAEIT3fOnRW0YqOQdc12eLlKJ4rD2uRkdH-3f0fD4kzgPbVLJ4kw5B0DGMgxrIEULdPYcAs8c4cjnPIlc3x2t.jpg?quality=95&as=32x22,48x33,72x50,108x75,160x111,240x167,360x250,480x334,540x375,640x445,720x500,1080x750,1124x781&from=bu'}], 'square_crop': '185,0,781', 'text': '', 'web_view_token': '85a48c19c74614dc0a', 'likes': {'count': 611, 'user_likes': 0}, 'comments': {'count': 25}, 'reposts': {'count': 0}, 'tags': {'count': 0}, 'orig_photo': {'height': 781, 'type': 'base', 'url': 'https://sun9-75.userapi.com/s/v1/ig2/RM9FAEIT3fOnRW0YqOQdc12eLlKJ4rD2uRkdH-3f0fD4kzgPbVLJ4kw5B0DGMgxrIEULdPYcAs8c4cjnPIlc3x2t.jpg?quality=95&as=32x22,48x33,72x50,108x75,160x111,240x167,360x250,480x334,540x375,640x445,720x500,1080x750,1124x781&from=bu', 'width': 1124}}]
14:18:13 - DEBUG - https://api.vk.com:443 "POST /method/photos.get HTTP/1.1" 200 1094
14:18:13 - DEBUG - get profile photos response: {'count': 8, 'items': [{'album_id': -6, 'date': 1746625126, 'id': 457251076, 'owner_id': 709507615, 'can_comment': 1, 'sizes': [{'height': 72, 'type': 's', 'width': 72, 'url': 'https://sun9-35.userapi.com/s/v1/ig2/H4x71RxhMI-pLUMcg9JpUhoB9Z2sDZ5Y1UmYlu_lgX_LiQEQ-BMEOLYG3E2KyH4GlEMveL4O5Qb6BKo7fyvyNZV2.jpg?quality=95&as=32x32,48x48,72x72,108x108,160x160,240x240,360x360,480x480,540x540,640x640,720x720,1080x1080,1280x1280&from=bu&cs=72x0'}, {'height': 160, 'type': 'm', 'width': 160, 'url': 'https://sun9-35.userapi.com/s/v1/ig2/H4x71RxhMI-pLUMcg9JpUhoB9Z2sDZ5Y1UmYlu_lgX_LiQEQ-BMEOLYG3E2KyH4GlEMveL4O5Qb6BKo7fyvyNZV2.jpg?quality=95&as=32x32,48x48,72x72,108x108,160x160,240x240,360x360,480x480,540x540,640x640,720x720,1080x1080,1280x1280&from=bu&cs=160x0'}, {'height': 640, 'type': 'x', 'width': 640, 'url': 'https://sun9-35.userapi.com/s/v1/ig2/H4x71RxhMI-pLUMcg9JpUhoB9Z2sDZ5Y1UmYlu_lgX_LiQEQ-BMEOLYG3E2KyH4GlEMveL4O5Qb6BKo7fyvyNZV2.jpg?quality=95&as=32x32,48x48,72x72,108x108,160x160,240x240,360x360,480x480,540x540,640x640,720x720,1080x1080,1280x1280&from=bu&cs=640x0'}, {'height': 1080, 'type': 'y', 'width': 1080, 'url': 'https://sun9-35.userapi.com/s/v1/ig2/H4x71RxhMI-pLUMcg9JpUhoB9Z2sDZ5Y1UmYlu_lgX_LiQEQ-BMEOLYG3E2KyH4GlEMveL4O5Qb6BKo7fyvyNZV2.jpg?quality=95&as=32x32,48x48,72x72,108x108,160x160,240x240,360x360,480x480,540x540,640x640,720x720,1080x1080,1280x1280&from=bu&cs=1080x0'}, {'height': 1280, 'type': 'z', 'width': 1280, 'url': 'https://sun9-35.userapi.com/s/v1/ig2/H4x71RxhMI-pLUMcg9JpUhoB9Z2sDZ5Y1UmYlu_lgX_LiQEQ-BMEOLYG3E2KyH4GlEMveL4O5Qb6BKo7fyvyNZV2.jpg?quality=95&as=32x32,48x48,72x72,108x108,160x160,240x240,360x360,480x480,540x540,640x640,720x720,1080x1080,1280x1280&from=bu&cs=1280x0'}, {'height': 1280, 'type': 'w', 'width': 1280, 'url': 'https://sun9-35.userapi.com/s/v1/ig2/H4x71RxhMI-pLUMcg9JpUhoB9Z2sDZ5Y1UmYlu_lgX_LiQEQ-BMEOLYG3E2KyH4GlEMveL4O5Qb6BKo7fyvyNZV2.jpg?quality=95&as=32x32,48x48,72x72,108x108,160x160,240x240,360x360,480x480,540x540,640x640,720x720,1080x1080,1280x1280&from=bu&cs=1280x0'}, {'height': 108, 'type': 'o', 'width': 108, 'url': 'https://sun9-35.userapi.com/s/v1/ig2/H4x71RxhMI-pLUMcg9JpUhoB9Z2sDZ5Y1UmYlu_lgX_LiQEQ-BMEOLYG3E2KyH4GlEMveL4O5Qb6BKo7fyvyNZV2.jpg?quality=95&as=32x32,48x48,72x72,108x108,160x160,240x240,360x360,480x480,540x540,640x640,720x720,1080x1080,1280x1280&from=bu&cs=108x0'}, {'height': 240, 'type': 'p', 'width': 240, 'url': 'https://sun9-35.userapi.com/s/v1/ig2/H4x71RxhMI-pLUMcg9JpUhoB9Z2sDZ5Y1UmYlu_lgX_LiQEQ-BMEOLYG3E2KyH4GlEMveL4O5Qb6BKo7fyvyNZV2.jpg?quality=95&as=32x32,48x48,72x72,108x108,160x160,240x240,360x360,480x480,540x540,640x640,720x720,1080x1080,1280x1280&from=bu&cs=240x0'}, {'height': 360, 'type': 'q', 'width': 360, 'url': 'https://sun9-35.userapi.com/s/v1/ig2/H4x71RxhMI-pLUMcg9JpUhoB9Z2sDZ5Y1UmYlu_lgX_LiQEQ-BMEOLYG3E2KyH4GlEMveL4O5Qb6BKo7fyvyNZV2.jpg?quality=95&as=32x32,48x48,72x72,108x108,160x160,240x240,360x360,480x480,540x540,640x640,720x720,1080x1080,1280x1280&from=bu&cs=360x0'}, {'height': 540, 'type': 'r', 'width': 540, 'url': 'https://sun9-35.userapi.com/s/v1/ig2/H4x71RxhMI-pLUMcg9JpUhoB9Z2sDZ5Y1UmYlu_lgX_LiQEQ-BMEOLYG3E2KyH4GlEMveL4O5Qb6BKo7fyvyNZV2.jpg?quality=95&as=32x32,48x48,72x72,108x108,160x160,240x240,360x360,480x480,540x540,640x640,720x720,1080x1080,1280x1280&from=bu&cs=540x0'}, {'height': 1280, 'type': 'base', 'width': 1280, 'url': 'https://sun9-35.userapi.com/s/v1/ig2/H4x71RxhMI-pLUMcg9JpUhoB9Z2sDZ5Y1UmYlu_lgX_LiQEQ-BMEOLYG3E2KyH4GlEMveL4O5Qb6BKo7fyvyNZV2.jpg?quality=95&as=32x32,48x48,72x72,108x108,160x160,240x240,360x360,480x480,540x540,640x640,720x720,1080x1080,1280x1280&from=bu'}], 'square_crop': '1,0,1279', 'text': '', 'web_view_token': '6d0d5384b46a5bc674', 'likes': {'count': 78, 'user_likes': 0}, 'comments': {'count': 1}, 'reposts': {'count': 0}, 'tags': {'count': 0}, 'orig_photo': {'height': 1280, 'type': 'base', 'url': 'https://sun9-35.userapi.com/s/v1/ig2/H4x71RxhMI-pLUMcg9JpUhoB9Z2sDZ5Y1UmYlu_lgX_LiQEQ-BMEOLYG3E2KyH4GlEMveL4O5Qb6BKo7fyvyNZV2.jpg?quality=95&as=32x32,48x48,72x72,108x108,160x160,240x240,360x360,480x480,540x540,640x640,720x720,1080x1080,1280x1280&from=bu', 'width': 1280}}, {'album_id': -6, 'date': 1733748229, 'id': 457247975, 'owner_id': 709507615, 'can_comment': 1, 'sizes': [{'height': 40, 'type': 's', 'width': 72, 'url': 'https://sun9-49.userapi.com/s/v1/ig2/GjPlDqVok859susSW2zakRmOmxg02xOTj0FQMr5cxm4N8aCJoocsNdV12O9n7zBsBCINguyHksV2s5xDftdMdkhS.jpg?quality=95&as=32x18,48x27,72x40,108x60,160x88,240x133,360x199,480x265,540x298,640x354,720x398,1080x597,1279x707&from=bu&cs=72x0'}, {'height': 88, 'type': 'm', 'width': 160, 'url': 'https://sun9-49.userapi.com/s/v1/ig2/GjPlDqVok859susSW2zakRmOmxg02xOTj0FQMr5cxm4N8aCJoocsNdV12O9n7zBsBCINguyHksV2s5xDftdMdkhS.jpg?quality=95&as=32x18,48x27,72x40,108x60,160x88,240x133,360x199,480x265,540x298,640x354,720x398,1080x597,1279x707&from=bu&cs=160x0'}, {'height': 354, 'type': 'x', 'width': 640, 'url': 'https://sun9-49.userapi.com/s/v1/ig2/GjPlDqVok859susSW2zakRmOmxg02xOTj0FQMr5cxm4N8aCJoocsNdV12O9n7zBsBCINguyHksV2s5xDftdMdkhS.jpg?quality=95&as=32x18,48x27,72x40,108x60,160x88,240x133,360x199,480x265,540x298,640x354,720x398,1080x597,1279x707&from=bu&cs=640x0'}, {'height': 597, 'type': 'y', 'width': 1080, 'url': 'https://sun9-49.userapi.com/s/v1/ig2/GjPlDqVok859susSW2zakRmOmxg02xOTj0FQMr5cxm4N8aCJoocsNdV12O9n7zBsBCINguyHksV2s5xDftdMdkhS.jpg?quality=95&as=32x18,48x27,72x40,108x60,160x88,240x133,360x199,480x265,540x298,640x354,720x398,1080x597,1279x707&from=bu&cs=1080x0'}, {'height': 707, 'type': 'z', 'width': 1279, 'url': 'https://sun9-49.userapi.com/s/v1/ig2/GjPlDqVok859susSW2zakRmOmxg02xOTj0FQMr5cxm4N8aCJoocsNdV12O9n7zBsBCINguyHksV2s5xDftdMdkhS.jpg?quality=95&as=32x18,48x27,72x40,108x60,160x88,240x133,360x199,480x265,540x298,640x354,720x398,1080x597,1279x707&from=bu&cs=1279x0'}, {'height': 60, 'type': 'o', 'width': 108, 'url': 'https://sun9-49.userapi.com/s/v1/ig2/GjPlDqVok859susSW2zakRmOmxg02xOTj0FQMr5cxm4N8aCJoocsNdV12O9n7zBsBCINguyHksV2s5xDftdMdkhS.jpg?quality=95&as=32x18,48x27,72x40,108x60,160x88,240x133,360x199,480x265,540x298,640x354,720x398,1080x597,1279x707&from=bu&cs=108x0'}, {'height': 133, 'type': 'p', 'width': 240, 'url': 'https://sun9-49.userapi.com/s/v1/ig2/GjPlDqVok859susSW2zakRmOmxg02xOTj0FQMr5cxm4N8aCJoocsNdV12O9n7zBsBCINguyHksV2s5xDftdMdkhS.jpg?quality=95&as=32x18,48x27,72x40,108x60,160x88,240x133,360x199,480x265,540x298,640x354,720x398,1080x597,1279x707&from=bu&cs=240x0'}, {'height': 199, 'type': 'q', 'width': 360, 'url': 'https://sun9-49.userapi.com/s/v1/ig2/GjPlDqVok859susSW2zakRmOmxg02xOTj0FQMr5cxm4N8aCJoocsNdV12O9n7zBsBCINguyHksV2s5xDftdMdkhS.jpg?quality=95&as=32x18,48x27,72x40,108x60,160x88,240x133,360x199,480x265,540x298,640x354,720x398,1080x597,1279x707&from=bu&cs=360x0'}, {'height': 298, 'type': 'r', 'width': 540, 'url': 'https://sun9-49.userapi.com/s/v1/ig2/GjPlDqVok859susSW2zakRmOmxg02xOTj0FQMr5cxm4N8aCJoocsNdV12O9n7zBsBCINguyHksV2s5xDftdMdkhS.jpg?quality=95&as=32x18,48x27,72x40,108x60,160x88,240x133,360x199,480x265,540x298,640x354,720x398,1080x597,1279x707&from=bu&cs=540x0'}, {'height': 707, 'type': 'base', 'width': 1279, 'url': 'https://sun9-49.userapi.com/s/v1/ig2/GjPlDqVok859susSW2zakRmOmxg02xOTj0FQMr5cxm4N8aCJoocsNdV12O9n7zBsBCINguyHksV2s5xDftdMdkhS.jpg?quality=95&as=32x18,48x27,72x40,108x60,160x88,240x133,360x199,480x265,540x298,640x354,720x398,1080x597,1279x707&from=bu'}], 'square_crop': '284,1,706', 'text': '', 'web_view_token': '9b6cbdbfd6f9ce0f58', 'likes': {'count': 355, 'user_likes': 0}, 'comments': {'count': 51}, 'reposts': {'count': 0}, 'tags': {'count': 0}, 'orig_photo': {'height': 707, 'type': 'base', 'url': 'https://sun9-49.userapi.com/s/v1/ig2/GjPlDqVok859susSW2zakRmOmxg02xOTj0FQMr5cxm4N8aCJoocsNdV12O9n7zBsBCINguyHksV2s5xDftdMdkhS.jpg?quality=95&as=32x18,48x27,72x40,108x60,160x88,240x133,360x199,480x265,540x298,640x354,720x398,1080x597,1279x707&from=bu', 'width': 1279}}, {'album_id': -6, 'date': 1778053694, 'id': 457257440, 'owner_id': 709507615, 'can_comment': 1, 'sizes': [{'height': 72, 'type': 's', 'width': 72, 'url': 'https://sun9-28.userapi.com/s/v1/ig2/oK9dx3zqNCyph7HUF-pYI4OprppjmuhcDbaBtO17Z2X9jMOtovEtuOZcOOtO9o-08uVCuMHEsW9VWp1k5sqdJn87.jpg?quality=95&as=32x32,48x48,72x72,108x108,160x160,240x240,360x360,480x480,540x540,640x640,720x720,1080x1080,1280x1280&from=bu&cs=72x0'}, {'height': 160, 'type': 'm', 'width': 160, 'url': 'https://sun9-28.userapi.com/s/v1/ig2/oK9dx3zqNCyph7HUF-pYI4OprppjmuhcDbaBtO17Z2X9jMOtovEtuOZcOOtO9o-08uVCuMHEsW9VWp1k5sqdJn87.jpg?quality=95&as=32x32,48x48,72x72,108x108,160x160,240x240,360x360,480x480,540x540,640x640,720x720,1080x1080,1280x1280&from=bu&cs=160x0'}, {'height': 640, 'type': 'x', 'width': 640, 'url': 'https://sun9-28.userapi.com/s/v1/ig2/oK9dx3zqNCyph7HUF-pYI4OprppjmuhcDbaBtO17Z2X9jMOtovEtuOZcOOtO9o-08uVCuMHEsW9VWp1k5sqdJn87.jpg?quality=95&as=32x32,48x48,72x72,108x108,160x160,240x240,360x360,480x480,540x540,640x640,720x720,1080x1080,1280x1280&from=bu&cs=640x0'}, {'height': 1080, 'type': 'y', 'width': 1080, 'url': 'https://sun9-28.userapi.com/s/v1/ig2/oK9dx3zqNCyph7HUF-pYI4OprppjmuhcDbaBtO17Z2X9jMOtovEtuOZcOOtO9o-08uVCuMHEsW9VWp1k5sqdJn87.jpg?quality=95&as=32x32,48x48,72x72,108x108,160x160,240x240,360x360,480x480,540x540,640x640,720x720,1080x1080,1280x1280&from=bu&cs=1080x0'}, {'height': 1280, 'type': 'z', 'width': 1280, 'url': 'https://sun9-28.userapi.com/s/v1/ig2/oK9dx3zqNCyph7HUF-pYI4OprppjmuhcDbaBtO17Z2X9jMOtovEtuOZcOOtO9o-08uVCuMHEsW9VWp1k5sqdJn87.jpg?quality=95&as=32x32,48x48,72x72,108x108,160x160,240x240,360x360,480x480,540x540,640x640,720x720,1080x1080,1280x1280&from=bu&cs=1280x0'}, {'height': 1280, 'type': 'w', 'width': 1280, 'url': 'https://sun9-28.userapi.com/s/v1/ig2/oK9dx3zqNCyph7HUF-pYI4OprppjmuhcDbaBtO17Z2X9jMOtovEtuOZcOOtO9o-08uVCuMHEsW9VWp1k5sqdJn87.jpg?quality=95&as=32x32,48x48,72x72,108x108,160x160,240x240,360x360,480x480,540x540,640x640,720x720,1080x1080,1280x1280&from=bu&cs=1280x0'}, {'height': 108, 'type': 'o', 'width': 108, 'url': 'https://sun9-28.userapi.com/s/v1/ig2/oK9dx3zqNCyph7HUF-pYI4OprppjmuhcDbaBtO17Z2X9jMOtovEtuOZcOOtO9o-08uVCuMHEsW9VWp1k5sqdJn87.jpg?quality=95&as=32x32,48x48,72x72,108x108,160x160,240x240,360x360,480x480,540x540,640x640,720x720,1080x1080,1280x1280&from=bu&cs=108x0'}, {'height': 240, 'type': 'p', 'width': 240, 'url': 'https://sun9-28.userapi.com/s/v1/ig2/oK9dx3zqNCyph7HUF-pYI4OprppjmuhcDbaBtO17Z2X9jMOtovEtuOZcOOtO9o-08uVCuMHEsW9VWp1k5sqdJn87.jpg?quality=95&as=32x32,48x48,72x72,108x108,160x160,240x240,360x360,480x480,540x540,640x640,720x720,1080x1080,1280x1280&from=bu&cs=240x0'}, {'height': 360, 'type': 'q', 'width': 360, 'url': 'https://sun9-28.userapi.com/s/v1/ig2/oK9dx3zqNCyph7HUF-pYI4OprppjmuhcDbaBtO17Z2X9jMOtovEtuOZcOOtO9o-08uVCuMHEsW9VWp1k5sqdJn87.jpg?quality=95&as=32x32,48x48,72x72,108x108,160x160,240x240,360x360,480x480,540x540,640x640,720x720,1080x1080,1280x1280&from=bu&cs=360x0'}, {'height': 540, 'type': 'r', 'width': 540, 'url': 'https://sun9-28.userapi.com/s/v1/ig2/oK9dx3zqNCyph7HUF-pYI4OprppjmuhcDbaBtO17Z2X9jMOtovEtuOZcOOtO9o-08uVCuMHEsW9VWp1k5sqdJn87.jpg?quality=95&as=32x32,48x48,72x72,108x108,160x160,240x240,360x360,480x480,540x540,640x640,720x720,1080x1080,1280x1280&from=bu&cs=540x0'}, {'height': 1280, 'type': 'base', 'width': 1280, 'url': 'https://sun9-28.userapi.com/s/v1/ig2/oK9dx3zqNCyph7HUF-pYI4OprppjmuhcDbaBtO17Z2X9jMOtovEtuOZcOOtO9o-08uVCuMHEsW9VWp1k5sqdJn87.jpg?quality=95&as=32x32,48x48,72x72,108x108,160x160,240x240,360x360,480x480,540x540,640x640,720x720,1080x1080,1280x1280&from=bu'}], 'square_crop': '1,1,1279', 'text': '', 'web_view_token': 'd2f5255d896317de72', 'likes': {'count': 125, 'user_likes': 0}, 'comments': {'count': 0}, 'reposts': {'count': 0}, 'tags': {'count': 0}, 'orig_photo': {'height': 1280, 'type': 'base', 'url': 'https://sun9-28.userapi.com/s/v1/ig2/oK9dx3zqNCyph7HUF-pYI4OprppjmuhcDbaBtO17Z2X9jMOtovEtuOZcOOtO9o-08uVCuMHEsW9VWp1k5sqdJn87.jpg?quality=95&as=32x32,48x48,72x72,108x108,160x160,240x240,360x360,480x480,540x540,640x640,720x720,1080x1080,1280x1280&from=bu', 'width': 1280}}], 'next_from': ''}
14:18:13 - DEBUG - profile photos: [{'album_id': -6, 'date': 1746625126, 'id': 457251076, 'owner_id': 709507615, 'can_comment': 1, 'sizes': [{'height': 72, 'type': 's', 'width': 72, 'url': 'https://sun9-35.userapi.com/s/v1/ig2/H4x71RxhMI-pLUMcg9JpUhoB9Z2sDZ5Y1UmYlu_lgX_LiQEQ-BMEOLYG3E2KyH4GlEMveL4O5Qb6BKo7fyvyNZV2.jpg?quality=95&as=32x32,48x48,72x72,108x108,160x160,240x240,360x360,480x480,540x540,640x640,720x720,1080x1080,1280x1280&from=bu&cs=72x0'}, {'height': 160, 'type': 'm', 'width': 160, 'url': 'https://sun9-35.userapi.com/s/v1/ig2/H4x71RxhMI-pLUMcg9JpUhoB9Z2sDZ5Y1UmYlu_lgX_LiQEQ-BMEOLYG3E2KyH4GlEMveL4O5Qb6BKo7fyvyNZV2.jpg?quality=95&as=32x32,48x48,72x72,108x108,160x160,240x240,360x360,480x480,540x540,640x640,720x720,1080x1080,1280x1280&from=bu&cs=160x0'}, {'height': 640, 'type': 'x', 'width': 640, 'url': 'https://sun9-35.userapi.com/s/v1/ig2/H4x71RxhMI-pLUMcg9JpUhoB9Z2sDZ5Y1UmYlu_lgX_LiQEQ-BMEOLYG3E2KyH4GlEMveL4O5Qb6BKo7fyvyNZV2.jpg?quality=95&as=32x32,48x48,72x72,108x108,160x160,240x240,360x360,480x480,540x540,640x640,720x720,1080x1080,1280x1280&from=bu&cs=640x0'}, {'height': 1080, 'type': 'y', 'width': 1080, 'url': 'https://sun9-35.userapi.com/s/v1/ig2/H4x71RxhMI-pLUMcg9JpUhoB9Z2sDZ5Y1UmYlu_lgX_LiQEQ-BMEOLYG3E2KyH4GlEMveL4O5Qb6BKo7fyvyNZV2.jpg?quality=95&as=32x32,48x48,72x72,108x108,160x160,240x240,360x360,480x480,540x540,640x640,720x720,1080x1080,1280x1280&from=bu&cs=1080x0'}, {'height': 1280, 'type': 'z', 'width': 1280, 'url': 'https://sun9-35.userapi.com/s/v1/ig2/H4x71RxhMI-pLUMcg9JpUhoB9Z2sDZ5Y1UmYlu_lgX_LiQEQ-BMEOLYG3E2KyH4GlEMveL4O5Qb6BKo7fyvyNZV2.jpg?quality=95&as=32x32,48x48,72x72,108x108,160x160,240x240,360x360,480x480,540x540,640x640,720x720,1080x1080,1280x1280&from=bu&cs=1280x0'}, {'height': 1280, 'type': 'w', 'width': 1280, 'url': 'https://sun9-35.userapi.com/s/v1/ig2/H4x71RxhMI-pLUMcg9JpUhoB9Z2sDZ5Y1UmYlu_lgX_LiQEQ-BMEOLYG3E2KyH4GlEMveL4O5Qb6BKo7fyvyNZV2.jpg?quality=95&as=32x32,48x48,72x72,108x108,160x160,240x240,360x360,480x480,540x540,640x640,720x720,1080x1080,1280x1280&from=bu&cs=1280x0'}, {'height': 108, 'type': 'o', 'width': 108, 'url': 'https://sun9-35.userapi.com/s/v1/ig2/H4x71RxhMI-pLUMcg9JpUhoB9Z2sDZ5Y1UmYlu_lgX_LiQEQ-BMEOLYG3E2KyH4GlEMveL4O5Qb6BKo7fyvyNZV2.jpg?quality=95&as=32x32,48x48,72x72,108x108,160x160,240x240,360x360,480x480,540x540,640x640,720x720,1080x1080,1280x1280&from=bu&cs=108x0'}, {'height': 240, 'type': 'p', 'width': 240, 'url': 'https://sun9-35.userapi.com/s/v1/ig2/H4x71RxhMI-pLUMcg9JpUhoB9Z2sDZ5Y1UmYlu_lgX_LiQEQ-BMEOLYG3E2KyH4GlEMveL4O5Qb6BKo7fyvyNZV2.jpg?quality=95&as=32x32,48x48,72x72,108x108,160x160,240x240,360x360,480x480,540x540,640x640,720x720,1080x1080,1280x1280&from=bu&cs=240x0'}, {'height': 360, 'type': 'q', 'width': 360, 'url': 'https://sun9-35.userapi.com/s/v1/ig2/H4x71RxhMI-pLUMcg9JpUhoB9Z2sDZ5Y1UmYlu_lgX_LiQEQ-BMEOLYG3E2KyH4GlEMveL4O5Qb6BKo7fyvyNZV2.jpg?quality=95&as=32x32,48x48,72x72,108x108,160x160,240x240,360x360,480x480,540x540,640x640,720x720,1080x1080,1280x1280&from=bu&cs=360x0'}, {'height': 540, 'type': 'r', 'width': 540, 'url': 'https://sun9-35.userapi.com/s/v1/ig2/H4x71RxhMI-pLUMcg9JpUhoB9Z2sDZ5Y1UmYlu_lgX_LiQEQ-BMEOLYG3E2KyH4GlEMveL4O5Qb6BKo7fyvyNZV2.jpg?quality=95&as=32x32,48x48,72x72,108x108,160x160,240x240,360x360,480x480,540x540,640x640,720x720,1080x1080,1280x1280&from=bu&cs=540x0'}, {'height': 1280, 'type': 'base', 'width': 1280, 'url': 'https://sun9-35.userapi.com/s/v1/ig2/H4x71RxhMI-pLUMcg9JpUhoB9Z2sDZ5Y1UmYlu_lgX_LiQEQ-BMEOLYG3E2KyH4GlEMveL4O5Qb6BKo7fyvyNZV2.jpg?quality=95&as=32x32,48x48,72x72,108x108,160x160,240x240,360x360,480x480,540x540,640x640,720x720,1080x1080,1280x1280&from=bu'}], 'square_crop': '1,0,1279', 'text': '', 'web_view_token': '6d0d5384b46a5bc674', 'likes': {'count': 78, 'user_likes': 0}, 'comments': {'count': 1}, 'reposts': {'count': 0}, 'tags': {'count': 0}, 'orig_photo': {'height': 1280, 'type': 'base', 'url': 'https://sun9-35.userapi.com/s/v1/ig2/H4x71RxhMI-pLUMcg9JpUhoB9Z2sDZ5Y1UmYlu_lgX_LiQEQ-BMEOLYG3E2KyH4GlEMveL4O5Qb6BKo7fyvyNZV2.jpg?quality=95&as=32x32,48x48,72x72,108x108,160x160,240x240,360x360,480x480,540x540,640x640,720x720,1080x1080,1280x1280&from=bu', 'width': 1280}}, {'album_id': -6, 'date': 1733748229, 'id': 457247975, 'owner_id': 709507615, 'can_comment': 1, 'sizes': [{'height': 40, 'type': 's', 'width': 72, 'url': 'https://sun9-49.userapi.com/s/v1/ig2/GjPlDqVok859susSW2zakRmOmxg02xOTj0FQMr5cxm4N8aCJoocsNdV12O9n7zBsBCINguyHksV2s5xDftdMdkhS.jpg?quality=95&as=32x18,48x27,72x40,108x60,160x88,240x133,360x199,480x265,540x298,640x354,720x398,1080x597,1279x707&from=bu&cs=72x0'}, {'height': 88, 'type': 'm', 'width': 160, 'url': 'https://sun9-49.userapi.com/s/v1/ig2/GjPlDqVok859susSW2zakRmOmxg02xOTj0FQMr5cxm4N8aCJoocsNdV12O9n7zBsBCINguyHksV2s5xDftdMdkhS.jpg?quality=95&as=32x18,48x27,72x40,108x60,160x88,240x133,360x199,480x265,540x298,640x354,720x398,1080x597,1279x707&from=bu&cs=160x0'}, {'height': 354, 'type': 'x', 'width': 640, 'url': 'https://sun9-49.userapi.com/s/v1/ig2/GjPlDqVok859susSW2zakRmOmxg02xOTj0FQMr5cxm4N8aCJoocsNdV12O9n7zBsBCINguyHksV2s5xDftdMdkhS.jpg?quality=95&as=32x18,48x27,72x40,108x60,160x88,240x133,360x199,480x265,540x298,640x354,720x398,1080x597,1279x707&from=bu&cs=640x0'}, {'height': 597, 'type': 'y', 'width': 1080, 'url': 'https://sun9-49.userapi.com/s/v1/ig2/GjPlDqVok859susSW2zakRmOmxg02xOTj0FQMr5cxm4N8aCJoocsNdV12O9n7zBsBCINguyHksV2s5xDftdMdkhS.jpg?quality=95&as=32x18,48x27,72x40,108x60,160x88,240x133,360x199,480x265,540x298,640x354,720x398,1080x597,1279x707&from=bu&cs=1080x0'}, {'height': 707, 'type': 'z', 'width': 1279, 'url': 'https://sun9-49.userapi.com/s/v1/ig2/GjPlDqVok859susSW2zakRmOmxg02xOTj0FQMr5cxm4N8aCJoocsNdV12O9n7zBsBCINguyHksV2s5xDftdMdkhS.jpg?quality=95&as=32x18,48x27,72x40,108x60,160x88,240x133,360x199,480x265,540x298,640x354,720x398,1080x597,1279x707&from=bu&cs=1279x0'}, {'height': 60, 'type': 'o', 'width': 108, 'url': 'https://sun9-49.userapi.com/s/v1/ig2/GjPlDqVok859susSW2zakRmOmxg02xOTj0FQMr5cxm4N8aCJoocsNdV12O9n7zBsBCINguyHksV2s5xDftdMdkhS.jpg?quality=95&as=32x18,48x27,72x40,108x60,160x88,240x133,360x199,480x265,540x298,640x354,720x398,1080x597,1279x707&from=bu&cs=108x0'}, {'height': 133, 'type': 'p', 'width': 240, 'url': 'https://sun9-49.userapi.com/s/v1/ig2/GjPlDqVok859susSW2zakRmOmxg02xOTj0FQMr5cxm4N8aCJoocsNdV12O9n7zBsBCINguyHksV2s5xDftdMdkhS.jpg?quality=95&as=32x18,48x27,72x40,108x60,160x88,240x133,360x199,480x265,540x298,640x354,720x398,1080x597,1279x707&from=bu&cs=240x0'}, {'height': 199, 'type': 'q', 'width': 360, 'url': 'https://sun9-49.userapi.com/s/v1/ig2/GjPlDqVok859susSW2zakRmOmxg02xOTj0FQMr5cxm4N8aCJoocsNdV12O9n7zBsBCINguyHksV2s5xDftdMdkhS.jpg?quality=95&as=32x18,48x27,72x40,108x60,160x88,240x133,360x199,480x265,540x298,640x354,720x398,1080x597,1279x707&from=bu&cs=360x0'}, {'height': 298, 'type': 'r', 'width': 540, 'url': 'https://sun9-49.userapi.com/s/v1/ig2/GjPlDqVok859susSW2zakRmOmxg02xOTj0FQMr5cxm4N8aCJoocsNdV12O9n7zBsBCINguyHksV2s5xDftdMdkhS.jpg?quality=95&as=32x18,48x27,72x40,108x60,160x88,240x133,360x199,480x265,540x298,640x354,720x398,1080x597,1279x707&from=bu&cs=540x0'}, {'height': 707, 'type': 'base', 'width': 1279, 'url': 'https://sun9-49.userapi.com/s/v1/ig2/GjPlDqVok859susSW2zakRmOmxg02xOTj0FQMr5cxm4N8aCJoocsNdV12O9n7zBsBCINguyHksV2s5xDftdMdkhS.jpg?quality=95&as=32x18,48x27,72x40,108x60,160x88,240x133,360x199,480x265,540x298,640x354,720x398,1080x597,1279x707&from=bu'}], 'square_crop': '284,1,706', 'text': '', 'web_view_token': '9b6cbdbfd6f9ce0f58', 'likes': {'count': 355, 'user_likes': 0}, 'comments': {'count': 51}, 'reposts': {'count': 0}, 'tags': {'count': 0}, 'orig_photo': {'height': 707, 'type': 'base', 'url': 'https://sun9-49.userapi.com/s/v1/ig2/GjPlDqVok859susSW2zakRmOmxg02xOTj0FQMr5cxm4N8aCJoocsNdV12O9n7zBsBCINguyHksV2s5xDftdMdkhS.jpg?quality=95&as=32x18,48x27,72x40,108x60,160x88,240x133,360x199,480x265,540x298,640x354,720x398,1080x597,1279x707&from=bu', 'width': 1279}}, {'album_id': -6, 'date': 1778053694, 'id': 457257440, 'owner_id': 709507615, 'can_comment': 1, 'sizes': [{'height': 72, 'type': 's', 'width': 72, 'url': 'https://sun9-28.userapi.com/s/v1/ig2/oK9dx3zqNCyph7HUF-pYI4OprppjmuhcDbaBtO17Z2X9jMOtovEtuOZcOOtO9o-08uVCuMHEsW9VWp1k5sqdJn87.jpg?quality=95&as=32x32,48x48,72x72,108x108,160x160,240x240,360x360,480x480,540x540,640x640,720x720,1080x1080,1280x1280&from=bu&cs=72x0'}, {'height': 160, 'type': 'm', 'width': 160, 'url': 'https://sun9-28.userapi.com/s/v1/ig2/oK9dx3zqNCyph7HUF-pYI4OprppjmuhcDbaBtO17Z2X9jMOtovEtuOZcOOtO9o-08uVCuMHEsW9VWp1k5sqdJn87.jpg?quality=95&as=32x32,48x48,72x72,108x108,160x160,240x240,360x360,480x480,540x540,640x640,720x720,1080x1080,1280x1280&from=bu&cs=160x0'}, {'height': 640, 'type': 'x', 'width': 640, 'url': 'https://sun9-28.userapi.com/s/v1/ig2/oK9dx3zqNCyph7HUF-pYI4OprppjmuhcDbaBtO17Z2X9jMOtovEtuOZcOOtO9o-08uVCuMHEsW9VWp1k5sqdJn87.jpg?quality=95&as=32x32,48x48,72x72,108x108,160x160,240x240,360x360,480x480,540x540,640x640,720x720,1080x1080,1280x1280&from=bu&cs=640x0'}, {'height': 1080, 'type': 'y', 'width': 1080, 'url': 'https://sun9-28.userapi.com/s/v1/ig2/oK9dx3zqNCyph7HUF-pYI4OprppjmuhcDbaBtO17Z2X9jMOtovEtuOZcOOtO9o-08uVCuMHEsW9VWp1k5sqdJn87.jpg?quality=95&as=32x32,48x48,72x72,108x108,160x160,240x240,360x360,480x480,540x540,640x640,720x720,1080x1080,1280x1280&from=bu&cs=1080x0'}, {'height': 1280, 'type': 'z', 'width': 1280, 'url': 'https://sun9-28.userapi.com/s/v1/ig2/oK9dx3zqNCyph7HUF-pYI4OprppjmuhcDbaBtO17Z2X9jMOtovEtuOZcOOtO9o-08uVCuMHEsW9VWp1k5sqdJn87.jpg?quality=95&as=32x32,48x48,72x72,108x108,160x160,240x240,360x360,480x480,540x540,640x640,720x720,1080x1080,1280x1280&from=bu&cs=1280x0'}, {'height': 1280, 'type': 'w', 'width': 1280, 'url': 'https://sun9-28.userapi.com/s/v1/ig2/oK9dx3zqNCyph7HUF-pYI4OprppjmuhcDbaBtO17Z2X9jMOtovEtuOZcOOtO9o-08uVCuMHEsW9VWp1k5sqdJn87.jpg?quality=95&as=32x32,48x48,72x72,108x108,160x160,240x240,360x360,480x480,540x540,640x640,720x720,1080x1080,1280x1280&from=bu&cs=1280x0'}, {'height': 108, 'type': 'o', 'width': 108, 'url': 'https://sun9-28.userapi.com/s/v1/ig2/oK9dx3zqNCyph7HUF-pYI4OprppjmuhcDbaBtO17Z2X9jMOtovEtuOZcOOtO9o-08uVCuMHEsW9VWp1k5sqdJn87.jpg?quality=95&as=32x32,48x48,72x72,108x108,160x160,240x240,360x360,480x480,540x540,640x640,720x720,1080x1080,1280x1280&from=bu&cs=108x0'}, {'height': 240, 'type': 'p', 'width': 240, 'url': 'https://sun9-28.userapi.com/s/v1/ig2/oK9dx3zqNCyph7HUF-pYI4OprppjmuhcDbaBtO17Z2X9jMOtovEtuOZcOOtO9o-08uVCuMHEsW9VWp1k5sqdJn87.jpg?quality=95&as=32x32,48x48,72x72,108x108,160x160,240x240,360x360,480x480,540x540,640x640,720x720,1080x1080,1280x1280&from=bu&cs=240x0'}, {'height': 360, 'type': 'q', 'width': 360, 'url': 'https://sun9-28.userapi.com/s/v1/ig2/oK9dx3zqNCyph7HUF-pYI4OprppjmuhcDbaBtO17Z2X9jMOtovEtuOZcOOtO9o-08uVCuMHEsW9VWp1k5sqdJn87.jpg?quality=95&as=32x32,48x48,72x72,108x108,160x160,240x240,360x360,480x480,540x540,640x640,720x720,1080x1080,1280x1280&from=bu&cs=360x0'}, {'height': 540, 'type': 'r', 'width': 540, 'url': 'https://sun9-28.userapi.com/s/v1/ig2/oK9dx3zqNCyph7HUF-pYI4OprppjmuhcDbaBtO17Z2X9jMOtovEtuOZcOOtO9o-08uVCuMHEsW9VWp1k5sqdJn87.jpg?quality=95&as=32x32,48x48,72x72,108x108,160x160,240x240,360x360,480x480,540x540,640x640,720x720,1080x1080,1280x1280&from=bu&cs=540x0'}, {'height': 1280, 'type': 'base', 'width': 1280, 'url': 'https://sun9-28.userapi.com/s/v1/ig2/oK9dx3zqNCyph7HUF-pYI4OprppjmuhcDbaBtO17Z2X9jMOtovEtuOZcOOtO9o-08uVCuMHEsW9VWp1k5sqdJn87.jpg?quality=95&as=32x32,48x48,72x72,108x108,160x160,240x240,360x360,480x480,540x540,640x640,720x720,1080x1080,1280x1280&from=bu'}], 'square_crop': '1,1,1279', 'text': '', 'web_view_token': 'd2f5255d896317de72', 'likes': {'count': 125, 'user_likes': 0}, 'comments': {'count': 0}, 'reposts': {'count': 0}, 'tags': {'count': 0}, 'orig_photo': {'height': 1280, 'type': 'base', 'url': 'https://sun9-28.userapi.com/s/v1/ig2/oK9dx3zqNCyph7HUF-pYI4OprppjmuhcDbaBtO17Z2X9jMOtovEtuOZcOOtO9o-08uVCuMHEsW9VWp1k5sqdJn87.jpg?quality=95&as=32x32,48x48,72x72,108x108,160x160,240x240,360x360,480x480,540x540,640x640,720x720,1080x1080,1280x1280&from=bu', 'width': 1280}}]
14:18:13 - DEBUG - all profile photos result: [{'album_id': -6, 'date': 1652000081, 'id': 457240291, 'owner_id': 709507615, 'can_comment': 1, 'post_id': 5255, 'sizes': [{'height': 96, 'type': 's', 'width': 72, 'url': 'https://sun9-30.userapi.com/s/v1/ig2/bSIT0aOvWUVvFHZCRnZOoRurC8xVtGn0beEC9-0mejE9M_SWPsTbQrCmGYL4n54cT-Munz8Jn0fZRSfZ3kipGdi3.jpg?quality=95&as=32x43,48x64,72x96,108x144,160x213,240x320,360x480,480x640,540x721,640x854,720x961,1080x1441,1280x1708,1388x1852&from=bu&cs=72x0'}, {'height': 213, 'type': 'm', 'width': 160, 'url': 'https://sun9-30.userapi.com/s/v1/ig2/bSIT0aOvWUVvFHZCRnZOoRurC8xVtGn0beEC9-0mejE9M_SWPsTbQrCmGYL4n54cT-Munz8Jn0fZRSfZ3kipGdi3.jpg?quality=95&as=32x43,48x64,72x96,108x144,160x213,240x320,360x480,480x640,540x721,640x854,720x961,1080x1441,1280x1708,1388x1852&from=bu&cs=160x0'}, {'height': 854, 'type': 'x', 'width': 640, 'url': 'https://sun9-30.userapi.com/s/v1/ig2/bSIT0aOvWUVvFHZCRnZOoRurC8xVtGn0beEC9-0mejE9M_SWPsTbQrCmGYL4n54cT-Munz8Jn0fZRSfZ3kipGdi3.jpg?quality=95&as=32x43,48x64,72x96,108x144,160x213,240x320,360x480,480x640,540x721,640x854,720x961,1080x1441,1280x1708,1388x1852&from=bu&cs=640x0'}, {'height': 1441, 'type': 'y', 'width': 1080, 'url': 'https://sun9-30.userapi.com/s/v1/ig2/bSIT0aOvWUVvFHZCRnZOoRurC8xVtGn0beEC9-0mejE9M_SWPsTbQrCmGYL4n54cT-Munz8Jn0fZRSfZ3kipGdi3.jpg?quality=95&as=32x43,48x64,72x96,108x144,160x213,240x320,360x480,480x640,540x721,640x854,720x961,1080x1441,1280x1708,1388x1852&from=bu&cs=1080x0'}, {'height': 1708, 'type': 'z', 'width': 1280, 'url': 'https://sun9-30.userapi.com/s/v1/ig2/bSIT0aOvWUVvFHZCRnZOoRurC8xVtGn0beEC9-0mejE9M_SWPsTbQrCmGYL4n54cT-Munz8Jn0fZRSfZ3kipGdi3.jpg?quality=95&as=32x43,48x64,72x96,108x144,160x213,240x320,360x480,480x640,540x721,640x854,720x961,1080x1441,1280x1708,1388x1852&from=bu&cs=1280x0'}, {'height': 1852, 'type': 'w', 'width': 1388, 'url': 'https://sun9-30.userapi.com/s/v1/ig2/bSIT0aOvWUVvFHZCRnZOoRurC8xVtGn0beEC9-0mejE9M_SWPsTbQrCmGYL4n54cT-Munz8Jn0fZRSfZ3kipGdi3.jpg?quality=95&as=32x43,48x64,72x96,108x144,160x213,240x320,360x480,480x640,540x721,640x854,720x961,1080x1441,1280x1708,1388x1852&from=bu&cs=1388x0'}, {'height': 144, 'type': 'o', 'width': 108, 'url': 'https://sun9-30.userapi.com/s/v1/ig2/bSIT0aOvWUVvFHZCRnZOoRurC8xVtGn0beEC9-0mejE9M_SWPsTbQrCmGYL4n54cT-Munz8Jn0fZRSfZ3kipGdi3.jpg?quality=95&as=32x43,48x64,72x96,108x144,160x213,240x320,360x480,480x640,540x721,640x854,720x961,1080x1441,1280x1708,1388x1852&from=bu&cs=108x0'}, {'height': 320, 'type': 'p', 'width': 240, 'url': 'https://sun9-30.userapi.com/s/v1/ig2/bSIT0aOvWUVvFHZCRnZOoRurC8xVtGn0beEC9-0mejE9M_SWPsTbQrCmGYL4n54cT-Munz8Jn0fZRSfZ3kipGdi3.jpg?quality=95&as=32x43,48x64,72x96,108x144,160x213,240x320,360x480,480x640,540x721,640x854,720x961,1080x1441,1280x1708,1388x1852&from=bu&cs=240x0'}, {'height': 480, 'type': 'q', 'width': 360, 'url': 'https://sun9-30.userapi.com/s/v1/ig2/bSIT0aOvWUVvFHZCRnZOoRurC8xVtGn0beEC9-0mejE9M_SWPsTbQrCmGYL4n54cT-Munz8Jn0fZRSfZ3kipGdi3.jpg?quality=95&as=32x43,48x64,72x96,108x144,160x213,240x320,360x480,480x640,540x721,640x854,720x961,1080x1441,1280x1708,1388x1852&from=bu&cs=360x0'}, {'height': 721, 'type': 'r', 'width': 540, 'url': 'https://sun9-30.userapi.com/s/v1/ig2/bSIT0aOvWUVvFHZCRnZOoRurC8xVtGn0beEC9-0mejE9M_SWPsTbQrCmGYL4n54cT-Munz8Jn0fZRSfZ3kipGdi3.jpg?quality=95&as=32x43,48x64,72x96,108x144,160x213,240x320,360x480,480x640,540x721,640x854,720x961,1080x1441,1280x1708,1388x1852&from=bu&cs=540x0'}, {'height': 1852, 'type': 'base', 'width': 1388, 'url': 'https://sun9-30.userapi.com/s/v1/ig2/bSIT0aOvWUVvFHZCRnZOoRurC8xVtGn0beEC9-0mejE9M_SWPsTbQrCmGYL4n54cT-Munz8Jn0fZRSfZ3kipGdi3.jpg?quality=95&as=32x43,48x64,72x96,108x144,160x213,240x320,360x480,480x640,540x721,640x854,720x961,1080x1441,1280x1708,1388x1852&from=bu'}], 'square_crop': '0,0,1388', 'text': '', 'web_view_token': '1af3017802313d696b', 'likes': {'count': 113, 'user_likes': 0}, 'comments': {'count': 2}, 'reposts': {'count': 0}, 'tags': {'count': 0}, 'orig_photo': {'height': 1852, 'type': 'base', 'url': 'https://sun9-30.userapi.com/s/v1/ig2/bSIT0aOvWUVvFHZCRnZOoRurC8xVtGn0beEC9-0mejE9M_SWPsTbQrCmGYL4n54cT-Munz8Jn0fZRSfZ3kipGdi3.jpg?quality=95&as=32x43,48x64,72x96,108x144,160x213,240x320,360x480,480x640,540x721,640x854,720x961,1080x1441,1280x1708,1388x1852&from=bu', 'width': 1388}}, {'album_id': -6, 'date': 1683453810, 'id': 457242329, 'owner_id': 709507615, 'can_comment': 1, 'post_id': 46868, 'sizes': [{'height': 72, 'type': 's', 'width': 72, 'url': 'https://sun9-42.userapi.com/s/v1/ig2/lTVvgKdLF8D5M3nJ3DbTKweHXosuatLCTZIS8VPivqH2gpyzcnf0CwX7STtem3HSpwZbPlxnp-aulVaDcyl6yzQT.jpg?quality=95&as=32x32,48x48,72x72,108x108,160x160,240x240,360x360,480x480,540x540,640x640,720x720,1080x1080,1280x1280&from=bu&cs=72x0'}, {'height': 160, 'type': 'm', 'width': 160, 'url': 'https://sun9-42.userapi.com/s/v1/ig2/lTVvgKdLF8D5M3nJ3DbTKweHXosuatLCTZIS8VPivqH2gpyzcnf0CwX7STtem3HSpwZbPlxnp-aulVaDcyl6yzQT.jpg?quality=95&as=32x32,48x48,72x72,108x108,160x160,240x240,360x360,480x480,540x540,640x640,720x720,1080x1080,1280x1280&from=bu&cs=160x0'}, {'height': 640, 'type': 'x', 'width': 640, 'url': 'https://sun9-42.userapi.com/s/v1/ig2/lTVvgKdLF8D5M3nJ3DbTKweHXosuatLCTZIS8VPivqH2gpyzcnf0CwX7STtem3HSpwZbPlxnp-aulVaDcyl6yzQT.jpg?quality=95&as=32x32,48x48,72x72,108x108,160x160,240x240,360x360,480x480,540x540,640x640,720x720,1080x1080,1280x1280&from=bu&cs=640x0'}, {'height': 1080, 'type': 'y', 'width': 1080, 'url': 'https://sun9-42.userapi.com/s/v1/ig2/lTVvgKdLF8D5M3nJ3DbTKweHXosuatLCTZIS8VPivqH2gpyzcnf0CwX7STtem3HSpwZbPlxnp-aulVaDcyl6yzQT.jpg?quality=95&as=32x32,48x48,72x72,108x108,160x160,240x240,360x360,480x480,540x540,640x640,720x720,1080x1080,1280x1280&from=bu&cs=1080x0'}, {'height': 1280, 'type': 'z', 'width': 1280, 'url': 'https://sun9-42.userapi.com/s/v1/ig2/lTVvgKdLF8D5M3nJ3DbTKweHXosuatLCTZIS8VPivqH2gpyzcnf0CwX7STtem3HSpwZbPlxnp-aulVaDcyl6yzQT.jpg?quality=95&as=32x32,48x48,72x72,108x108,160x160,240x240,360x360,480x480,540x540,640x640,720x720,1080x1080,1280x1280&from=bu&cs=1280x0'}, {'height': 1280, 'type': 'w', 'width': 1280, 'url': 'https://sun9-42.userapi.com/s/v1/ig2/lTVvgKdLF8D5M3nJ3DbTKweHXosuatLCTZIS8VPivqH2gpyzcnf0CwX7STtem3HSpwZbPlxnp-aulVaDcyl6yzQT.jpg?quality=95&as=32x32,48x48,72x72,108x108,160x160,240x240,360x360,480x480,540x540,640x640,720x720,1080x1080,1280x1280&from=bu&cs=1280x0'}, {'height': 108, 'type': 'o', 'width': 108, 'url': 'https://sun9-42.userapi.com/s/v1/ig2/lTVvgKdLF8D5M3nJ3DbTKweHXosuatLCTZIS8VPivqH2gpyzcnf0CwX7STtem3HSpwZbPlxnp-aulVaDcyl6yzQT.jpg?quality=95&as=32x32,48x48,72x72,108x108,160x160,240x240,360x360,480x480,540x540,640x640,720x720,1080x1080,1280x1280&from=bu&cs=108x0'}, {'height': 240, 'type': 'p', 'width': 240, 'url': 'https://sun9-42.userapi.com/s/v1/ig2/lTVvgKdLF8D5M3nJ3DbTKweHXosuatLCTZIS8VPivqH2gpyzcnf0CwX7STtem3HSpwZbPlxnp-aulVaDcyl6yzQT.jpg?quality=95&as=32x32,48x48,72x72,108x108,160x160,240x240,360x360,480x480,540x540,640x640,720x720,1080x1080,1280x1280&from=bu&cs=240x0'}, {'height': 360, 'type': 'q', 'width': 360, 'url': 'https://sun9-42.userapi.com/s/v1/ig2/lTVvgKdLF8D5M3nJ3DbTKweHXosuatLCTZIS8VPivqH2gpyzcnf0CwX7STtem3HSpwZbPlxnp-aulVaDcyl6yzQT.jpg?quality=95&as=32x32,48x48,72x72,108x108,160x160,240x240,360x360,480x480,540x540,640x640,720x720,1080x1080,1280x1280&from=bu&cs=360x0'}, {'height': 540, 'type': 'r', 'width': 540, 'url': 'https://sun9-42.userapi.com/s/v1/ig2/lTVvgKdLF8D5M3nJ3DbTKweHXosuatLCTZIS8VPivqH2gpyzcnf0CwX7STtem3HSpwZbPlxnp-aulVaDcyl6yzQT.jpg?quality=95&as=32x32,48x48,72x72,108x108,160x160,240x240,360x360,480x480,540x540,640x640,720x720,1080x1080,1280x1280&from=bu&cs=540x0'}, {'height': 1280, 'type': 'base', 'width': 1280, 'url': 'https://sun9-42.userapi.com/s/v1/ig2/lTVvgKdLF8D5M3nJ3DbTKweHXosuatLCTZIS8VPivqH2gpyzcnf0CwX7STtem3HSpwZbPlxnp-aulVaDcyl6yzQT.jpg?quality=95&as=32x32,48x48,72x72,108x108,160x160,240x240,360x360,480x480,540x540,640x640,720x720,1080x1080,1280x1280&from=bu'}], 'square_crop': '2,0,1278', 'text': '', 'web_view_token': 'c4eacbf2b27fb0dc14', 'likes': {'count': 89, 'user_likes': 0}, 'comments': {'count': 2}, 'reposts': {'count': 0}, 'tags': {'count': 0}, 'orig_photo': {'height': 1280, 'type': 'base', 'url': 'https://sun9-42.userapi.com/s/v1/ig2/lTVvgKdLF8D5M3nJ3DbTKweHXosuatLCTZIS8VPivqH2gpyzcnf0CwX7STtem3HSpwZbPlxnp-aulVaDcyl6yzQT.jpg?quality=95&as=32x32,48x48,72x72,108x108,160x160,240x240,360x360,480x480,540x540,640x640,720x720,1080x1080,1280x1280&from=bu', 'width': 1280}}, {'album_id': -6, 'date': 1683748736, 'id': 457242371, 'owner_id': 709507615, 'can_comment': 1, 'sizes': [{'height': 50, 'type': 's', 'width': 72, 'url': 'https://sun9-2.userapi.com/s/v1/ig2/EPZpVgcHm-c1pCLFYLm_aYm-2jKncJopUdJVMRt5fRAxnoX7gOqEzGAE_ls7V1lNY-9chmDY6_T-g00-k4woPVeF.jpg?quality=95&as=32x22,48x33,72x50,108x75,160x111,240x167,360x250,480x334,540x375,640x445,720x500,1080x750,1124x781&from=bu&cs=72x0'}, {'height': 111, 'type': 'm', 'width': 160, 'url': 'https://sun9-2.userapi.com/s/v1/ig2/EPZpVgcHm-c1pCLFYLm_aYm-2jKncJopUdJVMRt5fRAxnoX7gOqEzGAE_ls7V1lNY-9chmDY6_T-g00-k4woPVeF.jpg?quality=95&as=32x22,48x33,72x50,108x75,160x111,240x167,360x250,480x334,540x375,640x445,720x500,1080x750,1124x781&from=bu&cs=160x0'}, {'height': 445, 'type': 'x', 'width': 640, 'url': 'https://sun9-2.userapi.com/s/v1/ig2/EPZpVgcHm-c1pCLFYLm_aYm-2jKncJopUdJVMRt5fRAxnoX7gOqEzGAE_ls7V1lNY-9chmDY6_T-g00-k4woPVeF.jpg?quality=95&as=32x22,48x33,72x50,108x75,160x111,240x167,360x250,480x334,540x375,640x445,720x500,1080x750,1124x781&from=bu&cs=640x0'}, {'height': 750, 'type': 'y', 'width': 1080, 'url': 'https://sun9-2.userapi.com/s/v1/ig2/EPZpVgcHm-c1pCLFYLm_aYm-2jKncJopUdJVMRt5fRAxnoX7gOqEzGAE_ls7V1lNY-9chmDY6_T-g00-k4woPVeF.jpg?quality=95&as=32x22,48x33,72x50,108x75,160x111,240x167,360x250,480x334,540x375,640x445,720x500,1080x750,1124x781&from=bu&cs=1080x0'}, {'height': 781, 'type': 'z', 'width': 1124, 'url': 'https://sun9-2.userapi.com/s/v1/ig2/EPZpVgcHm-c1pCLFYLm_aYm-2jKncJopUdJVMRt5fRAxnoX7gOqEzGAE_ls7V1lNY-9chmDY6_T-g00-k4woPVeF.jpg?quality=95&as=32x22,48x33,72x50,108x75,160x111,240x167,360x250,480x334,540x375,640x445,720x500,1080x750,1124x781&from=bu&cs=1124x0'}, {'height': 75, 'type': 'o', 'width': 108, 'url': 'https://sun9-2.userapi.com/s/v1/ig2/EPZpVgcHm-c1pCLFYLm_aYm-2jKncJopUdJVMRt5fRAxnoX7gOqEzGAE_ls7V1lNY-9chmDY6_T-g00-k4woPVeF.jpg?quality=95&as=32x22,48x33,72x50,108x75,160x111,240x167,360x250,480x334,540x375,640x445,720x500,1080x750,1124x781&from=bu&cs=108x0'}, {'height': 167, 'type': 'p', 'width': 240, 'url': 'https://sun9-2.userapi.com/s/v1/ig2/EPZpVgcHm-c1pCLFYLm_aYm-2jKncJopUdJVMRt5fRAxnoX7gOqEzGAE_ls7V1lNY-9chmDY6_T-g00-k4woPVeF.jpg?quality=95&as=32x22,48x33,72x50,108x75,160x111,240x167,360x250,480x334,540x375,640x445,720x500,1080x750,1124x781&from=bu&cs=240x0'}, {'height': 250, 'type': 'q', 'width': 360, 'url': 'https://sun9-2.userapi.com/s/v1/ig2/EPZpVgcHm-c1pCLFYLm_aYm-2jKncJopUdJVMRt5fRAxnoX7gOqEzGAE_ls7V1lNY-9chmDY6_T-g00-k4woPVeF.jpg?quality=95&as=32x22,48x33,72x50,108x75,160x111,240x167,360x250,480x334,540x375,640x445,720x500,1080x750,1124x781&from=bu&cs=360x0'}, {'height': 375, 'type': 'r', 'width': 540, 'url': 'https://sun9-2.userapi.com/s/v1/ig2/EPZpVgcHm-c1pCLFYLm_aYm-2jKncJopUdJVMRt5fRAxnoX7gOqEzGAE_ls7V1lNY-9chmDY6_T-g00-k4woPVeF.jpg?quality=95&as=32x22,48x33,72x50,108x75,160x111,240x167,360x250,480x334,540x375,640x445,720x500,1080x750,1124x781&from=bu&cs=540x0'}, {'height': 781, 'type': 'base', 'width': 1124, 'url': 'https://sun9-2.userapi.com/s/v1/ig2/EPZpVgcHm-c1pCLFYLm_aYm-2jKncJopUdJVMRt5fRAxnoX7gOqEzGAE_ls7V1lNY-9chmDY6_T-g00-k4woPVeF.jpg?quality=95&as=32x22,48x33,72x50,108x75,160x111,240x167,360x250,480x334,540x375,640x445,720x500,1080x750,1124x781&from=bu'}], 'square_crop': '146,0,781', 'text': '', 'web_view_token': '76233c849068502850', 'likes': {'count': 247, 'user_likes': 0}, 'comments': {'count': 19}, 'reposts': {'count': 1}, 'tags': {'count': 0}, 'orig_photo': {'height': 781, 'type': 'base', 'url': 'https://sun9-2.userapi.com/s/v1/ig2/EPZpVgcHm-c1pCLFYLm_aYm-2jKncJopUdJVMRt5fRAxnoX7gOqEzGAE_ls7V1lNY-9chmDY6_T-g00-k4woPVeF.jpg?quality=95&as=32x22,48x33,72x50,108x75,160x111,240x167,360x250,480x334,540x375,640x445,720x500,1080x750,1124x781&from=bu', 'width': 1124}}, {'album_id': -6, 'date': 1715165656, 'id': 457245344, 'owner_id': 709507615, 'can_comment': 1, 'post_id': 125043, 'sizes': [{'height': 72, 'type': 's', 'width': 72, 'url': 'https://sun9-14.userapi.com/s/v1/ig2/wmnku1KlbuQ5Y6iBAkzOMgP5CPZUxoe3Wllwthkliz3shvjMSGmHjpwmdpnoR7alaGcnLozFEJhD-V1EF8iwoqz4.jpg?quality=95&as=32x32,48x48,72x72,108x108,160x160,240x240,360x360,480x480,540x540,640x640,720x720,1000x1000&from=bu&cs=72x0'}, {'height': 160, 'type': 'm', 'width': 160, 'url': 'https://sun9-14.userapi.com/s/v1/ig2/wmnku1KlbuQ5Y6iBAkzOMgP5CPZUxoe3Wllwthkliz3shvjMSGmHjpwmdpnoR7alaGcnLozFEJhD-V1EF8iwoqz4.jpg?quality=95&as=32x32,48x48,72x72,108x108,160x160,240x240,360x360,480x480,540x540,640x640,720x720,1000x1000&from=bu&cs=160x0'}, {'height': 640, 'type': 'x', 'width': 640, 'url': 'https://sun9-14.userapi.com/s/v1/ig2/wmnku1KlbuQ5Y6iBAkzOMgP5CPZUxoe3Wllwthkliz3shvjMSGmHjpwmdpnoR7alaGcnLozFEJhD-V1EF8iwoqz4.jpg?quality=95&as=32x32,48x48,72x72,108x108,160x160,240x240,360x360,480x480,540x540,640x640,720x720,1000x1000&from=bu&cs=640x0'}, {'height': 1000, 'type': 'y', 'width': 1000, 'url': 'https://sun9-14.userapi.com/s/v1/ig2/wmnku1KlbuQ5Y6iBAkzOMgP5CPZUxoe3Wllwthkliz3shvjMSGmHjpwmdpnoR7alaGcnLozFEJhD-V1EF8iwoqz4.jpg?quality=95&as=32x32,48x48,72x72,108x108,160x160,240x240,360x360,480x480,540x540,640x640,720x720,1000x1000&from=bu&cs=1000x0'}, {'height': 108, 'type': 'o', 'width': 108, 'url': 'https://sun9-14.userapi.com/s/v1/ig2/wmnku1KlbuQ5Y6iBAkzOMgP5CPZUxoe3Wllwthkliz3shvjMSGmHjpwmdpnoR7alaGcnLozFEJhD-V1EF8iwoqz4.jpg?quality=95&as=32x32,48x48,72x72,108x108,160x160,240x240,360x360,480x480,540x540,640x640,720x720,1000x1000&from=bu&cs=108x0'}, {'height': 240, 'type': 'p', 'width': 240, 'url': 'https://sun9-14.userapi.com/s/v1/ig2/wmnku1KlbuQ5Y6iBAkzOMgP5CPZUxoe3Wllwthkliz3shvjMSGmHjpwmdpnoR7alaGcnLozFEJhD-V1EF8iwoqz4.jpg?quality=95&as=32x32,48x48,72x72,108x108,160x160,240x240,360x360,480x480,540x540,640x640,720x720,1000x1000&from=bu&cs=240x0'}, {'height': 360, 'type': 'q', 'width': 360, 'url': 'https://sun9-14.userapi.com/s/v1/ig2/wmnku1KlbuQ5Y6iBAkzOMgP5CPZUxoe3Wllwthkliz3shvjMSGmHjpwmdpnoR7alaGcnLozFEJhD-V1EF8iwoqz4.jpg?quality=95&as=32x32,48x48,72x72,108x108,160x160,240x240,360x360,480x480,540x540,640x640,720x720,1000x1000&from=bu&cs=360x0'}, {'height': 540, 'type': 'r', 'width': 540, 'url': 'https://sun9-14.userapi.com/s/v1/ig2/wmnku1KlbuQ5Y6iBAkzOMgP5CPZUxoe3Wllwthkliz3shvjMSGmHjpwmdpnoR7alaGcnLozFEJhD-V1EF8iwoqz4.jpg?quality=95&as=32x32,48x48,72x72,108x108,160x160,240x240,360x360,480x480,540x540,640x640,720x720,1000x1000&from=bu&cs=540x0'}, {'height': 1000, 'type': 'base', 'width': 1000, 'url': 'https://sun9-14.userapi.com/s/v1/ig2/wmnku1KlbuQ5Y6iBAkzOMgP5CPZUxoe3Wllwthkliz3shvjMSGmHjpwmdpnoR7alaGcnLozFEJhD-V1EF8iwoqz4.jpg?quality=95&as=32x32,48x48,72x72,108x108,160x160,240x240,360x360,480x480,540x540,640x640,720x720,1000x1000&from=bu'}], 'square_crop': '0,1,999', 'text': '', 'web_view_token': '0dfecd88f26d2726f6', 'likes': {'count': 182, 'user_likes': 0}, 'comments': {'count': 7}, 'reposts': {'count': 0}, 'tags': {'count': 0}, 'orig_photo': {'height': 1000, 'type': 'base', 'url': 'https://sun9-14.userapi.com/s/v1/ig2/wmnku1KlbuQ5Y6iBAkzOMgP5CPZUxoe3Wllwthkliz3shvjMSGmHjpwmdpnoR7alaGcnLozFEJhD-V1EF8iwoqz4.jpg?quality=95&as=32x32,48x48,72x72,108x108,160x160,240x240,360x360,480x480,540x540,640x640,720x720,1000x1000&from=bu', 'width': 1000}}, {'album_id': -6, 'date': 1715587710, 'id': 457245405, 'owner_id': 709507615, 'can_comment': 1, 'post_id': 126948, 'sizes': [{'height': 50, 'type': 's', 'width': 72, 'url': 'https://sun9-75.userapi.com/s/v1/ig2/RM9FAEIT3fOnRW0YqOQdc12eLlKJ4rD2uRkdH-3f0fD4kzgPbVLJ4kw5B0DGMgxrIEULdPYcAs8c4cjnPIlc3x2t.jpg?quality=95&as=32x22,48x33,72x50,108x75,160x111,240x167,360x250,480x334,540x375,640x445,720x500,1080x750,1124x781&from=bu&cs=72x0'}, {'height': 111, 'type': 'm', 'width': 160, 'url': 'https://sun9-75.userapi.com/s/v1/ig2/RM9FAEIT3fOnRW0YqOQdc12eLlKJ4rD2uRkdH-3f0fD4kzgPbVLJ4kw5B0DGMgxrIEULdPYcAs8c4cjnPIlc3x2t.jpg?quality=95&as=32x22,48x33,72x50,108x75,160x111,240x167,360x250,480x334,540x375,640x445,720x500,1080x750,1124x781&from=bu&cs=160x0'}, {'height': 445, 'type': 'x', 'width': 640, 'url': 'https://sun9-75.userapi.com/s/v1/ig2/RM9FAEIT3fOnRW0YqOQdc12eLlKJ4rD2uRkdH-3f0fD4kzgPbVLJ4kw5B0DGMgxrIEULdPYcAs8c4cjnPIlc3x2t.jpg?quality=95&as=32x22,48x33,72x50,108x75,160x111,240x167,360x250,480x334,540x375,640x445,720x500,1080x750,1124x781&from=bu&cs=640x0'}, {'height': 750, 'type': 'y', 'width': 1080, 'url': 'https://sun9-75.userapi.com/s/v1/ig2/RM9FAEIT3fOnRW0YqOQdc12eLlKJ4rD2uRkdH-3f0fD4kzgPbVLJ4kw5B0DGMgxrIEULdPYcAs8c4cjnPIlc3x2t.jpg?quality=95&as=32x22,48x33,72x50,108x75,160x111,240x167,360x250,480x334,540x375,640x445,720x500,1080x750,1124x781&from=bu&cs=1080x0'}, {'height': 781, 'type': 'z', 'width': 1124, 'url': 'https://sun9-75.userapi.com/s/v1/ig2/RM9FAEIT3fOnRW0YqOQdc12eLlKJ4rD2uRkdH-3f0fD4kzgPbVLJ4kw5B0DGMgxrIEULdPYcAs8c4cjnPIlc3x2t.jpg?quality=95&as=32x22,48x33,72x50,108x75,160x111,240x167,360x250,480x334,540x375,640x445,720x500,1080x750,1124x781&from=bu&cs=1124x0'}, {'height': 75, 'type': 'o', 'width': 108, 'url': 'https://sun9-75.userapi.com/s/v1/ig2/RM9FAEIT3fOnRW0YqOQdc12eLlKJ4rD2uRkdH-3f0fD4kzgPbVLJ4kw5B0DGMgxrIEULdPYcAs8c4cjnPIlc3x2t.jpg?quality=95&as=32x22,48x33,72x50,108x75,160x111,240x167,360x250,480x334,540x375,640x445,720x500,1080x750,1124x781&from=bu&cs=108x0'}, {'height': 167, 'type': 'p', 'width': 240, 'url': 'https://sun9-75.userapi.com/s/v1/ig2/RM9FAEIT3fOnRW0YqOQdc12eLlKJ4rD2uRkdH-3f0fD4kzgPbVLJ4kw5B0DGMgxrIEULdPYcAs8c4cjnPIlc3x2t.jpg?quality=95&as=32x22,48x33,72x50,108x75,160x111,240x167,360x250,480x334,540x375,640x445,720x500,1080x750,1124x781&from=bu&cs=240x0'}, {'height': 250, 'type': 'q', 'width': 360, 'url': 'https://sun9-75.userapi.com/s/v1/ig2/RM9FAEIT3fOnRW0YqOQdc12eLlKJ4rD2uRkdH-3f0fD4kzgPbVLJ4kw5B0DGMgxrIEULdPYcAs8c4cjnPIlc3x2t.jpg?quality=95&as=32x22,48x33,72x50,108x75,160x111,240x167,360x250,480x334,540x375,640x445,720x500,1080x750,1124x781&from=bu&cs=360x0'}, {'height': 375, 'type': 'r', 'width': 540, 'url': 'https://sun9-75.userapi.com/s/v1/ig2/RM9FAEIT3fOnRW0YqOQdc12eLlKJ4rD2uRkdH-3f0fD4kzgPbVLJ4kw5B0DGMgxrIEULdPYcAs8c4cjnPIlc3x2t.jpg?quality=95&as=32x22,48x33,72x50,108x75,160x111,240x167,360x250,480x334,540x375,640x445,720x500,1080x750,1124x781&from=bu&cs=540x0'}, {'height': 781, 'type': 'base', 'width': 1124, 'url': 'https://sun9-75.userapi.com/s/v1/ig2/RM9FAEIT3fOnRW0YqOQdc12eLlKJ4rD2uRkdH-3f0fD4kzgPbVLJ4kw5B0DGMgxrIEULdPYcAs8c4cjnPIlc3x2t.jpg?quality=95&as=32x22,48x33,72x50,108x75,160x111,240x167,360x250,480x334,540x375,640x445,720x500,1080x750,1124x781&from=bu'}], 'square_crop': '185,0,781', 'text': '', 'web_view_token': '85a48c19c74614dc0a', 'likes': {'count': 611, 'user_likes': 0}, 'comments': {'count': 25}, 'reposts': {'count': 0}, 'tags': {'count': 0}, 'orig_photo': {'height': 781, 'type': 'base', 'url': 'https://sun9-75.userapi.com/s/v1/ig2/RM9FAEIT3fOnRW0YqOQdc12eLlKJ4rD2uRkdH-3f0fD4kzgPbVLJ4kw5B0DGMgxrIEULdPYcAs8c4cjnPIlc3x2t.jpg?quality=95&as=32x22,48x33,72x50,108x75,160x111,240x167,360x250,480x334,540x375,640x445,720x500,1080x750,1124x781&from=bu', 'width': 1124}}, {'album_id': -6, 'date': 1746625126, 'id': 457251076, 'owner_id': 709507615, 'can_comment': 1, 'sizes': [{'height': 72, 'type': 's', 'width': 72, 'url': 'https://sun9-35.userapi.com/s/v1/ig2/H4x71RxhMI-pLUMcg9JpUhoB9Z2sDZ5Y1UmYlu_lgX_LiQEQ-BMEOLYG3E2KyH4GlEMveL4O5Qb6BKo7fyvyNZV2.jpg?quality=95&as=32x32,48x48,72x72,108x108,160x160,240x240,360x360,480x480,540x540,640x640,720x720,1080x1080,1280x1280&from=bu&cs=72x0'}, {'height': 160, 'type': 'm', 'width': 160, 'url': 'https://sun9-35.userapi.com/s/v1/ig2/H4x71RxhMI-pLUMcg9JpUhoB9Z2sDZ5Y1UmYlu_lgX_LiQEQ-BMEOLYG3E2KyH4GlEMveL4O5Qb6BKo7fyvyNZV2.jpg?quality=95&as=32x32,48x48,72x72,108x108,160x160,240x240,360x360,480x480,540x540,640x640,720x720,1080x1080,1280x1280&from=bu&cs=160x0'}, {'height': 640, 'type': 'x', 'width': 640, 'url': 'https://sun9-35.userapi.com/s/v1/ig2/H4x71RxhMI-pLUMcg9JpUhoB9Z2sDZ5Y1UmYlu_lgX_LiQEQ-BMEOLYG3E2KyH4GlEMveL4O5Qb6BKo7fyvyNZV2.jpg?quality=95&as=32x32,48x48,72x72,108x108,160x160,240x240,360x360,480x480,540x540,640x640,720x720,1080x1080,1280x1280&from=bu&cs=640x0'}, {'height': 1080, 'type': 'y', 'width': 1080, 'url': 'https://sun9-35.userapi.com/s/v1/ig2/H4x71RxhMI-pLUMcg9JpUhoB9Z2sDZ5Y1UmYlu_lgX_LiQEQ-BMEOLYG3E2KyH4GlEMveL4O5Qb6BKo7fyvyNZV2.jpg?quality=95&as=32x32,48x48,72x72,108x108,160x160,240x240,360x360,480x480,540x540,640x640,720x720,1080x1080,1280x1280&from=bu&cs=1080x0'}, {'height': 1280, 'type': 'z', 'width': 1280, 'url': 'https://sun9-35.userapi.com/s/v1/ig2/H4x71RxhMI-pLUMcg9JpUhoB9Z2sDZ5Y1UmYlu_lgX_LiQEQ-BMEOLYG3E2KyH4GlEMveL4O5Qb6BKo7fyvyNZV2.jpg?quality=95&as=32x32,48x48,72x72,108x108,160x160,240x240,360x360,480x480,540x540,640x640,720x720,1080x1080,1280x1280&from=bu&cs=1280x0'}, {'height': 1280, 'type': 'w', 'width': 1280, 'url': 'https://sun9-35.userapi.com/s/v1/ig2/H4x71RxhMI-pLUMcg9JpUhoB9Z2sDZ5Y1UmYlu_lgX_LiQEQ-BMEOLYG3E2KyH4GlEMveL4O5Qb6BKo7fyvyNZV2.jpg?quality=95&as=32x32,48x48,72x72,108x108,160x160,240x240,360x360,480x480,540x540,640x640,720x720,1080x1080,1280x1280&from=bu&cs=1280x0'}, {'height': 108, 'type': 'o', 'width': 108, 'url': 'https://sun9-35.userapi.com/s/v1/ig2/H4x71RxhMI-pLUMcg9JpUhoB9Z2sDZ5Y1UmYlu_lgX_LiQEQ-BMEOLYG3E2KyH4GlEMveL4O5Qb6BKo7fyvyNZV2.jpg?quality=95&as=32x32,48x48,72x72,108x108,160x160,240x240,360x360,480x480,540x540,640x640,720x720,1080x1080,1280x1280&from=bu&cs=108x0'}, {'height': 240, 'type': 'p', 'width': 240, 'url': 'https://sun9-35.userapi.com/s/v1/ig2/H4x71RxhMI-pLUMcg9JpUhoB9Z2sDZ5Y1UmYlu_lgX_LiQEQ-BMEOLYG3E2KyH4GlEMveL4O5Qb6BKo7fyvyNZV2.jpg?quality=95&as=32x32,48x48,72x72,108x108,160x160,240x240,360x360,480x480,540x540,640x640,720x720,1080x1080,1280x1280&from=bu&cs=240x0'}, {'height': 360, 'type': 'q', 'width': 360, 'url': 'https://sun9-35.userapi.com/s/v1/ig2/H4x71RxhMI-pLUMcg9JpUhoB9Z2sDZ5Y1UmYlu_lgX_LiQEQ-BMEOLYG3E2KyH4GlEMveL4O5Qb6BKo7fyvyNZV2.jpg?quality=95&as=32x32,48x48,72x72,108x108,160x160,240x240,360x360,480x480,540x540,640x640,720x720,1080x1080,1280x1280&from=bu&cs=360x0'}, {'height': 540, 'type': 'r', 'width': 540, 'url': 'https://sun9-35.userapi.com/s/v1/ig2/H4x71RxhMI-pLUMcg9JpUhoB9Z2sDZ5Y1UmYlu_lgX_LiQEQ-BMEOLYG3E2KyH4GlEMveL4O5Qb6BKo7fyvyNZV2.jpg?quality=95&as=32x32,48x48,72x72,108x108,160x160,240x240,360x360,480x480,540x540,640x640,720x720,1080x1080,1280x1280&from=bu&cs=540x0'}, {'height': 1280, 'type': 'base', 'width': 1280, 'url': 'https://sun9-35.userapi.com/s/v1/ig2/H4x71RxhMI-pLUMcg9JpUhoB9Z2sDZ5Y1UmYlu_lgX_LiQEQ-BMEOLYG3E2KyH4GlEMveL4O5Qb6BKo7fyvyNZV2.jpg?quality=95&as=32x32,48x48,72x72,108x108,160x160,240x240,360x360,480x480,540x540,640x640,720x720,1080x1080,1280x1280&from=bu'}], 'square_crop': '1,0,1279', 'text': '', 'web_view_token': '6d0d5384b46a5bc674', 'likes': {'count': 78, 'user_likes': 0}, 'comments': {'count': 1}, 'reposts': {'count': 0}, 'tags': {'count': 0}, 'orig_photo': {'height': 1280, 'type': 'base', 'url': 'https://sun9-35.userapi.com/s/v1/ig2/H4x71RxhMI-pLUMcg9JpUhoB9Z2sDZ5Y1UmYlu_lgX_LiQEQ-BMEOLYG3E2KyH4GlEMveL4O5Qb6BKo7fyvyNZV2.jpg?quality=95&as=32x32,48x48,72x72,108x108,160x160,240x240,360x360,480x480,540x540,640x640,720x720,1080x1080,1280x1280&from=bu', 'width': 1280}}, {'album_id': -6, 'date': 1733748229, 'id': 457247975, 'owner_id': 709507615, 'can_comment': 1, 'sizes': [{'height': 40, 'type': 's', 'width': 72, 'url': 'https://sun9-49.userapi.com/s/v1/ig2/GjPlDqVok859susSW2zakRmOmxg02xOTj0FQMr5cxm4N8aCJoocsNdV12O9n7zBsBCINguyHksV2s5xDftdMdkhS.jpg?quality=95&as=32x18,48x27,72x40,108x60,160x88,240x133,360x199,480x265,540x298,640x354,720x398,1080x597,1279x707&from=bu&cs=72x0'}, {'height': 88, 'type': 'm', 'width': 160, 'url': 'https://sun9-49.userapi.com/s/v1/ig2/GjPlDqVok859susSW2zakRmOmxg02xOTj0FQMr5cxm4N8aCJoocsNdV12O9n7zBsBCINguyHksV2s5xDftdMdkhS.jpg?quality=95&as=32x18,48x27,72x40,108x60,160x88,240x133,360x199,480x265,540x298,640x354,720x398,1080x597,1279x707&from=bu&cs=160x0'}, {'height': 354, 'type': 'x', 'width': 640, 'url': 'https://sun9-49.userapi.com/s/v1/ig2/GjPlDqVok859susSW2zakRmOmxg02xOTj0FQMr5cxm4N8aCJoocsNdV12O9n7zBsBCINguyHksV2s5xDftdMdkhS.jpg?quality=95&as=32x18,48x27,72x40,108x60,160x88,240x133,360x199,480x265,540x298,640x354,720x398,1080x597,1279x707&from=bu&cs=640x0'}, {'height': 597, 'type': 'y', 'width': 1080, 'url': 'https://sun9-49.userapi.com/s/v1/ig2/GjPlDqVok859susSW2zakRmOmxg02xOTj0FQMr5cxm4N8aCJoocsNdV12O9n7zBsBCINguyHksV2s5xDftdMdkhS.jpg?quality=95&as=32x18,48x27,72x40,108x60,160x88,240x133,360x199,480x265,540x298,640x354,720x398,1080x597,1279x707&from=bu&cs=1080x0'}, {'height': 707, 'type': 'z', 'width': 1279, 'url': 'https://sun9-49.userapi.com/s/v1/ig2/GjPlDqVok859susSW2zakRmOmxg02xOTj0FQMr5cxm4N8aCJoocsNdV12O9n7zBsBCINguyHksV2s5xDftdMdkhS.jpg?quality=95&as=32x18,48x27,72x40,108x60,160x88,240x133,360x199,480x265,540x298,640x354,720x398,1080x597,1279x707&from=bu&cs=1279x0'}, {'height': 60, 'type': 'o', 'width': 108, 'url': 'https://sun9-49.userapi.com/s/v1/ig2/GjPlDqVok859susSW2zakRmOmxg02xOTj0FQMr5cxm4N8aCJoocsNdV12O9n7zBsBCINguyHksV2s5xDftdMdkhS.jpg?quality=95&as=32x18,48x27,72x40,108x60,160x88,240x133,360x199,480x265,540x298,640x354,720x398,1080x597,1279x707&from=bu&cs=108x0'}, {'height': 133, 'type': 'p', 'width': 240, 'url': 'https://sun9-49.userapi.com/s/v1/ig2/GjPlDqVok859susSW2zakRmOmxg02xOTj0FQMr5cxm4N8aCJoocsNdV12O9n7zBsBCINguyHksV2s5xDftdMdkhS.jpg?quality=95&as=32x18,48x27,72x40,108x60,160x88,240x133,360x199,480x265,540x298,640x354,720x398,1080x597,1279x707&from=bu&cs=240x0'}, {'height': 199, 'type': 'q', 'width': 360, 'url': 'https://sun9-49.userapi.com/s/v1/ig2/GjPlDqVok859susSW2zakRmOmxg02xOTj0FQMr5cxm4N8aCJoocsNdV12O9n7zBsBCINguyHksV2s5xDftdMdkhS.jpg?quality=95&as=32x18,48x27,72x40,108x60,160x88,240x133,360x199,480x265,540x298,640x354,720x398,1080x597,1279x707&from=bu&cs=360x0'}, {'height': 298, 'type': 'r', 'width': 540, 'url': 'https://sun9-49.userapi.com/s/v1/ig2/GjPlDqVok859susSW2zakRmOmxg02xOTj0FQMr5cxm4N8aCJoocsNdV12O9n7zBsBCINguyHksV2s5xDftdMdkhS.jpg?quality=95&as=32x18,48x27,72x40,108x60,160x88,240x133,360x199,480x265,540x298,640x354,720x398,1080x597,1279x707&from=bu&cs=540x0'}, {'height': 707, 'type': 'base', 'width': 1279, 'url': 'https://sun9-49.userapi.com/s/v1/ig2/GjPlDqVok859susSW2zakRmOmxg02xOTj0FQMr5cxm4N8aCJoocsNdV12O9n7zBsBCINguyHksV2s5xDftdMdkhS.jpg?quality=95&as=32x18,48x27,72x40,108x60,160x88,240x133,360x199,480x265,540x298,640x354,720x398,1080x597,1279x707&from=bu'}], 'square_crop': '284,1,706', 'text': '', 'web_view_token': '9b6cbdbfd6f9ce0f58', 'likes': {'count': 355, 'user_likes': 0}, 'comments': {'count': 51}, 'reposts': {'count': 0}, 'tags': {'count': 0}, 'orig_photo': {'height': 707, 'type': 'base', 'url': 'https://sun9-49.userapi.com/s/v1/ig2/GjPlDqVok859susSW2zakRmOmxg02xOTj0FQMr5cxm4N8aCJoocsNdV12O9n7zBsBCINguyHksV2s5xDftdMdkhS.jpg?quality=95&as=32x18,48x27,72x40,108x60,160x88,240x133,360x199,480x265,540x298,640x354,720x398,1080x597,1279x707&from=bu', 'width': 1279}}, {'album_id': -6, 'date': 1778053694, 'id': 457257440, 'owner_id': 709507615, 'can_comment': 1, 'sizes': [{'height': 72, 'type': 's', 'width': 72, 'url': 'https://sun9-28.userapi.com/s/v1/ig2/oK9dx3zqNCyph7HUF-pYI4OprppjmuhcDbaBtO17Z2X9jMOtovEtuOZcOOtO9o-08uVCuMHEsW9VWp1k5sqdJn87.jpg?quality=95&as=32x32,48x48,72x72,108x108,160x160,240x240,360x360,480x480,540x540,640x640,720x720,1080x1080,1280x1280&from=bu&cs=72x0'}, {'height': 160, 'type': 'm', 'width': 160, 'url': 'https://sun9-28.userapi.com/s/v1/ig2/oK9dx3zqNCyph7HUF-pYI4OprppjmuhcDbaBtO17Z2X9jMOtovEtuOZcOOtO9o-08uVCuMHEsW9VWp1k5sqdJn87.jpg?quality=95&as=32x32,48x48,72x72,108x108,160x160,240x240,360x360,480x480,540x540,640x640,720x720,1080x1080,1280x1280&from=bu&cs=160x0'}, {'height': 640, 'type': 'x', 'width': 640, 'url': 'https://sun9-28.userapi.com/s/v1/ig2/oK9dx3zqNCyph7HUF-pYI4OprppjmuhcDbaBtO17Z2X9jMOtovEtuOZcOOtO9o-08uVCuMHEsW9VWp1k5sqdJn87.jpg?quality=95&as=32x32,48x48,72x72,108x108,160x160,240x240,360x360,480x480,540x540,640x640,720x720,1080x1080,1280x1280&from=bu&cs=640x0'}, {'height': 1080, 'type': 'y', 'width': 1080, 'url': 'https://sun9-28.userapi.com/s/v1/ig2/oK9dx3zqNCyph7HUF-pYI4OprppjmuhcDbaBtO17Z2X9jMOtovEtuOZcOOtO9o-08uVCuMHEsW9VWp1k5sqdJn87.jpg?quality=95&as=32x32,48x48,72x72,108x108,160x160,240x240,360x360,480x480,540x540,640x640,720x720,1080x1080,1280x1280&from=bu&cs=1080x0'}, {'height': 1280, 'type': 'z', 'width': 1280, 'url': 'https://sun9-28.userapi.com/s/v1/ig2/oK9dx3zqNCyph7HUF-pYI4OprppjmuhcDbaBtO17Z2X9jMOtovEtuOZcOOtO9o-08uVCuMHEsW9VWp1k5sqdJn87.jpg?quality=95&as=32x32,48x48,72x72,108x108,160x160,240x240,360x360,480x480,540x540,640x640,720x720,1080x1080,1280x1280&from=bu&cs=1280x0'}, {'height': 1280, 'type': 'w', 'width': 1280, 'url': 'https://sun9-28.userapi.com/s/v1/ig2/oK9dx3zqNCyph7HUF-pYI4OprppjmuhcDbaBtO17Z2X9jMOtovEtuOZcOOtO9o-08uVCuMHEsW9VWp1k5sqdJn87.jpg?quality=95&as=32x32,48x48,72x72,108x108,160x160,240x240,360x360,480x480,540x540,640x640,720x720,1080x1080,1280x1280&from=bu&cs=1280x0'}, {'height': 108, 'type': 'o', 'width': 108, 'url': 'https://sun9-28.userapi.com/s/v1/ig2/oK9dx3zqNCyph7HUF-pYI4OprppjmuhcDbaBtO17Z2X9jMOtovEtuOZcOOtO9o-08uVCuMHEsW9VWp1k5sqdJn87.jpg?quality=95&as=32x32,48x48,72x72,108x108,160x160,240x240,360x360,480x480,540x540,640x640,720x720,1080x1080,1280x1280&from=bu&cs=108x0'}, {'height': 240, 'type': 'p', 'width': 240, 'url': 'https://sun9-28.userapi.com/s/v1/ig2/oK9dx3zqNCyph7HUF-pYI4OprppjmuhcDbaBtO17Z2X9jMOtovEtuOZcOOtO9o-08uVCuMHEsW9VWp1k5sqdJn87.jpg?quality=95&as=32x32,48x48,72x72,108x108,160x160,240x240,360x360,480x480,540x540,640x640,720x720,1080x1080,1280x1280&from=bu&cs=240x0'}, {'height': 360, 'type': 'q', 'width': 360, 'url': 'https://sun9-28.userapi.com/s/v1/ig2/oK9dx3zqNCyph7HUF-pYI4OprppjmuhcDbaBtO17Z2X9jMOtovEtuOZcOOtO9o-08uVCuMHEsW9VWp1k5sqdJn87.jpg?quality=95&as=32x32,48x48,72x72,108x108,160x160,240x240,360x360,480x480,540x540,640x640,720x720,1080x1080,1280x1280&from=bu&cs=360x0'}, {'height': 540, 'type': 'r', 'width': 540, 'url': 'https://sun9-28.userapi.com/s/v1/ig2/oK9dx3zqNCyph7HUF-pYI4OprppjmuhcDbaBtO17Z2X9jMOtovEtuOZcOOtO9o-08uVCuMHEsW9VWp1k5sqdJn87.jpg?quality=95&as=32x32,48x48,72x72,108x108,160x160,240x240,360x360,480x480,540x540,640x640,720x720,1080x1080,1280x1280&from=bu&cs=540x0'}, {'height': 1280, 'type': 'base', 'width': 1280, 'url': 'https://sun9-28.userapi.com/s/v1/ig2/oK9dx3zqNCyph7HUF-pYI4OprppjmuhcDbaBtO17Z2X9jMOtovEtuOZcOOtO9o-08uVCuMHEsW9VWp1k5sqdJn87.jpg?quality=95&as=32x32,48x48,72x72,108x108,160x160,240x240,360x360,480x480,540x540,640x640,720x720,1080x1080,1280x1280&from=bu'}], 'square_crop': '1,1,1279', 'text': '', 'web_view_token': 'd2f5255d896317de72', 'likes': {'count': 125, 'user_likes': 0}, 'comments': {'count': 0}, 'reposts': {'count': 0}, 'tags': {'count': 0}, 'orig_photo': {'height': 1280, 'type': 'base', 'url': 'https://sun9-28.userapi.com/s/v1/ig2/oK9dx3zqNCyph7HUF-pYI4OprppjmuhcDbaBtO17Z2X9jMOtovEtuOZcOOtO9o-08uVCuMHEsW9VWp1k5sqdJn87.jpg?quality=95&as=32x32,48x48,72x72,108x108,160x160,240x240,360x360,480x480,540x540,640x640,720x720,1080x1080,1280x1280&from=bu', 'width': 1280}}]
14:18:13 - DEBUG - result get top3 photo: ['photo709507615_457245405', 'photo709507615_457247975', 'photo709507615_457242371']
14:18:13 - DEBUG - result extract user data: {'user_id': 709507615, 'first_name': 'Александр', 'last_name': 'Хинштейн', 'sex': 2, 'sex_as_text': 'Мужской', 'profile_URL': 'https://vk.com/id709507615', 'age': 51, 'city_id': 75, 'city': 'Курск', 'photo_URL': ['photo709507615_457245405', 'photo709507615_457247975', 'photo709507615_457242371']}
14:18:13 - DEBUG - search user result: {'user_id': 709507615, 'first_name': 'Александр', 'last_name': 'Хинштейн', 'sex': 2, 'sex_as_text': 'Мужской', 'profile_URL': 'https://vk.com/id709507615', 'age': 51, 'city_id': 75, 'city': 'Курск', 'photo_URL': ['photo709507615_457245405', 'photo709507615_457247975', 'photo709507615_457242371']}
14:18:13 - INFO - BEGIN (implicit)
14:18:13 - INFO - SELECT favorites.id AS favorites_id, favorites.vk_user_id AS favorites_vk_user_id, favorites.profile_vk_id AS favorites_profile_vk_id 
FROM favorites 
WHERE favorites.vk_user_id = %(vk_user_id_1)s AND favorites.profile_vk_id = %(profile_vk_id_1)s 
 LIMIT %(param_1)s
14:18:13 - INFO - [cached since 52.73s ago] {'vk_user_id_1': '311485261', 'profile_vk_id_1': '465635343', 'param_1': 1}
14:18:13 - INFO - INSERT INTO favorites (vk_user_id, profile_vk_id) VALUES (%(vk_user_id)s, %(profile_vk_id)s) RETURNING favorites.id
14:18:13 - INFO - [cached since 52.73s ago] {'vk_user_id': '311485261', 'profile_vk_id': '465635343'}
14:18:13 - INFO - COMMIT
14:18:13 - DEBUG - API request was validated
14:18:13 - DEBUG - Request messages.send with {'random_id': 0, 'peer_ids': '311485261', 'message': 'Пользователь Александр Емельяненко добавлен в избранное'} data returned {"response":[{"peer_id":311485261,"message_id":602,"conversation_message_id":601}]}
14:18:13 - DEBUG - API response was validated
14:18:13 - INFO - BEGIN (implicit)
14:18:13 - INFO - SELECT viewed.id AS viewed_id, viewed.vk_user_id AS viewed_vk_user_id, viewed.profile_vk_id AS viewed_profile_vk_id 
FROM viewed 
WHERE viewed.vk_user_id = %(vk_user_id_1)s AND viewed.profile_vk_id = %(profile_vk_id_1)s 
 LIMIT %(param_1)s
14:18:13 - INFO - [cached since 57.48s ago] {'vk_user_id_1': '311485261', 'profile_vk_id_1': '709507615', 'param_1': 1}
14:18:13 - INFO - INSERT INTO viewed (vk_user_id, profile_vk_id) VALUES (%(vk_user_id)s, %(profile_vk_id)s) RETURNING viewed.id
14:18:13 - INFO - [cached since 57.48s ago] {'vk_user_id': '311485261', 'profile_vk_id': '709507615'}
14:18:13 - INFO - COMMIT
14:18:13 - DEBUG - API request was validated
14:18:13 - DEBUG - Request messages.send with {'random_id': 0, 'peer_ids': '311485261', 'message': 'Александр Хинштейн, г. Курск, 51', 'attachment': 'photo709507615_457245405,photo709507615_457247975,photo709507615_457242371', 'keyboard': <vkbottle.tools.keyboard.keyboard.Keyboard object at 0x0000000029F67360>} data returned {"response":[{"peer_id":311485261,"message_id":603,"conversation_message_id":602}]}
14:18:13 - DEBUG - API response was validated
14:18:33 - DEBUG - New event was received: {'ts': '121', 'updates': []}
14:18:33 - DEBUG - Making long request to get event with longpoll...
14:18:42 - DEBUG - New event was received: {'ts': '122', 'updates': [{'group_id': 238429916, 'type': 'message_new', 'event_id': '65b550429e04d2d0a14d673537c4c59aa0347e40', 'v': '5.199', 'object': {'client_info': {'button_actions': ['text', 'vkpay', 'open_app', 'location', 'open_link', 'open_photo', 'callback', 'intent_subscribe', 'intent_unsubscribe'], 'keyboard': True, 'inline_keyboard': True, 'carousel': True, 'lang_id': 0}, 'message': {'date': 1778584723, 'from_id': 311485261, 'id': 604, 'version': 10001972, 'out': 0, 'fwd_messages': [], 'important': False, 'is_hidden': False, 'attachments': [], 'conversation_message_id': 603, 'payload': '{"cmd":"to_main_menu"}', 'text': 'В главное меню', 'peer_id': 311485261, 'random_id': 0}}}]}
14:18:42 - DEBUG - Making long request to get event with longpoll...
14:18:42 - DEBUG - Routing update {'group_id': 238429916, 'type': 'message_new', 'event_id': '65b550429e04d2d0a14d673537c4c59aa0347e40', 'v': '5.199', 'object': {'client_info': {'button_actions': ['text', 'vkpay', 'open_app', 'location', 'open_link', 'open_photo', 'callback', 'intent_subscribe', 'intent_unsubscribe'], 'keyboard': True, 'inline_keyboard': True, 'carousel': True, 'lang_id': 0}, 'message': {'date': 1778584723, 'from_id': 311485261, 'id': 604, 'version': 10001972, 'out': 0, 'fwd_messages': [], 'important': False, 'is_hidden': False, 'attachments': [], 'conversation_message_id': 603, 'payload': '{"cmd":"to_main_menu"}', 'text': 'В главное меню', 'peer_id': 311485261, 'random_id': 0}}}
14:18:42 - DEBUG - Handling event (message_new) with message view
14:18:42 - DEBUG - Casting state for peer_id 311485261
14:18:42 - DEBUG - Handler <FromFuncHandler greet_handler blocking=True rules=(<vkbottle.dispatch.rules.base.PeerRule>, <vkbottle.dispatch.rules.base.StateRule>)> returned False
14:18:42 - DEBUG - Handler <FromFuncHandler start_dating blocking=True rules=(<vkbottle.dispatch.rules.base.PeerRule>, <vkbottle.dispatch.rules.base.StateRule>, <vkbottle.dispatch.rules.base.PayloadRule>)> returned False
14:18:42 - DEBUG - Handler <FromFuncHandler next_dating blocking=True rules=(<vkbottle.dispatch.rules.base.PeerRule>, <vkbottle.dispatch.rules.base.StateRule>, <vkbottle.dispatch.rules.base.PayloadRule>)> returned False
14:18:42 - DEBUG - Handler <FromFuncHandler add_to_favourite blocking=True rules=(<vkbottle.dispatch.rules.base.PeerRule>, <vkbottle.dispatch.rules.base.StateRule>, <vkbottle.dispatch.rules.base.PayloadRule>)> returned False
14:18:42 - DEBUG - Handler <FromFuncHandler go_to_favourite blocking=True rules=(<vkbottle.dispatch.rules.base.PeerRule>, <vkbottle.dispatch.rules.base.StateRule>, <vkbottle.dispatch.rules.base.PayloadRule>)> returned False
14:18:42 - DEBUG - Handler <FromFuncHandler next_favourite blocking=True rules=(<vkbottle.dispatch.rules.base.PeerRule>, <vkbottle.dispatch.rules.base.StateRule>, <vkbottle.dispatch.rules.base.PayloadRule>)> returned False
14:18:42 - DEBUG - Handler <FromFuncHandler go_to_main_menu blocking=True rules=(<vkbottle.dispatch.rules.base.PeerRule>, <vkbottle.dispatch.rules.base.PayloadRule>)> returned {}
14:18:42 - DEBUG - API request was validated
14:18:42 - DEBUG - Request messages.send with {'random_id': 0, 'peer_ids': '311485261', 'message': 'Чем хочешь заняться?', 'keyboard': <vkbottle.tools.keyboard.keyboard.Keyboard object at 0x0000000029FC1BD0>} data returned {"response":[{"peer_id":311485261,"message_id":605,"conversation_message_id":604}]}
14:18:42 - DEBUG - API response was validated
14:18:45 - DEBUG - New event was received: {'ts': '123', 'updates': [{'group_id': 238429916, 'type': 'message_new', 'event_id': '1f8ba07aaf3843a69cf604aea9bf8cdc9cb53356', 'v': '5.199', 'object': {'client_info': {'button_actions': ['text', 'vkpay', 'open_app', 'location', 'open_link', 'open_photo', 'callback', 'intent_subscribe', 'intent_unsubscribe'], 'keyboard': True, 'inline_keyboard': True, 'carousel': True, 'lang_id': 0}, 'message': {'date': 1778584726, 'from_id': 311485261, 'id': 606, 'version': 10001980, 'out': 0, 'fwd_messages': [], 'important': False, 'is_hidden': False, 'attachments': [], 'conversation_message_id': 605, 'payload': '{"cmd":"to_favourites"}', 'text': 'Посмотреть избранное', 'peer_id': 311485261, 'random_id': 0}}}]}
14:18:45 - DEBUG - Making long request to get event with longpoll...
14:18:45 - DEBUG - Routing update {'group_id': 238429916, 'type': 'message_new', 'event_id': '1f8ba07aaf3843a69cf604aea9bf8cdc9cb53356', 'v': '5.199', 'object': {'client_info': {'button_actions': ['text', 'vkpay', 'open_app', 'location', 'open_link', 'open_photo', 'callback', 'intent_subscribe', 'intent_unsubscribe'], 'keyboard': True, 'inline_keyboard': True, 'carousel': True, 'lang_id': 0}, 'message': {'date': 1778584726, 'from_id': 311485261, 'id': 606, 'version': 10001980, 'out': 0, 'fwd_messages': [], 'important': False, 'is_hidden': False, 'attachments': [], 'conversation_message_id': 605, 'payload': '{"cmd":"to_favourites"}', 'text': 'Посмотреть избранное', 'peer_id': 311485261, 'random_id': 0}}}
14:18:45 - DEBUG - Handling event (message_new) with message view
14:18:45 - DEBUG - Casting state for peer_id 311485261
14:18:45 - DEBUG - Handler <FromFuncHandler greet_handler blocking=True rules=(<vkbottle.dispatch.rules.base.PeerRule>, <vkbottle.dispatch.rules.base.StateRule>)> returned False
14:18:45 - DEBUG - Handler <FromFuncHandler start_dating blocking=True rules=(<vkbottle.dispatch.rules.base.PeerRule>, <vkbottle.dispatch.rules.base.StateRule>, <vkbottle.dispatch.rules.base.PayloadRule>)> returned False
14:18:45 - DEBUG - Handler <FromFuncHandler next_dating blocking=True rules=(<vkbottle.dispatch.rules.base.PeerRule>, <vkbottle.dispatch.rules.base.StateRule>, <vkbottle.dispatch.rules.base.PayloadRule>)> returned False
14:18:45 - DEBUG - Handler <FromFuncHandler add_to_favourite blocking=True rules=(<vkbottle.dispatch.rules.base.PeerRule>, <vkbottle.dispatch.rules.base.StateRule>, <vkbottle.dispatch.rules.base.PayloadRule>)> returned False
14:18:45 - DEBUG - Handler <FromFuncHandler go_to_favourite blocking=True rules=(<vkbottle.dispatch.rules.base.PeerRule>, <vkbottle.dispatch.rules.base.StateRule>, <vkbottle.dispatch.rules.base.PayloadRule>)> returned {}
14:18:45 - INFO - BEGIN (implicit)
14:18:45 - INFO - SELECT favorites.id AS favorites_id, favorites.vk_user_id AS favorites_vk_user_id, favorites.profile_vk_id AS favorites_profile_vk_id 
FROM favorites 
WHERE favorites.vk_user_id = %(vk_user_id_1)s
14:18:45 - INFO - [cached since 77.57s ago] {'vk_user_id_1': '311485261'}
14:18:45 - INFO - ROLLBACK
14:18:45 - DEBUG - https://api.vk.com:443 "POST /method/users.get HTTP/1.1" 200 161
14:18:45 - DEBUG - get user info response: [{'id': 864559765, 'bdate': '23.8.1979', 'sex': 2, 'first_name': 'Алексей', 'last_name': 'Беспрозванных', 'can_access_closed': True, 'is_closed': False}]
14:18:45 - DEBUG - get user info item: {'id': 864559765, 'bdate': '23.8.1979', 'sex': 2, 'first_name': 'Алексей', 'last_name': 'Беспрозванных', 'can_access_closed': True, 'is_closed': False}
14:18:46 - DEBUG - https://api.vk.com:443 "POST /method/photos.get HTTP/1.1" 200 656
14:18:46 - DEBUG - get profile photos response: {'count': 1, 'items': [{'album_id': -6, 'date': 1717153993, 'id': 457239018, 'owner_id': 864559765, 'can_comment': 1, 'post_id': 1, 'sizes': [{'height': 72, 'type': 's', 'width': 72, 'url': 'https://sun9-23.userapi.com/s/v1/ig2/vw3BcqX7yyHlDZpYdn8lHTBaOVjECgGelXyZlsyJzGak93NcCCRhISmITadrYLgG1KiK5khUS2JOsK5B4xlYSsIw.jpg?quality=96&as=32x32,48x48,72x72,108x108,160x160,240x240,360x360,480x480,540x540,640x640,720x720,1080x1080,1280x1280,1440x1440,2160x2160&from=bu&cs=72x0'}, {'height': 160, 'type': 'm', 'width': 160, 'url': 'https://sun9-23.userapi.com/s/v1/ig2/vw3BcqX7yyHlDZpYdn8lHTBaOVjECgGelXyZlsyJzGak93NcCCRhISmITadrYLgG1KiK5khUS2JOsK5B4xlYSsIw.jpg?quality=96&as=32x32,48x48,72x72,108x108,160x160,240x240,360x360,480x480,540x540,640x640,720x720,1080x1080,1280x1280,1440x1440,2160x2160&from=bu&cs=160x0'}, {'height': 640, 'type': 'x', 'width': 640, 'url': 'https://sun9-23.userapi.com/s/v1/ig2/vw3BcqX7yyHlDZpYdn8lHTBaOVjECgGelXyZlsyJzGak93NcCCRhISmITadrYLgG1KiK5khUS2JOsK5B4xlYSsIw.jpg?quality=96&as=32x32,48x48,72x72,108x108,160x160,240x240,360x360,480x480,540x540,640x640,720x720,1080x1080,1280x1280,1440x1440,2160x2160&from=bu&cs=640x0'}, {'height': 1080, 'type': 'y', 'width': 1080, 'url': 'https://sun9-23.userapi.com/s/v1/ig2/vw3BcqX7yyHlDZpYdn8lHTBaOVjECgGelXyZlsyJzGak93NcCCRhISmITadrYLgG1KiK5khUS2JOsK5B4xlYSsIw.jpg?quality=96&as=32x32,48x48,72x72,108x108,160x160,240x240,360x360,480x480,540x540,640x640,720x720,1080x1080,1280x1280,1440x1440,2160x2160&from=bu&cs=1080x0'}, {'height': 1280, 'type': 'z', 'width': 1280, 'url': 'https://sun9-23.userapi.com/s/v1/ig2/vw3BcqX7yyHlDZpYdn8lHTBaOVjECgGelXyZlsyJzGak93NcCCRhISmITadrYLgG1KiK5khUS2JOsK5B4xlYSsIw.jpg?quality=96&as=32x32,48x48,72x72,108x108,160x160,240x240,360x360,480x480,540x540,640x640,720x720,1080x1080,1280x1280,1440x1440,2160x2160&from=bu&cs=1280x0'}, {'height': 2160, 'type': 'w', 'width': 2160, 'url': 'https://sun9-23.userapi.com/s/v1/ig2/vw3BcqX7yyHlDZpYdn8lHTBaOVjECgGelXyZlsyJzGak93NcCCRhISmITadrYLgG1KiK5khUS2JOsK5B4xlYSsIw.jpg?quality=96&as=32x32,48x48,72x72,108x108,160x160,240x240,360x360,480x480,540x540,640x640,720x720,1080x1080,1280x1280,1440x1440,2160x2160&from=bu&cs=2160x0'}, {'height': 108, 'type': 'o', 'width': 108, 'url': 'https://sun9-23.userapi.com/s/v1/ig2/vw3BcqX7yyHlDZpYdn8lHTBaOVjECgGelXyZlsyJzGak93NcCCRhISmITadrYLgG1KiK5khUS2JOsK5B4xlYSsIw.jpg?quality=96&as=32x32,48x48,72x72,108x108,160x160,240x240,360x360,480x480,540x540,640x640,720x720,1080x1080,1280x1280,1440x1440,2160x2160&from=bu&cs=108x0'}, {'height': 240, 'type': 'p', 'width': 240, 'url': 'https://sun9-23.userapi.com/s/v1/ig2/vw3BcqX7yyHlDZpYdn8lHTBaOVjECgGelXyZlsyJzGak93NcCCRhISmITadrYLgG1KiK5khUS2JOsK5B4xlYSsIw.jpg?quality=96&as=32x32,48x48,72x72,108x108,160x160,240x240,360x360,480x480,540x540,640x640,720x720,1080x1080,1280x1280,1440x1440,2160x2160&from=bu&cs=240x0'}, {'height': 360, 'type': 'q', 'width': 360, 'url': 'https://sun9-23.userapi.com/s/v1/ig2/vw3BcqX7yyHlDZpYdn8lHTBaOVjECgGelXyZlsyJzGak93NcCCRhISmITadrYLgG1KiK5khUS2JOsK5B4xlYSsIw.jpg?quality=96&as=32x32,48x48,72x72,108x108,160x160,240x240,360x360,480x480,540x540,640x640,720x720,1080x1080,1280x1280,1440x1440,2160x2160&from=bu&cs=360x0'}, {'height': 540, 'type': 'r', 'width': 540, 'url': 'https://sun9-23.userapi.com/s/v1/ig2/vw3BcqX7yyHlDZpYdn8lHTBaOVjECgGelXyZlsyJzGak93NcCCRhISmITadrYLgG1KiK5khUS2JOsK5B4xlYSsIw.jpg?quality=96&as=32x32,48x48,72x72,108x108,160x160,240x240,360x360,480x480,540x540,640x640,720x720,1080x1080,1280x1280,1440x1440,2160x2160&from=bu&cs=540x0'}, {'height': 2160, 'type': 'base', 'width': 2160, 'url': 'https://sun9-23.userapi.com/s/v1/ig2/vw3BcqX7yyHlDZpYdn8lHTBaOVjECgGelXyZlsyJzGak93NcCCRhISmITadrYLgG1KiK5khUS2JOsK5B4xlYSsIw.jpg?quality=96&as=32x32,48x48,72x72,108x108,160x160,240x240,360x360,480x480,540x540,640x640,720x720,1080x1080,1280x1280,1440x1440,2160x2160&from=bu'}], 'square_crop': '216,216,1728', 'text': '', 'web_view_token': '81ca483ac52ac349c9', 'likes': {'count': 369, 'user_likes': 0}, 'comments': {'count': 116}, 'reposts': {'count': 0}, 'tags': {'count': 0}, 'orig_photo': {'height': 2160, 'type': 'base', 'url': 'https://sun9-23.userapi.com/s/v1/ig2/vw3BcqX7yyHlDZpYdn8lHTBaOVjECgGelXyZlsyJzGak93NcCCRhISmITadrYLgG1KiK5khUS2JOsK5B4xlYSsIw.jpg?quality=96&as=32x32,48x48,72x72,108x108,160x160,240x240,360x360,480x480,540x540,640x640,720x720,1080x1080,1280x1280,1440x1440,2160x2160&from=bu', 'width': 2160}}], 'next_from': ''}
14:18:46 - DEBUG - profile photos: [{'album_id': -6, 'date': 1717153993, 'id': 457239018, 'owner_id': 864559765, 'can_comment': 1, 'post_id': 1, 'sizes': [{'height': 72, 'type': 's', 'width': 72, 'url': 'https://sun9-23.userapi.com/s/v1/ig2/vw3BcqX7yyHlDZpYdn8lHTBaOVjECgGelXyZlsyJzGak93NcCCRhISmITadrYLgG1KiK5khUS2JOsK5B4xlYSsIw.jpg?quality=96&as=32x32,48x48,72x72,108x108,160x160,240x240,360x360,480x480,540x540,640x640,720x720,1080x1080,1280x1280,1440x1440,2160x2160&from=bu&cs=72x0'}, {'height': 160, 'type': 'm', 'width': 160, 'url': 'https://sun9-23.userapi.com/s/v1/ig2/vw3BcqX7yyHlDZpYdn8lHTBaOVjECgGelXyZlsyJzGak93NcCCRhISmITadrYLgG1KiK5khUS2JOsK5B4xlYSsIw.jpg?quality=96&as=32x32,48x48,72x72,108x108,160x160,240x240,360x360,480x480,540x540,640x640,720x720,1080x1080,1280x1280,1440x1440,2160x2160&from=bu&cs=160x0'}, {'height': 640, 'type': 'x', 'width': 640, 'url': 'https://sun9-23.userapi.com/s/v1/ig2/vw3BcqX7yyHlDZpYdn8lHTBaOVjECgGelXyZlsyJzGak93NcCCRhISmITadrYLgG1KiK5khUS2JOsK5B4xlYSsIw.jpg?quality=96&as=32x32,48x48,72x72,108x108,160x160,240x240,360x360,480x480,540x540,640x640,720x720,1080x1080,1280x1280,1440x1440,2160x2160&from=bu&cs=640x0'}, {'height': 1080, 'type': 'y', 'width': 1080, 'url': 'https://sun9-23.userapi.com/s/v1/ig2/vw3BcqX7yyHlDZpYdn8lHTBaOVjECgGelXyZlsyJzGak93NcCCRhISmITadrYLgG1KiK5khUS2JOsK5B4xlYSsIw.jpg?quality=96&as=32x32,48x48,72x72,108x108,160x160,240x240,360x360,480x480,540x540,640x640,720x720,1080x1080,1280x1280,1440x1440,2160x2160&from=bu&cs=1080x0'}, {'height': 1280, 'type': 'z', 'width': 1280, 'url': 'https://sun9-23.userapi.com/s/v1/ig2/vw3BcqX7yyHlDZpYdn8lHTBaOVjECgGelXyZlsyJzGak93NcCCRhISmITadrYLgG1KiK5khUS2JOsK5B4xlYSsIw.jpg?quality=96&as=32x32,48x48,72x72,108x108,160x160,240x240,360x360,480x480,540x540,640x640,720x720,1080x1080,1280x1280,1440x1440,2160x2160&from=bu&cs=1280x0'}, {'height': 2160, 'type': 'w', 'width': 2160, 'url': 'https://sun9-23.userapi.com/s/v1/ig2/vw3BcqX7yyHlDZpYdn8lHTBaOVjECgGelXyZlsyJzGak93NcCCRhISmITadrYLgG1KiK5khUS2JOsK5B4xlYSsIw.jpg?quality=96&as=32x32,48x48,72x72,108x108,160x160,240x240,360x360,480x480,540x540,640x640,720x720,1080x1080,1280x1280,1440x1440,2160x2160&from=bu&cs=2160x0'}, {'height': 108, 'type': 'o', 'width': 108, 'url': 'https://sun9-23.userapi.com/s/v1/ig2/vw3BcqX7yyHlDZpYdn8lHTBaOVjECgGelXyZlsyJzGak93NcCCRhISmITadrYLgG1KiK5khUS2JOsK5B4xlYSsIw.jpg?quality=96&as=32x32,48x48,72x72,108x108,160x160,240x240,360x360,480x480,540x540,640x640,720x720,1080x1080,1280x1280,1440x1440,2160x2160&from=bu&cs=108x0'}, {'height': 240, 'type': 'p', 'width': 240, 'url': 'https://sun9-23.userapi.com/s/v1/ig2/vw3BcqX7yyHlDZpYdn8lHTBaOVjECgGelXyZlsyJzGak93NcCCRhISmITadrYLgG1KiK5khUS2JOsK5B4xlYSsIw.jpg?quality=96&as=32x32,48x48,72x72,108x108,160x160,240x240,360x360,480x480,540x540,640x640,720x720,1080x1080,1280x1280,1440x1440,2160x2160&from=bu&cs=240x0'}, {'height': 360, 'type': 'q', 'width': 360, 'url': 'https://sun9-23.userapi.com/s/v1/ig2/vw3BcqX7yyHlDZpYdn8lHTBaOVjECgGelXyZlsyJzGak93NcCCRhISmITadrYLgG1KiK5khUS2JOsK5B4xlYSsIw.jpg?quality=96&as=32x32,48x48,72x72,108x108,160x160,240x240,360x360,480x480,540x540,640x640,720x720,1080x1080,1280x1280,1440x1440,2160x2160&from=bu&cs=360x0'}, {'height': 540, 'type': 'r', 'width': 540, 'url': 'https://sun9-23.userapi.com/s/v1/ig2/vw3BcqX7yyHlDZpYdn8lHTBaOVjECgGelXyZlsyJzGak93NcCCRhISmITadrYLgG1KiK5khUS2JOsK5B4xlYSsIw.jpg?quality=96&as=32x32,48x48,72x72,108x108,160x160,240x240,360x360,480x480,540x540,640x640,720x720,1080x1080,1280x1280,1440x1440,2160x2160&from=bu&cs=540x0'}, {'height': 2160, 'type': 'base', 'width': 2160, 'url': 'https://sun9-23.userapi.com/s/v1/ig2/vw3BcqX7yyHlDZpYdn8lHTBaOVjECgGelXyZlsyJzGak93NcCCRhISmITadrYLgG1KiK5khUS2JOsK5B4xlYSsIw.jpg?quality=96&as=32x32,48x48,72x72,108x108,160x160,240x240,360x360,480x480,540x540,640x640,720x720,1080x1080,1280x1280,1440x1440,2160x2160&from=bu'}], 'square_crop': '216,216,1728', 'text': '', 'web_view_token': '81ca483ac52ac349c9', 'likes': {'count': 369, 'user_likes': 0}, 'comments': {'count': 116}, 'reposts': {'count': 0}, 'tags': {'count': 0}, 'orig_photo': {'height': 2160, 'type': 'base', 'url': 'https://sun9-23.userapi.com/s/v1/ig2/vw3BcqX7yyHlDZpYdn8lHTBaOVjECgGelXyZlsyJzGak93NcCCRhISmITadrYLgG1KiK5khUS2JOsK5B4xlYSsIw.jpg?quality=96&as=32x32,48x48,72x72,108x108,160x160,240x240,360x360,480x480,540x540,640x640,720x720,1080x1080,1280x1280,1440x1440,2160x2160&from=bu', 'width': 2160}}]
14:18:46 - DEBUG - all profile photos result: [{'album_id': -6, 'date': 1717153993, 'id': 457239018, 'owner_id': 864559765, 'can_comment': 1, 'post_id': 1, 'sizes': [{'height': 72, 'type': 's', 'width': 72, 'url': 'https://sun9-23.userapi.com/s/v1/ig2/vw3BcqX7yyHlDZpYdn8lHTBaOVjECgGelXyZlsyJzGak93NcCCRhISmITadrYLgG1KiK5khUS2JOsK5B4xlYSsIw.jpg?quality=96&as=32x32,48x48,72x72,108x108,160x160,240x240,360x360,480x480,540x540,640x640,720x720,1080x1080,1280x1280,1440x1440,2160x2160&from=bu&cs=72x0'}, {'height': 160, 'type': 'm', 'width': 160, 'url': 'https://sun9-23.userapi.com/s/v1/ig2/vw3BcqX7yyHlDZpYdn8lHTBaOVjECgGelXyZlsyJzGak93NcCCRhISmITadrYLgG1KiK5khUS2JOsK5B4xlYSsIw.jpg?quality=96&as=32x32,48x48,72x72,108x108,160x160,240x240,360x360,480x480,540x540,640x640,720x720,1080x1080,1280x1280,1440x1440,2160x2160&from=bu&cs=160x0'}, {'height': 640, 'type': 'x', 'width': 640, 'url': 'https://sun9-23.userapi.com/s/v1/ig2/vw3BcqX7yyHlDZpYdn8lHTBaOVjECgGelXyZlsyJzGak93NcCCRhISmITadrYLgG1KiK5khUS2JOsK5B4xlYSsIw.jpg?quality=96&as=32x32,48x48,72x72,108x108,160x160,240x240,360x360,480x480,540x540,640x640,720x720,1080x1080,1280x1280,1440x1440,2160x2160&from=bu&cs=640x0'}, {'height': 1080, 'type': 'y', 'width': 1080, 'url': 'https://sun9-23.userapi.com/s/v1/ig2/vw3BcqX7yyHlDZpYdn8lHTBaOVjECgGelXyZlsyJzGak93NcCCRhISmITadrYLgG1KiK5khUS2JOsK5B4xlYSsIw.jpg?quality=96&as=32x32,48x48,72x72,108x108,160x160,240x240,360x360,480x480,540x540,640x640,720x720,1080x1080,1280x1280,1440x1440,2160x2160&from=bu&cs=1080x0'}, {'height': 1280, 'type': 'z', 'width': 1280, 'url': 'https://sun9-23.userapi.com/s/v1/ig2/vw3BcqX7yyHlDZpYdn8lHTBaOVjECgGelXyZlsyJzGak93NcCCRhISmITadrYLgG1KiK5khUS2JOsK5B4xlYSsIw.jpg?quality=96&as=32x32,48x48,72x72,108x108,160x160,240x240,360x360,480x480,540x540,640x640,720x720,1080x1080,1280x1280,1440x1440,2160x2160&from=bu&cs=1280x0'}, {'height': 2160, 'type': 'w', 'width': 2160, 'url': 'https://sun9-23.userapi.com/s/v1/ig2/vw3BcqX7yyHlDZpYdn8lHTBaOVjECgGelXyZlsyJzGak93NcCCRhISmITadrYLgG1KiK5khUS2JOsK5B4xlYSsIw.jpg?quality=96&as=32x32,48x48,72x72,108x108,160x160,240x240,360x360,480x480,540x540,640x640,720x720,1080x1080,1280x1280,1440x1440,2160x2160&from=bu&cs=2160x0'}, {'height': 108, 'type': 'o', 'width': 108, 'url': 'https://sun9-23.userapi.com/s/v1/ig2/vw3BcqX7yyHlDZpYdn8lHTBaOVjECgGelXyZlsyJzGak93NcCCRhISmITadrYLgG1KiK5khUS2JOsK5B4xlYSsIw.jpg?quality=96&as=32x32,48x48,72x72,108x108,160x160,240x240,360x360,480x480,540x540,640x640,720x720,1080x1080,1280x1280,1440x1440,2160x2160&from=bu&cs=108x0'}, {'height': 240, 'type': 'p', 'width': 240, 'url': 'https://sun9-23.userapi.com/s/v1/ig2/vw3BcqX7yyHlDZpYdn8lHTBaOVjECgGelXyZlsyJzGak93NcCCRhISmITadrYLgG1KiK5khUS2JOsK5B4xlYSsIw.jpg?quality=96&as=32x32,48x48,72x72,108x108,160x160,240x240,360x360,480x480,540x540,640x640,720x720,1080x1080,1280x1280,1440x1440,2160x2160&from=bu&cs=240x0'}, {'height': 360, 'type': 'q', 'width': 360, 'url': 'https://sun9-23.userapi.com/s/v1/ig2/vw3BcqX7yyHlDZpYdn8lHTBaOVjECgGelXyZlsyJzGak93NcCCRhISmITadrYLgG1KiK5khUS2JOsK5B4xlYSsIw.jpg?quality=96&as=32x32,48x48,72x72,108x108,160x160,240x240,360x360,480x480,540x540,640x640,720x720,1080x1080,1280x1280,1440x1440,2160x2160&from=bu&cs=360x0'}, {'height': 540, 'type': 'r', 'width': 540, 'url': 'https://sun9-23.userapi.com/s/v1/ig2/vw3BcqX7yyHlDZpYdn8lHTBaOVjECgGelXyZlsyJzGak93NcCCRhISmITadrYLgG1KiK5khUS2JOsK5B4xlYSsIw.jpg?quality=96&as=32x32,48x48,72x72,108x108,160x160,240x240,360x360,480x480,540x540,640x640,720x720,1080x1080,1280x1280,1440x1440,2160x2160&from=bu&cs=540x0'}, {'height': 2160, 'type': 'base', 'width': 2160, 'url': 'https://sun9-23.userapi.com/s/v1/ig2/vw3BcqX7yyHlDZpYdn8lHTBaOVjECgGelXyZlsyJzGak93NcCCRhISmITadrYLgG1KiK5khUS2JOsK5B4xlYSsIw.jpg?quality=96&as=32x32,48x48,72x72,108x108,160x160,240x240,360x360,480x480,540x540,640x640,720x720,1080x1080,1280x1280,1440x1440,2160x2160&from=bu'}], 'square_crop': '216,216,1728', 'text': '', 'web_view_token': '81ca483ac52ac349c9', 'likes': {'count': 369, 'user_likes': 0}, 'comments': {'count': 116}, 'reposts': {'count': 0}, 'tags': {'count': 0}, 'orig_photo': {'height': 2160, 'type': 'base', 'url': 'https://sun9-23.userapi.com/s/v1/ig2/vw3BcqX7yyHlDZpYdn8lHTBaOVjECgGelXyZlsyJzGak93NcCCRhISmITadrYLgG1KiK5khUS2JOsK5B4xlYSsIw.jpg?quality=96&as=32x32,48x48,72x72,108x108,160x160,240x240,360x360,480x480,540x540,640x640,720x720,1080x1080,1280x1280,1440x1440,2160x2160&from=bu', 'width': 2160}}]
14:18:46 - DEBUG - result get top3 photo: ['photo864559765_457239018']
14:18:46 - DEBUG - result extract user data: {'user_id': 864559765, 'first_name': 'Алексей', 'last_name': 'Беспрозванных', 'sex': 2, 'sex_as_text': 'Мужской', 'profile_URL': 'https://vk.com/id864559765', 'age': 46, 'city_id': None, 'city': None, 'photo_URL': ['photo864559765_457239018']}
14:18:46 - DEBUG - API request was validated
14:18:46 - DEBUG - Request messages.send with {'random_id': 0, 'peer_ids': '311485261', 'message': 'Алексей Беспрозванных, 46 лет', 'attachment': 'photo864559765_457239018', 'keyboard': <vkbottle.tools.keyboard.keyboard.Keyboard object at 0x0000000029F676F0>} data returned {"response":[{"peer_id":311485261,"message_id":607,"conversation_message_id":606}]}
14:18:46 - DEBUG - API response was validated
14:18:49 - DEBUG - New event was received: {'ts': '124', 'updates': [{'group_id': 238429916, 'type': 'message_new', 'event_id': '0bd303137d4969f3f3b15830e80f966f6ba56c25', 'v': '5.199', 'object': {'client_info': {'button_actions': ['text', 'vkpay', 'open_app', 'location', 'open_link', 'open_photo', 'callback', 'intent_subscribe', 'intent_unsubscribe'], 'keyboard': True, 'inline_keyboard': True, 'carousel': True, 'lang_id': 0}, 'message': {'date': 1778584731, 'from_id': 311485261, 'id': 608, 'version': 10001988, 'out': 0, 'fwd_messages': [], 'important': False, 'is_hidden': False, 'attachments': [], 'conversation_message_id': 607, 'payload': '{"cmd":"next_favourite"}', 'text': 'Дальше', 'peer_id': 311485261, 'random_id': 0}}}]}
14:18:49 - DEBUG - Making long request to get event with longpoll...
14:18:49 - DEBUG - Routing update {'group_id': 238429916, 'type': 'message_new', 'event_id': '0bd303137d4969f3f3b15830e80f966f6ba56c25', 'v': '5.199', 'object': {'client_info': {'button_actions': ['text', 'vkpay', 'open_app', 'location', 'open_link', 'open_photo', 'callback', 'intent_subscribe', 'intent_unsubscribe'], 'keyboard': True, 'inline_keyboard': True, 'carousel': True, 'lang_id': 0}, 'message': {'date': 1778584731, 'from_id': 311485261, 'id': 608, 'version': 10001988, 'out': 0, 'fwd_messages': [], 'important': False, 'is_hidden': False, 'attachments': [], 'conversation_message_id': 607, 'payload': '{"cmd":"next_favourite"}', 'text': 'Дальше', 'peer_id': 311485261, 'random_id': 0}}}
14:18:49 - DEBUG - Handling event (message_new) with message view
14:18:49 - DEBUG - Casting state for peer_id 311485261
14:18:49 - DEBUG - Handler <FromFuncHandler greet_handler blocking=True rules=(<vkbottle.dispatch.rules.base.PeerRule>, <vkbottle.dispatch.rules.base.StateRule>)> returned False
14:18:49 - DEBUG - Handler <FromFuncHandler start_dating blocking=True rules=(<vkbottle.dispatch.rules.base.PeerRule>, <vkbottle.dispatch.rules.base.StateRule>, <vkbottle.dispatch.rules.base.PayloadRule>)> returned False
14:18:49 - DEBUG - Handler <FromFuncHandler next_dating blocking=True rules=(<vkbottle.dispatch.rules.base.PeerRule>, <vkbottle.dispatch.rules.base.StateRule>, <vkbottle.dispatch.rules.base.PayloadRule>)> returned False
14:18:49 - DEBUG - Handler <FromFuncHandler add_to_favourite blocking=True rules=(<vkbottle.dispatch.rules.base.PeerRule>, <vkbottle.dispatch.rules.base.StateRule>, <vkbottle.dispatch.rules.base.PayloadRule>)> returned False
14:18:49 - DEBUG - Handler <FromFuncHandler go_to_favourite blocking=True rules=(<vkbottle.dispatch.rules.base.PeerRule>, <vkbottle.dispatch.rules.base.StateRule>, <vkbottle.dispatch.rules.base.PayloadRule>)> returned False
14:18:49 - DEBUG - Handler <FromFuncHandler next_favourite blocking=True rules=(<vkbottle.dispatch.rules.base.PeerRule>, <vkbottle.dispatch.rules.base.StateRule>, <vkbottle.dispatch.rules.base.PayloadRule>)> returned {}
14:18:50 - DEBUG - https://api.vk.com:443 "POST /method/users.get HTTP/1.1" 200 184
14:18:50 - DEBUG - get user info response: [{'id': 465635343, 'bdate': '2.8.1981', 'city': {'id': 1, 'title': 'Москва'}, 'sex': 2, 'first_name': 'Александр', 'last_name': 'Емельяненко', 'can_access_closed': True, 'is_closed': False}]
14:18:50 - DEBUG - get user info item: {'id': 465635343, 'bdate': '2.8.1981', 'city': {'id': 1, 'title': 'Москва'}, 'sex': 2, 'first_name': 'Александр', 'last_name': 'Емельяненко', 'can_access_closed': True, 'is_closed': False}
14:18:50 - DEBUG - https://api.vk.com:443 "POST /method/photos.get HTTP/1.1" 200 1546
14:18:50 - DEBUG - get profile photos response: {'count': 4, 'items': [{'album_id': -6, 'date': 1521270440, 'id': 456239632, 'owner_id': 465635343, 'can_comment': 1, 'post_id': 873, 'sizes': [{'height': 77, 'type': 's', 'width': 72, 'url': 'https://sun9-79.userapi.com/s/v1/ig2/brcgMPgVdiQRvCeoxhv1wzJTRVYahIh1_0MnAQan4meWIK-03Helgb_ZSopf-QOuAZils9a0n71cb8lgXP2yuxyF.jpg?quality=96&as=32x34,48x51,72x77,108x115,160x171,240x256,360x384,480x512,540x576,640x683,720x768,1080x1152,1280x1365,1440x1536,1920x2048&from=bu&cs=72x0'}, {'height': 171, 'type': 'm', 'width': 160, 'url': 'https://sun9-79.userapi.com/s/v1/ig2/brcgMPgVdiQRvCeoxhv1wzJTRVYahIh1_0MnAQan4meWIK-03Helgb_ZSopf-QOuAZils9a0n71cb8lgXP2yuxyF.jpg?quality=96&as=32x34,48x51,72x77,108x115,160x171,240x256,360x384,480x512,540x576,640x683,720x768,1080x1152,1280x1365,1440x1536,1920x2048&from=bu&cs=160x0'}, {'height': 683, 'type': 'x', 'width': 640, 'url': 'https://sun9-79.userapi.com/s/v1/ig2/brcgMPgVdiQRvCeoxhv1wzJTRVYahIh1_0MnAQan4meWIK-03Helgb_ZSopf-QOuAZils9a0n71cb8lgXP2yuxyF.jpg?quality=96&as=32x34,48x51,72x77,108x115,160x171,240x256,360x384,480x512,540x576,640x683,720x768,1080x1152,1280x1365,1440x1536,1920x2048&from=bu&cs=640x0'}, {'height': 1152, 'type': 'y', 'width': 1080, 'url': 'https://sun9-79.userapi.com/s/v1/ig2/brcgMPgVdiQRvCeoxhv1wzJTRVYahIh1_0MnAQan4meWIK-03Helgb_ZSopf-QOuAZils9a0n71cb8lgXP2yuxyF.jpg?quality=96&as=32x34,48x51,72x77,108x115,160x171,240x256,360x384,480x512,540x576,640x683,720x768,1080x1152,1280x1365,1440x1536,1920x2048&from=bu&cs=1080x0'}, {'height': 1365, 'type': 'z', 'width': 1280, 'url': 'https://sun9-79.userapi.com/s/v1/ig2/brcgMPgVdiQRvCeoxhv1wzJTRVYahIh1_0MnAQan4meWIK-03Helgb_ZSopf-QOuAZils9a0n71cb8lgXP2yuxyF.jpg?quality=96&as=32x34,48x51,72x77,108x115,160x171,240x256,360x384,480x512,540x576,640x683,720x768,1080x1152,1280x1365,1440x1536,1920x2048&from=bu&cs=1280x0'}, {'height': 2048, 'type': 'w', 'width': 1920, 'url': 'https://sun9-79.userapi.com/s/v1/ig2/brcgMPgVdiQRvCeoxhv1wzJTRVYahIh1_0MnAQan4meWIK-03Helgb_ZSopf-QOuAZils9a0n71cb8lgXP2yuxyF.jpg?quality=96&as=32x34,48x51,72x77,108x115,160x171,240x256,360x384,480x512,540x576,640x683,720x768,1080x1152,1280x1365,1440x1536,1920x2048&from=bu&cs=1920x0'}, {'height': 115, 'type': 'o', 'width': 108, 'url': 'https://sun9-79.userapi.com/s/v1/ig2/brcgMPgVdiQRvCeoxhv1wzJTRVYahIh1_0MnAQan4meWIK-03Helgb_ZSopf-QOuAZils9a0n71cb8lgXP2yuxyF.jpg?quality=96&as=32x34,48x51,72x77,108x115,160x171,240x256,360x384,480x512,540x576,640x683,720x768,1080x1152,1280x1365,1440x1536,1920x2048&from=bu&cs=108x0'}, {'height': 256, 'type': 'p', 'width': 240, 'url': 'https://sun9-79.userapi.com/s/v1/ig2/brcgMPgVdiQRvCeoxhv1wzJTRVYahIh1_0MnAQan4meWIK-03Helgb_ZSopf-QOuAZils9a0n71cb8lgXP2yuxyF.jpg?quality=96&as=32x34,48x51,72x77,108x115,160x171,240x256,360x384,480x512,540x576,640x683,720x768,1080x1152,1280x1365,1440x1536,1920x2048&from=bu&cs=240x0'}, {'height': 384, 'type': 'q', 'width': 360, 'url': 'https://sun9-79.userapi.com/s/v1/ig2/brcgMPgVdiQRvCeoxhv1wzJTRVYahIh1_0MnAQan4meWIK-03Helgb_ZSopf-QOuAZils9a0n71cb8lgXP2yuxyF.jpg?quality=96&as=32x34,48x51,72x77,108x115,160x171,240x256,360x384,480x512,540x576,640x683,720x768,1080x1152,1280x1365,1440x1536,1920x2048&from=bu&cs=360x0'}, {'height': 576, 'type': 'r', 'width': 540, 'url': 'https://sun9-79.userapi.com/s/v1/ig2/brcgMPgVdiQRvCeoxhv1wzJTRVYahIh1_0MnAQan4meWIK-03Helgb_ZSopf-QOuAZils9a0n71cb8lgXP2yuxyF.jpg?quality=96&as=32x34,48x51,72x77,108x115,160x171,240x256,360x384,480x512,540x576,640x683,720x768,1080x1152,1280x1365,1440x1536,1920x2048&from=bu&cs=540x0'}, {'height': 2048, 'type': 'base', 'width': 1920, 'url': 'https://sun9-79.userapi.com/s/v1/ig2/brcgMPgVdiQRvCeoxhv1wzJTRVYahIh1_0MnAQan4meWIK-03Helgb_ZSopf-QOuAZils9a0n71cb8lgXP2yuxyF.jpg?quality=96&as=32x34,48x51,72x77,108x115,160x171,240x256,360x384,480x512,540x576,640x683,720x768,1080x1152,1280x1365,1440x1536,1920x2048&from=bu'}], 'square_crop': '0,64,1920', 'text': '', 'web_view_token': '51e699058ea6d2a839', 'likes': {'count': 3890, 'user_likes': 0}, 'comments': {'count': 149}, 'reposts': {'count': 3}, 'tags': {'count': 0}, 'orig_photo': {'height': 2048, 'type': 'base', 'url': 'https://sun9-79.userapi.com/s/v1/ig2/brcgMPgVdiQRvCeoxhv1wzJTRVYahIh1_0MnAQan4meWIK-03Helgb_ZSopf-QOuAZils9a0n71cb8lgXP2yuxyF.jpg?quality=96&as=32x34,48x51,72x77,108x115,160x171,240x256,360x384,480x512,540x576,640x683,720x768,1080x1152,1280x1365,1440x1536,1920x2048&from=bu', 'width': 1920}}, {'album_id': -6, 'date': 1555152474, 'id': 456242391, 'owner_id': 465635343, 'can_comment': 1, 'post_id': 16705, 'sizes': [{'height': 117, 'type': 's', 'width': 72, 'url': 'https://sun9-56.userapi.com/s/v1/ig1/qARyyGUijpCbu9JV7WbGv3JxZehZB2ScbNJnQR3LJEf25pLpYI2cmOB5FCpqNXH7ao55FxFB.jpg?quality=96&as=32x52,48x78,72x117,108x176,160x261,240x391,360x587,480x782,540x880,640x1043,720x1174,1080x1761,1222x1992&from=bu&cs=72x0'}, {'height': 261, 'type': 'm', 'width': 160, 'url': 'https://sun9-56.userapi.com/s/v1/ig1/qARyyGUijpCbu9JV7WbGv3JxZehZB2ScbNJnQR3LJEf25pLpYI2cmOB5FCpqNXH7ao55FxFB.jpg?quality=96&as=32x52,48x78,72x117,108x176,160x261,240x391,360x587,480x782,540x880,640x1043,720x1174,1080x1761,1222x1992&from=bu&cs=160x0'}, {'height': 1043, 'type': 'x', 'width': 640, 'url': 'https://sun9-56.userapi.com/s/v1/ig1/qARyyGUijpCbu9JV7WbGv3JxZehZB2ScbNJnQR3LJEf25pLpYI2cmOB5FCpqNXH7ao55FxFB.jpg?quality=96&as=32x52,48x78,72x117,108x176,160x261,240x391,360x587,480x782,540x880,640x1043,720x1174,1080x1761,1222x1992&from=bu&cs=640x0'}, {'height': 1761, 'type': 'y', 'width': 1080, 'url': 'https://sun9-56.userapi.com/s/v1/ig1/qARyyGUijpCbu9JV7WbGv3JxZehZB2ScbNJnQR3LJEf25pLpYI2cmOB5FCpqNXH7ao55FxFB.jpg?quality=96&as=32x52,48x78,72x117,108x176,160x261,240x391,360x587,480x782,540x880,640x1043,720x1174,1080x1761,1222x1992&from=bu&cs=1080x0'}, {'height': 1992, 'type': 'z', 'width': 1222, 'url': 'https://sun9-56.userapi.com/s/v1/ig1/qARyyGUijpCbu9JV7WbGv3JxZehZB2ScbNJnQR3LJEf25pLpYI2cmOB5FCpqNXH7ao55FxFB.jpg?quality=96&as=32x52,48x78,72x117,108x176,160x261,240x391,360x587,480x782,540x880,640x1043,720x1174,1080x1761,1222x1992&from=bu&cs=1222x0'}, {'height': 176, 'type': 'o', 'width': 108, 'url': 'https://sun9-56.userapi.com/s/v1/ig1/qARyyGUijpCbu9JV7WbGv3JxZehZB2ScbNJnQR3LJEf25pLpYI2cmOB5FCpqNXH7ao55FxFB.jpg?quality=96&as=32x52,48x78,72x117,108x176,160x261,240x391,360x587,480x782,540x880,640x1043,720x1174,1080x1761,1222x1992&from=bu&cs=108x0'}, {'height': 391, 'type': 'p', 'width': 240, 'url': 'https://sun9-56.userapi.com/s/v1/ig1/qARyyGUijpCbu9JV7WbGv3JxZehZB2ScbNJnQR3LJEf25pLpYI2cmOB5FCpqNXH7ao55FxFB.jpg?quality=96&as=32x52,48x78,72x117,108x176,160x261,240x391,360x587,480x782,540x880,640x1043,720x1174,1080x1761,1222x1992&from=bu&cs=240x0'}, {'height': 587, 'type': 'q', 'width': 360, 'url': 'https://sun9-56.userapi.com/s/v1/ig1/qARyyGUijpCbu9JV7WbGv3JxZehZB2ScbNJnQR3LJEf25pLpYI2cmOB5FCpqNXH7ao55FxFB.jpg?quality=96&as=32x52,48x78,72x117,108x176,160x261,240x391,360x587,480x782,540x880,640x1043,720x1174,1080x1761,1222x1992&from=bu&cs=360x0'}, {'height': 880, 'type': 'r', 'width': 540, 'url': 'https://sun9-56.userapi.com/s/v1/ig1/qARyyGUijpCbu9JV7WbGv3JxZehZB2ScbNJnQR3LJEf25pLpYI2cmOB5FCpqNXH7ao55FxFB.jpg?quality=96&as=32x52,48x78,72x117,108x176,160x261,240x391,360x587,480x782,540x880,640x1043,720x1174,1080x1761,1222x1992&from=bu&cs=540x0'}, {'height': 1992, 'type': 'base', 'width': 1222, 'url': 'https://sun9-56.userapi.com/s/v1/ig1/qARyyGUijpCbu9JV7WbGv3JxZehZB2ScbNJnQR3LJEf25pLpYI2cmOB5FCpqNXH7ao55FxFB.jpg?quality=96&as=32x52,48x78,72x117,108x176,160x261,240x391,360x587,480x782,540x880,640x1043,720x1174,1080x1761,1222x1992&from=bu'}], 'square_crop': '0,155,1222', 'text': '', 'web_view_token': 'a8abd19d44a4f03f55', 'likes': {'count': 3186, 'user_likes': 0}, 'comments': {'count': 77}, 'reposts': {'count': 1}, 'tags': {'count': 0}, 'orig_photo': {'height': 1992, 'type': 'base', 'url': 'https://sun9-56.userapi.com/s/v1/ig1/qARyyGUijpCbu9JV7WbGv3JxZehZB2ScbNJnQR3LJEf25pLpYI2cmOB5FCpqNXH7ao55FxFB.jpg?quality=96&as=32x52,48x78,72x117,108x176,160x261,240x391,360x587,480x782,540x880,640x1043,720x1174,1080x1761,1222x1992&from=bu', 'width': 1222}}, {'album_id': -6, 'date': 1564685494, 'id': 457243314, 'owner_id': 465635343, 'can_comment': 1, 'post_id': 23827, 'sizes': [{'height': 90, 'type': 's', 'width': 72, 'url': 'https://sun9-28.userapi.com/s/v1/ig1/NUJarvcSH4GRCx_VC1-uXDbmRg2YSctgsOxEkmryMBmYMEUK0m3egs-vY5Ski8cWlQMno1P5.jpg?quality=96&as=32x40,48x60,72x90,108x135,160x200,240x300,360x451,480x601,540x676,640x801,720x901,1080x1352,1117x1398&from=bu&cs=72x0'}, {'height': 200, 'type': 'm', 'width': 160, 'url': 'https://sun9-28.userapi.com/s/v1/ig1/NUJarvcSH4GRCx_VC1-uXDbmRg2YSctgsOxEkmryMBmYMEUK0m3egs-vY5Ski8cWlQMno1P5.jpg?quality=96&as=32x40,48x60,72x90,108x135,160x200,240x300,360x451,480x601,540x676,640x801,720x901,1080x1352,1117x1398&from=bu&cs=160x0'}, {'height': 801, 'type': 'x', 'width': 640, 'url': 'https://sun9-28.userapi.com/s/v1/ig1/NUJarvcSH4GRCx_VC1-uXDbmRg2YSctgsOxEkmryMBmYMEUK0m3egs-vY5Ski8cWlQMno1P5.jpg?quality=96&as=32x40,48x60,72x90,108x135,160x200,240x300,360x451,480x601,540x676,640x801,720x901,1080x1352,1117x1398&from=bu&cs=640x0'}, {'height': 1352, 'type': 'y', 'width': 1080, 'url': 'https://sun9-28.userapi.com/s/v1/ig1/NUJarvcSH4GRCx_VC1-uXDbmRg2YSctgsOxEkmryMBmYMEUK0m3egs-vY5Ski8cWlQMno1P5.jpg?quality=96&as=32x40,48x60,72x90,108x135,160x200,240x300,360x451,480x601,540x676,640x801,720x901,1080x1352,1117x1398&from=bu&cs=1080x0'}, {'height': 1398, 'type': 'z', 'width': 1117, 'url': 'https://sun9-28.userapi.com/s/v1/ig1/NUJarvcSH4GRCx_VC1-uXDbmRg2YSctgsOxEkmryMBmYMEUK0m3egs-vY5Ski8cWlQMno1P5.jpg?quality=96&as=32x40,48x60,72x90,108x135,160x200,240x300,360x451,480x601,540x676,640x801,720x901,1080x1352,1117x1398&from=bu&cs=1117x0'}, {'height': 135, 'type': 'o', 'width': 108, 'url': 'https://sun9-28.userapi.com/s/v1/ig1/NUJarvcSH4GRCx_VC1-uXDbmRg2YSctgsOxEkmryMBmYMEUK0m3egs-vY5Ski8cWlQMno1P5.jpg?quality=96&as=32x40,48x60,72x90,108x135,160x200,240x300,360x451,480x601,540x676,640x801,720x901,1080x1352,1117x1398&from=bu&cs=108x0'}, {'height': 300, 'type': 'p', 'width': 240, 'url': 'https://sun9-28.userapi.com/s/v1/ig1/NUJarvcSH4GRCx_VC1-uXDbmRg2YSctgsOxEkmryMBmYMEUK0m3egs-vY5Ski8cWlQMno1P5.jpg?quality=96&as=32x40,48x60,72x90,108x135,160x200,240x300,360x451,480x601,540x676,640x801,720x901,1080x1352,1117x1398&from=bu&cs=240x0'}, {'height': 451, 'type': 'q', 'width': 360, 'url': 'https://sun9-28.userapi.com/s/v1/ig1/NUJarvcSH4GRCx_VC1-uXDbmRg2YSctgsOxEkmryMBmYMEUK0m3egs-vY5Ski8cWlQMno1P5.jpg?quality=96&as=32x40,48x60,72x90,108x135,160x200,240x300,360x451,480x601,540x676,640x801,720x901,1080x1352,1117x1398&from=bu&cs=360x0'}, {'height': 676, 'type': 'r', 'width': 540, 'url': 'https://sun9-28.userapi.com/s/v1/ig1/NUJarvcSH4GRCx_VC1-uXDbmRg2YSctgsOxEkmryMBmYMEUK0m3egs-vY5Ski8cWlQMno1P5.jpg?quality=96&as=32x40,48x60,72x90,108x135,160x200,240x300,360x451,480x601,540x676,640x801,720x901,1080x1352,1117x1398&from=bu&cs=540x0'}, {'height': 1398, 'type': 'base', 'width': 1117, 'url': 'https://sun9-28.userapi.com/s/v1/ig1/NUJarvcSH4GRCx_VC1-uXDbmRg2YSctgsOxEkmryMBmYMEUK0m3egs-vY5Ski8cWlQMno1P5.jpg?quality=96&as=32x40,48x60,72x90,108x135,160x200,240x300,360x451,480x601,540x676,640x801,720x901,1080x1352,1117x1398&from=bu'}], 'square_crop': '9,192,1100', 'text': '', 'web_view_token': '732cbde36f42beb038', 'likes': {'count': 5397, 'user_likes': 0}, 'comments': {'count': 437}, 'reposts': {'count': 5}, 'tags': {'count': 0}, 'orig_photo': {'height': 1398, 'type': 'base', 'url': 'https://sun9-28.userapi.com/s/v1/ig1/NUJarvcSH4GRCx_VC1-uXDbmRg2YSctgsOxEkmryMBmYMEUK0m3egs-vY5Ski8cWlQMno1P5.jpg?quality=96&as=32x40,48x60,72x90,108x135,160x200,240x300,360x451,480x601,540x676,640x801,720x901,1080x1352,1117x1398&from=bu', 'width': 1117}}, {'album_id': -6, 'date': 1772517611, 'id': 457253270, 'owner_id': 465635343, 'can_comment': 1, 'sizes': [{'height': 105, 'type': 's', 'width': 72, 'url': 'https://sun1-88.userapi.com/s/v1/ig2/65b8Hh3lTQXzm9_uonmaqnRIgPOBYWDUTNFk373_rJDv-clbzDedm527Pznc8jVwLNHR_lVhNMCGJ0Fh25sVe2P3.jpg?quality=95&as=32x47,48x70,72x105,108x158,160x234,240x351,360x527,480x703,540x790,640x937,720x1054,1080x1581,1280x1873,1320x1932&from=bu&cs=72x0'}, {'height': 234, 'type': 'm', 'width': 160, 'url': 'https://sun1-88.userapi.com/s/v1/ig2/65b8Hh3lTQXzm9_uonmaqnRIgPOBYWDUTNFk373_rJDv-clbzDedm527Pznc8jVwLNHR_lVhNMCGJ0Fh25sVe2P3.jpg?quality=95&as=32x47,48x70,72x105,108x158,160x234,240x351,360x527,480x703,540x790,640x937,720x1054,1080x1581,1280x1873,1320x1932&from=bu&cs=160x0'}, {'height': 937, 'type': 'x', 'width': 640, 'url': 'https://sun1-88.userapi.com/s/v1/ig2/65b8Hh3lTQXzm9_uonmaqnRIgPOBYWDUTNFk373_rJDv-clbzDedm527Pznc8jVwLNHR_lVhNMCGJ0Fh25sVe2P3.jpg?quality=95&as=32x47,48x70,72x105,108x158,160x234,240x351,360x527,480x703,540x790,640x937,720x1054,1080x1581,1280x1873,1320x1932&from=bu&cs=640x0'}, {'height': 1581, 'type': 'y', 'width': 1080, 'url': 'https://sun1-88.userapi.com/s/v1/ig2/65b8Hh3lTQXzm9_uonmaqnRIgPOBYWDUTNFk373_rJDv-clbzDedm527Pznc8jVwLNHR_lVhNMCGJ0Fh25sVe2P3.jpg?quality=95&as=32x47,48x70,72x105,108x158,160x234,240x351,360x527,480x703,540x790,640x937,720x1054,1080x1581,1280x1873,1320x1932&from=bu&cs=1080x0'}, {'height': 1873, 'type': 'z', 'width': 1280, 'url': 'https://sun1-88.userapi.com/s/v1/ig2/65b8Hh3lTQXzm9_uonmaqnRIgPOBYWDUTNFk373_rJDv-clbzDedm527Pznc8jVwLNHR_lVhNMCGJ0Fh25sVe2P3.jpg?quality=95&as=32x47,48x70,72x105,108x158,160x234,240x351,360x527,480x703,540x790,640x937,720x1054,1080x1581,1280x1873,1320x1932&from=bu&cs=1280x0'}, {'height': 1932, 'type': 'w', 'width': 1320, 'url': 'https://sun1-88.userapi.com/s/v1/ig2/65b8Hh3lTQXzm9_uonmaqnRIgPOBYWDUTNFk373_rJDv-clbzDedm527Pznc8jVwLNHR_lVhNMCGJ0Fh25sVe2P3.jpg?quality=95&as=32x47,48x70,72x105,108x158,160x234,240x351,360x527,480x703,540x790,640x937,720x1054,1080x1581,1280x1873,1320x1932&from=bu&cs=1320x0'}, {'height': 158, 'type': 'o', 'width': 108, 'url': 'https://sun1-88.userapi.com/s/v1/ig2/65b8Hh3lTQXzm9_uonmaqnRIgPOBYWDUTNFk373_rJDv-clbzDedm527Pznc8jVwLNHR_lVhNMCGJ0Fh25sVe2P3.jpg?quality=95&as=32x47,48x70,72x105,108x158,160x234,240x351,360x527,480x703,540x790,640x937,720x1054,1080x1581,1280x1873,1320x1932&from=bu&cs=108x0'}, {'height': 351, 'type': 'p', 'width': 240, 'url': 'https://sun1-88.userapi.com/s/v1/ig2/65b8Hh3lTQXzm9_uonmaqnRIgPOBYWDUTNFk373_rJDv-clbzDedm527Pznc8jVwLNHR_lVhNMCGJ0Fh25sVe2P3.jpg?quality=95&as=32x47,48x70,72x105,108x158,160x234,240x351,360x527,480x703,540x790,640x937,720x1054,1080x1581,1280x1873,1320x1932&from=bu&cs=240x0'}, {'height': 527, 'type': 'q', 'width': 360, 'url': 'https://sun1-88.userapi.com/s/v1/ig2/65b8Hh3lTQXzm9_uonmaqnRIgPOBYWDUTNFk373_rJDv-clbzDedm527Pznc8jVwLNHR_lVhNMCGJ0Fh25sVe2P3.jpg?quality=95&as=32x47,48x70,72x105,108x158,160x234,240x351,360x527,480x703,540x790,640x937,720x1054,1080x1581,1280x1873,1320x1932&from=bu&cs=360x0'}, {'height': 790, 'type': 'r', 'width': 540, 'url': 'https://sun1-88.userapi.com/s/v1/ig2/65b8Hh3lTQXzm9_uonmaqnRIgPOBYWDUTNFk373_rJDv-clbzDedm527Pznc8jVwLNHR_lVhNMCGJ0Fh25sVe2P3.jpg?quality=95&as=32x47,48x70,72x105,108x158,160x234,240x351,360x527,480x703,540x790,640x937,720x1054,1080x1581,1280x1873,1320x1932&from=bu&cs=540x0'}, {'height': 1932, 'type': 'base', 'width': 1320, 'url': 'https://sun1-88.userapi.com/s/v1/ig2/65b8Hh3lTQXzm9_uonmaqnRIgPOBYWDUTNFk373_rJDv-clbzDedm527Pznc8jVwLNHR_lVhNMCGJ0Fh25sVe2P3.jpg?quality=95&as=32x47,48x70,72x105,108x158,160x234,240x351,360x527,480x703,540x790,640x937,720x1054,1080x1581,1280x1873,1320x1932&from=bu'}], 'square_crop': '0,178,1320', 'text': '', 'web_view_token': 'f56e263cb91f933523', 'likes': {'count': 85, 'user_likes': 0}, 'comments': {'count': 13}, 'reposts': {'count': 0}, 'tags': {'count': 0}, 'orig_photo': {'height': 1932, 'type': 'base', 'url': 'https://sun1-88.userapi.com/s/v1/ig2/65b8Hh3lTQXzm9_uonmaqnRIgPOBYWDUTNFk373_rJDv-clbzDedm527Pznc8jVwLNHR_lVhNMCGJ0Fh25sVe2P3.jpg?quality=95&as=32x47,48x70,72x105,108x158,160x234,240x351,360x527,480x703,540x790,640x937,720x1054,1080x1581,1280x1873,1320x1932&from=bu', 'width': 1320}}], 'next_from': ''}
14:18:50 - DEBUG - profile photos: [{'album_id': -6, 'date': 1521270440, 'id': 456239632, 'owner_id': 465635343, 'can_comment': 1, 'post_id': 873, 'sizes': [{'height': 77, 'type': 's', 'width': 72, 'url': 'https://sun9-79.userapi.com/s/v1/ig2/brcgMPgVdiQRvCeoxhv1wzJTRVYahIh1_0MnAQan4meWIK-03Helgb_ZSopf-QOuAZils9a0n71cb8lgXP2yuxyF.jpg?quality=96&as=32x34,48x51,72x77,108x115,160x171,240x256,360x384,480x512,540x576,640x683,720x768,1080x1152,1280x1365,1440x1536,1920x2048&from=bu&cs=72x0'}, {'height': 171, 'type': 'm', 'width': 160, 'url': 'https://sun9-79.userapi.com/s/v1/ig2/brcgMPgVdiQRvCeoxhv1wzJTRVYahIh1_0MnAQan4meWIK-03Helgb_ZSopf-QOuAZils9a0n71cb8lgXP2yuxyF.jpg?quality=96&as=32x34,48x51,72x77,108x115,160x171,240x256,360x384,480x512,540x576,640x683,720x768,1080x1152,1280x1365,1440x1536,1920x2048&from=bu&cs=160x0'}, {'height': 683, 'type': 'x', 'width': 640, 'url': 'https://sun9-79.userapi.com/s/v1/ig2/brcgMPgVdiQRvCeoxhv1wzJTRVYahIh1_0MnAQan4meWIK-03Helgb_ZSopf-QOuAZils9a0n71cb8lgXP2yuxyF.jpg?quality=96&as=32x34,48x51,72x77,108x115,160x171,240x256,360x384,480x512,540x576,640x683,720x768,1080x1152,1280x1365,1440x1536,1920x2048&from=bu&cs=640x0'}, {'height': 1152, 'type': 'y', 'width': 1080, 'url': 'https://sun9-79.userapi.com/s/v1/ig2/brcgMPgVdiQRvCeoxhv1wzJTRVYahIh1_0MnAQan4meWIK-03Helgb_ZSopf-QOuAZils9a0n71cb8lgXP2yuxyF.jpg?quality=96&as=32x34,48x51,72x77,108x115,160x171,240x256,360x384,480x512,540x576,640x683,720x768,1080x1152,1280x1365,1440x1536,1920x2048&from=bu&cs=1080x0'}, {'height': 1365, 'type': 'z', 'width': 1280, 'url': 'https://sun9-79.userapi.com/s/v1/ig2/brcgMPgVdiQRvCeoxhv1wzJTRVYahIh1_0MnAQan4meWIK-03Helgb_ZSopf-QOuAZils9a0n71cb8lgXP2yuxyF.jpg?quality=96&as=32x34,48x51,72x77,108x115,160x171,240x256,360x384,480x512,540x576,640x683,720x768,1080x1152,1280x1365,1440x1536,1920x2048&from=bu&cs=1280x0'}, {'height': 2048, 'type': 'w', 'width': 1920, 'url': 'https://sun9-79.userapi.com/s/v1/ig2/brcgMPgVdiQRvCeoxhv1wzJTRVYahIh1_0MnAQan4meWIK-03Helgb_ZSopf-QOuAZils9a0n71cb8lgXP2yuxyF.jpg?quality=96&as=32x34,48x51,72x77,108x115,160x171,240x256,360x384,480x512,540x576,640x683,720x768,1080x1152,1280x1365,1440x1536,1920x2048&from=bu&cs=1920x0'}, {'height': 115, 'type': 'o', 'width': 108, 'url': 'https://sun9-79.userapi.com/s/v1/ig2/brcgMPgVdiQRvCeoxhv1wzJTRVYahIh1_0MnAQan4meWIK-03Helgb_ZSopf-QOuAZils9a0n71cb8lgXP2yuxyF.jpg?quality=96&as=32x34,48x51,72x77,108x115,160x171,240x256,360x384,480x512,540x576,640x683,720x768,1080x1152,1280x1365,1440x1536,1920x2048&from=bu&cs=108x0'}, {'height': 256, 'type': 'p', 'width': 240, 'url': 'https://sun9-79.userapi.com/s/v1/ig2/brcgMPgVdiQRvCeoxhv1wzJTRVYahIh1_0MnAQan4meWIK-03Helgb_ZSopf-QOuAZils9a0n71cb8lgXP2yuxyF.jpg?quality=96&as=32x34,48x51,72x77,108x115,160x171,240x256,360x384,480x512,540x576,640x683,720x768,1080x1152,1280x1365,1440x1536,1920x2048&from=bu&cs=240x0'}, {'height': 384, 'type': 'q', 'width': 360, 'url': 'https://sun9-79.userapi.com/s/v1/ig2/brcgMPgVdiQRvCeoxhv1wzJTRVYahIh1_0MnAQan4meWIK-03Helgb_ZSopf-QOuAZils9a0n71cb8lgXP2yuxyF.jpg?quality=96&as=32x34,48x51,72x77,108x115,160x171,240x256,360x384,480x512,540x576,640x683,720x768,1080x1152,1280x1365,1440x1536,1920x2048&from=bu&cs=360x0'}, {'height': 576, 'type': 'r', 'width': 540, 'url': 'https://sun9-79.userapi.com/s/v1/ig2/brcgMPgVdiQRvCeoxhv1wzJTRVYahIh1_0MnAQan4meWIK-03Helgb_ZSopf-QOuAZils9a0n71cb8lgXP2yuxyF.jpg?quality=96&as=32x34,48x51,72x77,108x115,160x171,240x256,360x384,480x512,540x576,640x683,720x768,1080x1152,1280x1365,1440x1536,1920x2048&from=bu&cs=540x0'}, {'height': 2048, 'type': 'base', 'width': 1920, 'url': 'https://sun9-79.userapi.com/s/v1/ig2/brcgMPgVdiQRvCeoxhv1wzJTRVYahIh1_0MnAQan4meWIK-03Helgb_ZSopf-QOuAZils9a0n71cb8lgXP2yuxyF.jpg?quality=96&as=32x34,48x51,72x77,108x115,160x171,240x256,360x384,480x512,540x576,640x683,720x768,1080x1152,1280x1365,1440x1536,1920x2048&from=bu'}], 'square_crop': '0,64,1920', 'text': '', 'web_view_token': '51e699058ea6d2a839', 'likes': {'count': 3890, 'user_likes': 0}, 'comments': {'count': 149}, 'reposts': {'count': 3}, 'tags': {'count': 0}, 'orig_photo': {'height': 2048, 'type': 'base', 'url': 'https://sun9-79.userapi.com/s/v1/ig2/brcgMPgVdiQRvCeoxhv1wzJTRVYahIh1_0MnAQan4meWIK-03Helgb_ZSopf-QOuAZils9a0n71cb8lgXP2yuxyF.jpg?quality=96&as=32x34,48x51,72x77,108x115,160x171,240x256,360x384,480x512,540x576,640x683,720x768,1080x1152,1280x1365,1440x1536,1920x2048&from=bu', 'width': 1920}}, {'album_id': -6, 'date': 1555152474, 'id': 456242391, 'owner_id': 465635343, 'can_comment': 1, 'post_id': 16705, 'sizes': [{'height': 117, 'type': 's', 'width': 72, 'url': 'https://sun9-56.userapi.com/s/v1/ig1/qARyyGUijpCbu9JV7WbGv3JxZehZB2ScbNJnQR3LJEf25pLpYI2cmOB5FCpqNXH7ao55FxFB.jpg?quality=96&as=32x52,48x78,72x117,108x176,160x261,240x391,360x587,480x782,540x880,640x1043,720x1174,1080x1761,1222x1992&from=bu&cs=72x0'}, {'height': 261, 'type': 'm', 'width': 160, 'url': 'https://sun9-56.userapi.com/s/v1/ig1/qARyyGUijpCbu9JV7WbGv3JxZehZB2ScbNJnQR3LJEf25pLpYI2cmOB5FCpqNXH7ao55FxFB.jpg?quality=96&as=32x52,48x78,72x117,108x176,160x261,240x391,360x587,480x782,540x880,640x1043,720x1174,1080x1761,1222x1992&from=bu&cs=160x0'}, {'height': 1043, 'type': 'x', 'width': 640, 'url': 'https://sun9-56.userapi.com/s/v1/ig1/qARyyGUijpCbu9JV7WbGv3JxZehZB2ScbNJnQR3LJEf25pLpYI2cmOB5FCpqNXH7ao55FxFB.jpg?quality=96&as=32x52,48x78,72x117,108x176,160x261,240x391,360x587,480x782,540x880,640x1043,720x1174,1080x1761,1222x1992&from=bu&cs=640x0'}, {'height': 1761, 'type': 'y', 'width': 1080, 'url': 'https://sun9-56.userapi.com/s/v1/ig1/qARyyGUijpCbu9JV7WbGv3JxZehZB2ScbNJnQR3LJEf25pLpYI2cmOB5FCpqNXH7ao55FxFB.jpg?quality=96&as=32x52,48x78,72x117,108x176,160x261,240x391,360x587,480x782,540x880,640x1043,720x1174,1080x1761,1222x1992&from=bu&cs=1080x0'}, {'height': 1992, 'type': 'z', 'width': 1222, 'url': 'https://sun9-56.userapi.com/s/v1/ig1/qARyyGUijpCbu9JV7WbGv3JxZehZB2ScbNJnQR3LJEf25pLpYI2cmOB5FCpqNXH7ao55FxFB.jpg?quality=96&as=32x52,48x78,72x117,108x176,160x261,240x391,360x587,480x782,540x880,640x1043,720x1174,1080x1761,1222x1992&from=bu&cs=1222x0'}, {'height': 176, 'type': 'o', 'width': 108, 'url': 'https://sun9-56.userapi.com/s/v1/ig1/qARyyGUijpCbu9JV7WbGv3JxZehZB2ScbNJnQR3LJEf25pLpYI2cmOB5FCpqNXH7ao55FxFB.jpg?quality=96&as=32x52,48x78,72x117,108x176,160x261,240x391,360x587,480x782,540x880,640x1043,720x1174,1080x1761,1222x1992&from=bu&cs=108x0'}, {'height': 391, 'type': 'p', 'width': 240, 'url': 'https://sun9-56.userapi.com/s/v1/ig1/qARyyGUijpCbu9JV7WbGv3JxZehZB2ScbNJnQR3LJEf25pLpYI2cmOB5FCpqNXH7ao55FxFB.jpg?quality=96&as=32x52,48x78,72x117,108x176,160x261,240x391,360x587,480x782,540x880,640x1043,720x1174,1080x1761,1222x1992&from=bu&cs=240x0'}, {'height': 587, 'type': 'q', 'width': 360, 'url': 'https://sun9-56.userapi.com/s/v1/ig1/qARyyGUijpCbu9JV7WbGv3JxZehZB2ScbNJnQR3LJEf25pLpYI2cmOB5FCpqNXH7ao55FxFB.jpg?quality=96&as=32x52,48x78,72x117,108x176,160x261,240x391,360x587,480x782,540x880,640x1043,720x1174,1080x1761,1222x1992&from=bu&cs=360x0'}, {'height': 880, 'type': 'r', 'width': 540, 'url': 'https://sun9-56.userapi.com/s/v1/ig1/qARyyGUijpCbu9JV7WbGv3JxZehZB2ScbNJnQR3LJEf25pLpYI2cmOB5FCpqNXH7ao55FxFB.jpg?quality=96&as=32x52,48x78,72x117,108x176,160x261,240x391,360x587,480x782,540x880,640x1043,720x1174,1080x1761,1222x1992&from=bu&cs=540x0'}, {'height': 1992, 'type': 'base', 'width': 1222, 'url': 'https://sun9-56.userapi.com/s/v1/ig1/qARyyGUijpCbu9JV7WbGv3JxZehZB2ScbNJnQR3LJEf25pLpYI2cmOB5FCpqNXH7ao55FxFB.jpg?quality=96&as=32x52,48x78,72x117,108x176,160x261,240x391,360x587,480x782,540x880,640x1043,720x1174,1080x1761,1222x1992&from=bu'}], 'square_crop': '0,155,1222', 'text': '', 'web_view_token': 'a8abd19d44a4f03f55', 'likes': {'count': 3186, 'user_likes': 0}, 'comments': {'count': 77}, 'reposts': {'count': 1}, 'tags': {'count': 0}, 'orig_photo': {'height': 1992, 'type': 'base', 'url': 'https://sun9-56.userapi.com/s/v1/ig1/qARyyGUijpCbu9JV7WbGv3JxZehZB2ScbNJnQR3LJEf25pLpYI2cmOB5FCpqNXH7ao55FxFB.jpg?quality=96&as=32x52,48x78,72x117,108x176,160x261,240x391,360x587,480x782,540x880,640x1043,720x1174,1080x1761,1222x1992&from=bu', 'width': 1222}}, {'album_id': -6, 'date': 1564685494, 'id': 457243314, 'owner_id': 465635343, 'can_comment': 1, 'post_id': 23827, 'sizes': [{'height': 90, 'type': 's', 'width': 72, 'url': 'https://sun9-28.userapi.com/s/v1/ig1/NUJarvcSH4GRCx_VC1-uXDbmRg2YSctgsOxEkmryMBmYMEUK0m3egs-vY5Ski8cWlQMno1P5.jpg?quality=96&as=32x40,48x60,72x90,108x135,160x200,240x300,360x451,480x601,540x676,640x801,720x901,1080x1352,1117x1398&from=bu&cs=72x0'}, {'height': 200, 'type': 'm', 'width': 160, 'url': 'https://sun9-28.userapi.com/s/v1/ig1/NUJarvcSH4GRCx_VC1-uXDbmRg2YSctgsOxEkmryMBmYMEUK0m3egs-vY5Ski8cWlQMno1P5.jpg?quality=96&as=32x40,48x60,72x90,108x135,160x200,240x300,360x451,480x601,540x676,640x801,720x901,1080x1352,1117x1398&from=bu&cs=160x0'}, {'height': 801, 'type': 'x', 'width': 640, 'url': 'https://sun9-28.userapi.com/s/v1/ig1/NUJarvcSH4GRCx_VC1-uXDbmRg2YSctgsOxEkmryMBmYMEUK0m3egs-vY5Ski8cWlQMno1P5.jpg?quality=96&as=32x40,48x60,72x90,108x135,160x200,240x300,360x451,480x601,540x676,640x801,720x901,1080x1352,1117x1398&from=bu&cs=640x0'}, {'height': 1352, 'type': 'y', 'width': 1080, 'url': 'https://sun9-28.userapi.com/s/v1/ig1/NUJarvcSH4GRCx_VC1-uXDbmRg2YSctgsOxEkmryMBmYMEUK0m3egs-vY5Ski8cWlQMno1P5.jpg?quality=96&as=32x40,48x60,72x90,108x135,160x200,240x300,360x451,480x601,540x676,640x801,720x901,1080x1352,1117x1398&from=bu&cs=1080x0'}, {'height': 1398, 'type': 'z', 'width': 1117, 'url': 'https://sun9-28.userapi.com/s/v1/ig1/NUJarvcSH4GRCx_VC1-uXDbmRg2YSctgsOxEkmryMBmYMEUK0m3egs-vY5Ski8cWlQMno1P5.jpg?quality=96&as=32x40,48x60,72x90,108x135,160x200,240x300,360x451,480x601,540x676,640x801,720x901,1080x1352,1117x1398&from=bu&cs=1117x0'}, {'height': 135, 'type': 'o', 'width': 108, 'url': 'https://sun9-28.userapi.com/s/v1/ig1/NUJarvcSH4GRCx_VC1-uXDbmRg2YSctgsOxEkmryMBmYMEUK0m3egs-vY5Ski8cWlQMno1P5.jpg?quality=96&as=32x40,48x60,72x90,108x135,160x200,240x300,360x451,480x601,540x676,640x801,720x901,1080x1352,1117x1398&from=bu&cs=108x0'}, {'height': 300, 'type': 'p', 'width': 240, 'url': 'https://sun9-28.userapi.com/s/v1/ig1/NUJarvcSH4GRCx_VC1-uXDbmRg2YSctgsOxEkmryMBmYMEUK0m3egs-vY5Ski8cWlQMno1P5.jpg?quality=96&as=32x40,48x60,72x90,108x135,160x200,240x300,360x451,480x601,540x676,640x801,720x901,1080x1352,1117x1398&from=bu&cs=240x0'}, {'height': 451, 'type': 'q', 'width': 360, 'url': 'https://sun9-28.userapi.com/s/v1/ig1/NUJarvcSH4GRCx_VC1-uXDbmRg2YSctgsOxEkmryMBmYMEUK0m3egs-vY5Ski8cWlQMno1P5.jpg?quality=96&as=32x40,48x60,72x90,108x135,160x200,240x300,360x451,480x601,540x676,640x801,720x901,1080x1352,1117x1398&from=bu&cs=360x0'}, {'height': 676, 'type': 'r', 'width': 540, 'url': 'https://sun9-28.userapi.com/s/v1/ig1/NUJarvcSH4GRCx_VC1-uXDbmRg2YSctgsOxEkmryMBmYMEUK0m3egs-vY5Ski8cWlQMno1P5.jpg?quality=96&as=32x40,48x60,72x90,108x135,160x200,240x300,360x451,480x601,540x676,640x801,720x901,1080x1352,1117x1398&from=bu&cs=540x0'}, {'height': 1398, 'type': 'base', 'width': 1117, 'url': 'https://sun9-28.userapi.com/s/v1/ig1/NUJarvcSH4GRCx_VC1-uXDbmRg2YSctgsOxEkmryMBmYMEUK0m3egs-vY5Ski8cWlQMno1P5.jpg?quality=96&as=32x40,48x60,72x90,108x135,160x200,240x300,360x451,480x601,540x676,640x801,720x901,1080x1352,1117x1398&from=bu'}], 'square_crop': '9,192,1100', 'text': '', 'web_view_token': '732cbde36f42beb038', 'likes': {'count': 5397, 'user_likes': 0}, 'comments': {'count': 437}, 'reposts': {'count': 5}, 'tags': {'count': 0}, 'orig_photo': {'height': 1398, 'type': 'base', 'url': 'https://sun9-28.userapi.com/s/v1/ig1/NUJarvcSH4GRCx_VC1-uXDbmRg2YSctgsOxEkmryMBmYMEUK0m3egs-vY5Ski8cWlQMno1P5.jpg?quality=96&as=32x40,48x60,72x90,108x135,160x200,240x300,360x451,480x601,540x676,640x801,720x901,1080x1352,1117x1398&from=bu', 'width': 1117}}, {'album_id': -6, 'date': 1772517611, 'id': 457253270, 'owner_id': 465635343, 'can_comment': 1, 'sizes': [{'height': 105, 'type': 's', 'width': 72, 'url': 'https://sun1-88.userapi.com/s/v1/ig2/65b8Hh3lTQXzm9_uonmaqnRIgPOBYWDUTNFk373_rJDv-clbzDedm527Pznc8jVwLNHR_lVhNMCGJ0Fh25sVe2P3.jpg?quality=95&as=32x47,48x70,72x105,108x158,160x234,240x351,360x527,480x703,540x790,640x937,720x1054,1080x1581,1280x1873,1320x1932&from=bu&cs=72x0'}, {'height': 234, 'type': 'm', 'width': 160, 'url': 'https://sun1-88.userapi.com/s/v1/ig2/65b8Hh3lTQXzm9_uonmaqnRIgPOBYWDUTNFk373_rJDv-clbzDedm527Pznc8jVwLNHR_lVhNMCGJ0Fh25sVe2P3.jpg?quality=95&as=32x47,48x70,72x105,108x158,160x234,240x351,360x527,480x703,540x790,640x937,720x1054,1080x1581,1280x1873,1320x1932&from=bu&cs=160x0'}, {'height': 937, 'type': 'x', 'width': 640, 'url': 'https://sun1-88.userapi.com/s/v1/ig2/65b8Hh3lTQXzm9_uonmaqnRIgPOBYWDUTNFk373_rJDv-clbzDedm527Pznc8jVwLNHR_lVhNMCGJ0Fh25sVe2P3.jpg?quality=95&as=32x47,48x70,72x105,108x158,160x234,240x351,360x527,480x703,540x790,640x937,720x1054,1080x1581,1280x1873,1320x1932&from=bu&cs=640x0'}, {'height': 1581, 'type': 'y', 'width': 1080, 'url': 'https://sun1-88.userapi.com/s/v1/ig2/65b8Hh3lTQXzm9_uonmaqnRIgPOBYWDUTNFk373_rJDv-clbzDedm527Pznc8jVwLNHR_lVhNMCGJ0Fh25sVe2P3.jpg?quality=95&as=32x47,48x70,72x105,108x158,160x234,240x351,360x527,480x703,540x790,640x937,720x1054,1080x1581,1280x1873,1320x1932&from=bu&cs=1080x0'}, {'height': 1873, 'type': 'z', 'width': 1280, 'url': 'https://sun1-88.userapi.com/s/v1/ig2/65b8Hh3lTQXzm9_uonmaqnRIgPOBYWDUTNFk373_rJDv-clbzDedm527Pznc8jVwLNHR_lVhNMCGJ0Fh25sVe2P3.jpg?quality=95&as=32x47,48x70,72x105,108x158,160x234,240x351,360x527,480x703,540x790,640x937,720x1054,1080x1581,1280x1873,1320x1932&from=bu&cs=1280x0'}, {'height': 1932, 'type': 'w', 'width': 1320, 'url': 'https://sun1-88.userapi.com/s/v1/ig2/65b8Hh3lTQXzm9_uonmaqnRIgPOBYWDUTNFk373_rJDv-clbzDedm527Pznc8jVwLNHR_lVhNMCGJ0Fh25sVe2P3.jpg?quality=95&as=32x47,48x70,72x105,108x158,160x234,240x351,360x527,480x703,540x790,640x937,720x1054,1080x1581,1280x1873,1320x1932&from=bu&cs=1320x0'}, {'height': 158, 'type': 'o', 'width': 108, 'url': 'https://sun1-88.userapi.com/s/v1/ig2/65b8Hh3lTQXzm9_uonmaqnRIgPOBYWDUTNFk373_rJDv-clbzDedm527Pznc8jVwLNHR_lVhNMCGJ0Fh25sVe2P3.jpg?quality=95&as=32x47,48x70,72x105,108x158,160x234,240x351,360x527,480x703,540x790,640x937,720x1054,1080x1581,1280x1873,1320x1932&from=bu&cs=108x0'}, {'height': 351, 'type': 'p', 'width': 240, 'url': 'https://sun1-88.userapi.com/s/v1/ig2/65b8Hh3lTQXzm9_uonmaqnRIgPOBYWDUTNFk373_rJDv-clbzDedm527Pznc8jVwLNHR_lVhNMCGJ0Fh25sVe2P3.jpg?quality=95&as=32x47,48x70,72x105,108x158,160x234,240x351,360x527,480x703,540x790,640x937,720x1054,1080x1581,1280x1873,1320x1932&from=bu&cs=240x0'}, {'height': 527, 'type': 'q', 'width': 360, 'url': 'https://sun1-88.userapi.com/s/v1/ig2/65b8Hh3lTQXzm9_uonmaqnRIgPOBYWDUTNFk373_rJDv-clbzDedm527Pznc8jVwLNHR_lVhNMCGJ0Fh25sVe2P3.jpg?quality=95&as=32x47,48x70,72x105,108x158,160x234,240x351,360x527,480x703,540x790,640x937,720x1054,1080x1581,1280x1873,1320x1932&from=bu&cs=360x0'}, {'height': 790, 'type': 'r', 'width': 540, 'url': 'https://sun1-88.userapi.com/s/v1/ig2/65b8Hh3lTQXzm9_uonmaqnRIgPOBYWDUTNFk373_rJDv-clbzDedm527Pznc8jVwLNHR_lVhNMCGJ0Fh25sVe2P3.jpg?quality=95&as=32x47,48x70,72x105,108x158,160x234,240x351,360x527,480x703,540x790,640x937,720x1054,1080x1581,1280x1873,1320x1932&from=bu&cs=540x0'}, {'height': 1932, 'type': 'base', 'width': 1320, 'url': 'https://sun1-88.userapi.com/s/v1/ig2/65b8Hh3lTQXzm9_uonmaqnRIgPOBYWDUTNFk373_rJDv-clbzDedm527Pznc8jVwLNHR_lVhNMCGJ0Fh25sVe2P3.jpg?quality=95&as=32x47,48x70,72x105,108x158,160x234,240x351,360x527,480x703,540x790,640x937,720x1054,1080x1581,1280x1873,1320x1932&from=bu'}], 'square_crop': '0,178,1320', 'text': '', 'web_view_token': 'f56e263cb91f933523', 'likes': {'count': 85, 'user_likes': 0}, 'comments': {'count': 13}, 'reposts': {'count': 0}, 'tags': {'count': 0}, 'orig_photo': {'height': 1932, 'type': 'base', 'url': 'https://sun1-88.userapi.com/s/v1/ig2/65b8Hh3lTQXzm9_uonmaqnRIgPOBYWDUTNFk373_rJDv-clbzDedm527Pznc8jVwLNHR_lVhNMCGJ0Fh25sVe2P3.jpg?quality=95&as=32x47,48x70,72x105,108x158,160x234,240x351,360x527,480x703,540x790,640x937,720x1054,1080x1581,1280x1873,1320x1932&from=bu', 'width': 1320}}]
14:18:50 - DEBUG - all profile photos result: [{'album_id': -6, 'date': 1521270440, 'id': 456239632, 'owner_id': 465635343, 'can_comment': 1, 'post_id': 873, 'sizes': [{'height': 77, 'type': 's', 'width': 72, 'url': 'https://sun9-79.userapi.com/s/v1/ig2/brcgMPgVdiQRvCeoxhv1wzJTRVYahIh1_0MnAQan4meWIK-03Helgb_ZSopf-QOuAZils9a0n71cb8lgXP2yuxyF.jpg?quality=96&as=32x34,48x51,72x77,108x115,160x171,240x256,360x384,480x512,540x576,640x683,720x768,1080x1152,1280x1365,1440x1536,1920x2048&from=bu&cs=72x0'}, {'height': 171, 'type': 'm', 'width': 160, 'url': 'https://sun9-79.userapi.com/s/v1/ig2/brcgMPgVdiQRvCeoxhv1wzJTRVYahIh1_0MnAQan4meWIK-03Helgb_ZSopf-QOuAZils9a0n71cb8lgXP2yuxyF.jpg?quality=96&as=32x34,48x51,72x77,108x115,160x171,240x256,360x384,480x512,540x576,640x683,720x768,1080x1152,1280x1365,1440x1536,1920x2048&from=bu&cs=160x0'}, {'height': 683, 'type': 'x', 'width': 640, 'url': 'https://sun9-79.userapi.com/s/v1/ig2/brcgMPgVdiQRvCeoxhv1wzJTRVYahIh1_0MnAQan4meWIK-03Helgb_ZSopf-QOuAZils9a0n71cb8lgXP2yuxyF.jpg?quality=96&as=32x34,48x51,72x77,108x115,160x171,240x256,360x384,480x512,540x576,640x683,720x768,1080x1152,1280x1365,1440x1536,1920x2048&from=bu&cs=640x0'}, {'height': 1152, 'type': 'y', 'width': 1080, 'url': 'https://sun9-79.userapi.com/s/v1/ig2/brcgMPgVdiQRvCeoxhv1wzJTRVYahIh1_0MnAQan4meWIK-03Helgb_ZSopf-QOuAZils9a0n71cb8lgXP2yuxyF.jpg?quality=96&as=32x34,48x51,72x77,108x115,160x171,240x256,360x384,480x512,540x576,640x683,720x768,1080x1152,1280x1365,1440x1536,1920x2048&from=bu&cs=1080x0'}, {'height': 1365, 'type': 'z', 'width': 1280, 'url': 'https://sun9-79.userapi.com/s/v1/ig2/brcgMPgVdiQRvCeoxhv1wzJTRVYahIh1_0MnAQan4meWIK-03Helgb_ZSopf-QOuAZils9a0n71cb8lgXP2yuxyF.jpg?quality=96&as=32x34,48x51,72x77,108x115,160x171,240x256,360x384,480x512,540x576,640x683,720x768,1080x1152,1280x1365,1440x1536,1920x2048&from=bu&cs=1280x0'}, {'height': 2048, 'type': 'w', 'width': 1920, 'url': 'https://sun9-79.userapi.com/s/v1/ig2/brcgMPgVdiQRvCeoxhv1wzJTRVYahIh1_0MnAQan4meWIK-03Helgb_ZSopf-QOuAZils9a0n71cb8lgXP2yuxyF.jpg?quality=96&as=32x34,48x51,72x77,108x115,160x171,240x256,360x384,480x512,540x576,640x683,720x768,1080x1152,1280x1365,1440x1536,1920x2048&from=bu&cs=1920x0'}, {'height': 115, 'type': 'o', 'width': 108, 'url': 'https://sun9-79.userapi.com/s/v1/ig2/brcgMPgVdiQRvCeoxhv1wzJTRVYahIh1_0MnAQan4meWIK-03Helgb_ZSopf-QOuAZils9a0n71cb8lgXP2yuxyF.jpg?quality=96&as=32x34,48x51,72x77,108x115,160x171,240x256,360x384,480x512,540x576,640x683,720x768,1080x1152,1280x1365,1440x1536,1920x2048&from=bu&cs=108x0'}, {'height': 256, 'type': 'p', 'width': 240, 'url': 'https://sun9-79.userapi.com/s/v1/ig2/brcgMPgVdiQRvCeoxhv1wzJTRVYahIh1_0MnAQan4meWIK-03Helgb_ZSopf-QOuAZils9a0n71cb8lgXP2yuxyF.jpg?quality=96&as=32x34,48x51,72x77,108x115,160x171,240x256,360x384,480x512,540x576,640x683,720x768,1080x1152,1280x1365,1440x1536,1920x2048&from=bu&cs=240x0'}, {'height': 384, 'type': 'q', 'width': 360, 'url': 'https://sun9-79.userapi.com/s/v1/ig2/brcgMPgVdiQRvCeoxhv1wzJTRVYahIh1_0MnAQan4meWIK-03Helgb_ZSopf-QOuAZils9a0n71cb8lgXP2yuxyF.jpg?quality=96&as=32x34,48x51,72x77,108x115,160x171,240x256,360x384,480x512,540x576,640x683,720x768,1080x1152,1280x1365,1440x1536,1920x2048&from=bu&cs=360x0'}, {'height': 576, 'type': 'r', 'width': 540, 'url': 'https://sun9-79.userapi.com/s/v1/ig2/brcgMPgVdiQRvCeoxhv1wzJTRVYahIh1_0MnAQan4meWIK-03Helgb_ZSopf-QOuAZils9a0n71cb8lgXP2yuxyF.jpg?quality=96&as=32x34,48x51,72x77,108x115,160x171,240x256,360x384,480x512,540x576,640x683,720x768,1080x1152,1280x1365,1440x1536,1920x2048&from=bu&cs=540x0'}, {'height': 2048, 'type': 'base', 'width': 1920, 'url': 'https://sun9-79.userapi.com/s/v1/ig2/brcgMPgVdiQRvCeoxhv1wzJTRVYahIh1_0MnAQan4meWIK-03Helgb_ZSopf-QOuAZils9a0n71cb8lgXP2yuxyF.jpg?quality=96&as=32x34,48x51,72x77,108x115,160x171,240x256,360x384,480x512,540x576,640x683,720x768,1080x1152,1280x1365,1440x1536,1920x2048&from=bu'}], 'square_crop': '0,64,1920', 'text': '', 'web_view_token': '51e699058ea6d2a839', 'likes': {'count': 3890, 'user_likes': 0}, 'comments': {'count': 149}, 'reposts': {'count': 3}, 'tags': {'count': 0}, 'orig_photo': {'height': 2048, 'type': 'base', 'url': 'https://sun9-79.userapi.com/s/v1/ig2/brcgMPgVdiQRvCeoxhv1wzJTRVYahIh1_0MnAQan4meWIK-03Helgb_ZSopf-QOuAZils9a0n71cb8lgXP2yuxyF.jpg?quality=96&as=32x34,48x51,72x77,108x115,160x171,240x256,360x384,480x512,540x576,640x683,720x768,1080x1152,1280x1365,1440x1536,1920x2048&from=bu', 'width': 1920}}, {'album_id': -6, 'date': 1555152474, 'id': 456242391, 'owner_id': 465635343, 'can_comment': 1, 'post_id': 16705, 'sizes': [{'height': 117, 'type': 's', 'width': 72, 'url': 'https://sun9-56.userapi.com/s/v1/ig1/qARyyGUijpCbu9JV7WbGv3JxZehZB2ScbNJnQR3LJEf25pLpYI2cmOB5FCpqNXH7ao55FxFB.jpg?quality=96&as=32x52,48x78,72x117,108x176,160x261,240x391,360x587,480x782,540x880,640x1043,720x1174,1080x1761,1222x1992&from=bu&cs=72x0'}, {'height': 261, 'type': 'm', 'width': 160, 'url': 'https://sun9-56.userapi.com/s/v1/ig1/qARyyGUijpCbu9JV7WbGv3JxZehZB2ScbNJnQR3LJEf25pLpYI2cmOB5FCpqNXH7ao55FxFB.jpg?quality=96&as=32x52,48x78,72x117,108x176,160x261,240x391,360x587,480x782,540x880,640x1043,720x1174,1080x1761,1222x1992&from=bu&cs=160x0'}, {'height': 1043, 'type': 'x', 'width': 640, 'url': 'https://sun9-56.userapi.com/s/v1/ig1/qARyyGUijpCbu9JV7WbGv3JxZehZB2ScbNJnQR3LJEf25pLpYI2cmOB5FCpqNXH7ao55FxFB.jpg?quality=96&as=32x52,48x78,72x117,108x176,160x261,240x391,360x587,480x782,540x880,640x1043,720x1174,1080x1761,1222x1992&from=bu&cs=640x0'}, {'height': 1761, 'type': 'y', 'width': 1080, 'url': 'https://sun9-56.userapi.com/s/v1/ig1/qARyyGUijpCbu9JV7WbGv3JxZehZB2ScbNJnQR3LJEf25pLpYI2cmOB5FCpqNXH7ao55FxFB.jpg?quality=96&as=32x52,48x78,72x117,108x176,160x261,240x391,360x587,480x782,540x880,640x1043,720x1174,1080x1761,1222x1992&from=bu&cs=1080x0'}, {'height': 1992, 'type': 'z', 'width': 1222, 'url': 'https://sun9-56.userapi.com/s/v1/ig1/qARyyGUijpCbu9JV7WbGv3JxZehZB2ScbNJnQR3LJEf25pLpYI2cmOB5FCpqNXH7ao55FxFB.jpg?quality=96&as=32x52,48x78,72x117,108x176,160x261,240x391,360x587,480x782,540x880,640x1043,720x1174,1080x1761,1222x1992&from=bu&cs=1222x0'}, {'height': 176, 'type': 'o', 'width': 108, 'url': 'https://sun9-56.userapi.com/s/v1/ig1/qARyyGUijpCbu9JV7WbGv3JxZehZB2ScbNJnQR3LJEf25pLpYI2cmOB5FCpqNXH7ao55FxFB.jpg?quality=96&as=32x52,48x78,72x117,108x176,160x261,240x391,360x587,480x782,540x880,640x1043,720x1174,1080x1761,1222x1992&from=bu&cs=108x0'}, {'height': 391, 'type': 'p', 'width': 240, 'url': 'https://sun9-56.userapi.com/s/v1/ig1/qARyyGUijpCbu9JV7WbGv3JxZehZB2ScbNJnQR3LJEf25pLpYI2cmOB5FCpqNXH7ao55FxFB.jpg?quality=96&as=32x52,48x78,72x117,108x176,160x261,240x391,360x587,480x782,540x880,640x1043,720x1174,1080x1761,1222x1992&from=bu&cs=240x0'}, {'height': 587, 'type': 'q', 'width': 360, 'url': 'https://sun9-56.userapi.com/s/v1/ig1/qARyyGUijpCbu9JV7WbGv3JxZehZB2ScbNJnQR3LJEf25pLpYI2cmOB5FCpqNXH7ao55FxFB.jpg?quality=96&as=32x52,48x78,72x117,108x176,160x261,240x391,360x587,480x782,540x880,640x1043,720x1174,1080x1761,1222x1992&from=bu&cs=360x0'}, {'height': 880, 'type': 'r', 'width': 540, 'url': 'https://sun9-56.userapi.com/s/v1/ig1/qARyyGUijpCbu9JV7WbGv3JxZehZB2ScbNJnQR3LJEf25pLpYI2cmOB5FCpqNXH7ao55FxFB.jpg?quality=96&as=32x52,48x78,72x117,108x176,160x261,240x391,360x587,480x782,540x880,640x1043,720x1174,1080x1761,1222x1992&from=bu&cs=540x0'}, {'height': 1992, 'type': 'base', 'width': 1222, 'url': 'https://sun9-56.userapi.com/s/v1/ig1/qARyyGUijpCbu9JV7WbGv3JxZehZB2ScbNJnQR3LJEf25pLpYI2cmOB5FCpqNXH7ao55FxFB.jpg?quality=96&as=32x52,48x78,72x117,108x176,160x261,240x391,360x587,480x782,540x880,640x1043,720x1174,1080x1761,1222x1992&from=bu'}], 'square_crop': '0,155,1222', 'text': '', 'web_view_token': 'a8abd19d44a4f03f55', 'likes': {'count': 3186, 'user_likes': 0}, 'comments': {'count': 77}, 'reposts': {'count': 1}, 'tags': {'count': 0}, 'orig_photo': {'height': 1992, 'type': 'base', 'url': 'https://sun9-56.userapi.com/s/v1/ig1/qARyyGUijpCbu9JV7WbGv3JxZehZB2ScbNJnQR3LJEf25pLpYI2cmOB5FCpqNXH7ao55FxFB.jpg?quality=96&as=32x52,48x78,72x117,108x176,160x261,240x391,360x587,480x782,540x880,640x1043,720x1174,1080x1761,1222x1992&from=bu', 'width': 1222}}, {'album_id': -6, 'date': 1564685494, 'id': 457243314, 'owner_id': 465635343, 'can_comment': 1, 'post_id': 23827, 'sizes': [{'height': 90, 'type': 's', 'width': 72, 'url': 'https://sun9-28.userapi.com/s/v1/ig1/NUJarvcSH4GRCx_VC1-uXDbmRg2YSctgsOxEkmryMBmYMEUK0m3egs-vY5Ski8cWlQMno1P5.jpg?quality=96&as=32x40,48x60,72x90,108x135,160x200,240x300,360x451,480x601,540x676,640x801,720x901,1080x1352,1117x1398&from=bu&cs=72x0'}, {'height': 200, 'type': 'm', 'width': 160, 'url': 'https://sun9-28.userapi.com/s/v1/ig1/NUJarvcSH4GRCx_VC1-uXDbmRg2YSctgsOxEkmryMBmYMEUK0m3egs-vY5Ski8cWlQMno1P5.jpg?quality=96&as=32x40,48x60,72x90,108x135,160x200,240x300,360x451,480x601,540x676,640x801,720x901,1080x1352,1117x1398&from=bu&cs=160x0'}, {'height': 801, 'type': 'x', 'width': 640, 'url': 'https://sun9-28.userapi.com/s/v1/ig1/NUJarvcSH4GRCx_VC1-uXDbmRg2YSctgsOxEkmryMBmYMEUK0m3egs-vY5Ski8cWlQMno1P5.jpg?quality=96&as=32x40,48x60,72x90,108x135,160x200,240x300,360x451,480x601,540x676,640x801,720x901,1080x1352,1117x1398&from=bu&cs=640x0'}, {'height': 1352, 'type': 'y', 'width': 1080, 'url': 'https://sun9-28.userapi.com/s/v1/ig1/NUJarvcSH4GRCx_VC1-uXDbmRg2YSctgsOxEkmryMBmYMEUK0m3egs-vY5Ski8cWlQMno1P5.jpg?quality=96&as=32x40,48x60,72x90,108x135,160x200,240x300,360x451,480x601,540x676,640x801,720x901,1080x1352,1117x1398&from=bu&cs=1080x0'}, {'height': 1398, 'type': 'z', 'width': 1117, 'url': 'https://sun9-28.userapi.com/s/v1/ig1/NUJarvcSH4GRCx_VC1-uXDbmRg2YSctgsOxEkmryMBmYMEUK0m3egs-vY5Ski8cWlQMno1P5.jpg?quality=96&as=32x40,48x60,72x90,108x135,160x200,240x300,360x451,480x601,540x676,640x801,720x901,1080x1352,1117x1398&from=bu&cs=1117x0'}, {'height': 135, 'type': 'o', 'width': 108, 'url': 'https://sun9-28.userapi.com/s/v1/ig1/NUJarvcSH4GRCx_VC1-uXDbmRg2YSctgsOxEkmryMBmYMEUK0m3egs-vY5Ski8cWlQMno1P5.jpg?quality=96&as=32x40,48x60,72x90,108x135,160x200,240x300,360x451,480x601,540x676,640x801,720x901,1080x1352,1117x1398&from=bu&cs=108x0'}, {'height': 300, 'type': 'p', 'width': 240, 'url': 'https://sun9-28.userapi.com/s/v1/ig1/NUJarvcSH4GRCx_VC1-uXDbmRg2YSctgsOxEkmryMBmYMEUK0m3egs-vY5Ski8cWlQMno1P5.jpg?quality=96&as=32x40,48x60,72x90,108x135,160x200,240x300,360x451,480x601,540x676,640x801,720x901,1080x1352,1117x1398&from=bu&cs=240x0'}, {'height': 451, 'type': 'q', 'width': 360, 'url': 'https://sun9-28.userapi.com/s/v1/ig1/NUJarvcSH4GRCx_VC1-uXDbmRg2YSctgsOxEkmryMBmYMEUK0m3egs-vY5Ski8cWlQMno1P5.jpg?quality=96&as=32x40,48x60,72x90,108x135,160x200,240x300,360x451,480x601,540x676,640x801,720x901,1080x1352,1117x1398&from=bu&cs=360x0'}, {'height': 676, 'type': 'r', 'width': 540, 'url': 'https://sun9-28.userapi.com/s/v1/ig1/NUJarvcSH4GRCx_VC1-uXDbmRg2YSctgsOxEkmryMBmYMEUK0m3egs-vY5Ski8cWlQMno1P5.jpg?quality=96&as=32x40,48x60,72x90,108x135,160x200,240x300,360x451,480x601,540x676,640x801,720x901,1080x1352,1117x1398&from=bu&cs=540x0'}, {'height': 1398, 'type': 'base', 'width': 1117, 'url': 'https://sun9-28.userapi.com/s/v1/ig1/NUJarvcSH4GRCx_VC1-uXDbmRg2YSctgsOxEkmryMBmYMEUK0m3egs-vY5Ski8cWlQMno1P5.jpg?quality=96&as=32x40,48x60,72x90,108x135,160x200,240x300,360x451,480x601,540x676,640x801,720x901,1080x1352,1117x1398&from=bu'}], 'square_crop': '9,192,1100', 'text': '', 'web_view_token': '732cbde36f42beb038', 'likes': {'count': 5397, 'user_likes': 0}, 'comments': {'count': 437}, 'reposts': {'count': 5}, 'tags': {'count': 0}, 'orig_photo': {'height': 1398, 'type': 'base', 'url': 'https://sun9-28.userapi.com/s/v1/ig1/NUJarvcSH4GRCx_VC1-uXDbmRg2YSctgsOxEkmryMBmYMEUK0m3egs-vY5Ski8cWlQMno1P5.jpg?quality=96&as=32x40,48x60,72x90,108x135,160x200,240x300,360x451,480x601,540x676,640x801,720x901,1080x1352,1117x1398&from=bu', 'width': 1117}}, {'album_id': -6, 'date': 1772517611, 'id': 457253270, 'owner_id': 465635343, 'can_comment': 1, 'sizes': [{'height': 105, 'type': 's', 'width': 72, 'url': 'https://sun1-88.userapi.com/s/v1/ig2/65b8Hh3lTQXzm9_uonmaqnRIgPOBYWDUTNFk373_rJDv-clbzDedm527Pznc8jVwLNHR_lVhNMCGJ0Fh25sVe2P3.jpg?quality=95&as=32x47,48x70,72x105,108x158,160x234,240x351,360x527,480x703,540x790,640x937,720x1054,1080x1581,1280x1873,1320x1932&from=bu&cs=72x0'}, {'height': 234, 'type': 'm', 'width': 160, 'url': 'https://sun1-88.userapi.com/s/v1/ig2/65b8Hh3lTQXzm9_uonmaqnRIgPOBYWDUTNFk373_rJDv-clbzDedm527Pznc8jVwLNHR_lVhNMCGJ0Fh25sVe2P3.jpg?quality=95&as=32x47,48x70,72x105,108x158,160x234,240x351,360x527,480x703,540x790,640x937,720x1054,1080x1581,1280x1873,1320x1932&from=bu&cs=160x0'}, {'height': 937, 'type': 'x', 'width': 640, 'url': 'https://sun1-88.userapi.com/s/v1/ig2/65b8Hh3lTQXzm9_uonmaqnRIgPOBYWDUTNFk373_rJDv-clbzDedm527Pznc8jVwLNHR_lVhNMCGJ0Fh25sVe2P3.jpg?quality=95&as=32x47,48x70,72x105,108x158,160x234,240x351,360x527,480x703,540x790,640x937,720x1054,1080x1581,1280x1873,1320x1932&from=bu&cs=640x0'}, {'height': 1581, 'type': 'y', 'width': 1080, 'url': 'https://sun1-88.userapi.com/s/v1/ig2/65b8Hh3lTQXzm9_uonmaqnRIgPOBYWDUTNFk373_rJDv-clbzDedm527Pznc8jVwLNHR_lVhNMCGJ0Fh25sVe2P3.jpg?quality=95&as=32x47,48x70,72x105,108x158,160x234,240x351,360x527,480x703,540x790,640x937,720x1054,1080x1581,1280x1873,1320x1932&from=bu&cs=1080x0'}, {'height': 1873, 'type': 'z', 'width': 1280, 'url': 'https://sun1-88.userapi.com/s/v1/ig2/65b8Hh3lTQXzm9_uonmaqnRIgPOBYWDUTNFk373_rJDv-clbzDedm527Pznc8jVwLNHR_lVhNMCGJ0Fh25sVe2P3.jpg?quality=95&as=32x47,48x70,72x105,108x158,160x234,240x351,360x527,480x703,540x790,640x937,720x1054,1080x1581,1280x1873,1320x1932&from=bu&cs=1280x0'}, {'height': 1932, 'type': 'w', 'width': 1320, 'url': 'https://sun1-88.userapi.com/s/v1/ig2/65b8Hh3lTQXzm9_uonmaqnRIgPOBYWDUTNFk373_rJDv-clbzDedm527Pznc8jVwLNHR_lVhNMCGJ0Fh25sVe2P3.jpg?quality=95&as=32x47,48x70,72x105,108x158,160x234,240x351,360x527,480x703,540x790,640x937,720x1054,1080x1581,1280x1873,1320x1932&from=bu&cs=1320x0'}, {'height': 158, 'type': 'o', 'width': 108, 'url': 'https://sun1-88.userapi.com/s/v1/ig2/65b8Hh3lTQXzm9_uonmaqnRIgPOBYWDUTNFk373_rJDv-clbzDedm527Pznc8jVwLNHR_lVhNMCGJ0Fh25sVe2P3.jpg?quality=95&as=32x47,48x70,72x105,108x158,160x234,240x351,360x527,480x703,540x790,640x937,720x1054,1080x1581,1280x1873,1320x1932&from=bu&cs=108x0'}, {'height': 351, 'type': 'p', 'width': 240, 'url': 'https://sun1-88.userapi.com/s/v1/ig2/65b8Hh3lTQXzm9_uonmaqnRIgPOBYWDUTNFk373_rJDv-clbzDedm527Pznc8jVwLNHR_lVhNMCGJ0Fh25sVe2P3.jpg?quality=95&as=32x47,48x70,72x105,108x158,160x234,240x351,360x527,480x703,540x790,640x937,720x1054,1080x1581,1280x1873,1320x1932&from=bu&cs=240x0'}, {'height': 527, 'type': 'q', 'width': 360, 'url': 'https://sun1-88.userapi.com/s/v1/ig2/65b8Hh3lTQXzm9_uonmaqnRIgPOBYWDUTNFk373_rJDv-clbzDedm527Pznc8jVwLNHR_lVhNMCGJ0Fh25sVe2P3.jpg?quality=95&as=32x47,48x70,72x105,108x158,160x234,240x351,360x527,480x703,540x790,640x937,720x1054,1080x1581,1280x1873,1320x1932&from=bu&cs=360x0'}, {'height': 790, 'type': 'r', 'width': 540, 'url': 'https://sun1-88.userapi.com/s/v1/ig2/65b8Hh3lTQXzm9_uonmaqnRIgPOBYWDUTNFk373_rJDv-clbzDedm527Pznc8jVwLNHR_lVhNMCGJ0Fh25sVe2P3.jpg?quality=95&as=32x47,48x70,72x105,108x158,160x234,240x351,360x527,480x703,540x790,640x937,720x1054,1080x1581,1280x1873,1320x1932&from=bu&cs=540x0'}, {'height': 1932, 'type': 'base', 'width': 1320, 'url': 'https://sun1-88.userapi.com/s/v1/ig2/65b8Hh3lTQXzm9_uonmaqnRIgPOBYWDUTNFk373_rJDv-clbzDedm527Pznc8jVwLNHR_lVhNMCGJ0Fh25sVe2P3.jpg?quality=95&as=32x47,48x70,72x105,108x158,160x234,240x351,360x527,480x703,540x790,640x937,720x1054,1080x1581,1280x1873,1320x1932&from=bu'}], 'square_crop': '0,178,1320', 'text': '', 'web_view_token': 'f56e263cb91f933523', 'likes': {'count': 85, 'user_likes': 0}, 'comments': {'count': 13}, 'reposts': {'count': 0}, 'tags': {'count': 0}, 'orig_photo': {'height': 1932, 'type': 'base', 'url': 'https://sun1-88.userapi.com/s/v1/ig2/65b8Hh3lTQXzm9_uonmaqnRIgPOBYWDUTNFk373_rJDv-clbzDedm527Pznc8jVwLNHR_lVhNMCGJ0Fh25sVe2P3.jpg?quality=95&as=32x47,48x70,72x105,108x158,160x234,240x351,360x527,480x703,540x790,640x937,720x1054,1080x1581,1280x1873,1320x1932&from=bu', 'width': 1320}}]
14:18:50 - DEBUG - result get top3 photo: ['photo465635343_457243314', 'photo465635343_456239632', 'photo465635343_456242391']
14:18:50 - DEBUG - result extract user data: {'user_id': 465635343, 'first_name': 'Александр', 'last_name': 'Емельяненко', 'sex': 2, 'sex_as_text': 'Мужской', 'profile_URL': 'https://vk.com/id465635343', 'age': 44, 'city_id': 1, 'city': 'Москва', 'photo_URL': ['photo465635343_457243314', 'photo465635343_456239632', 'photo465635343_456242391']}
14:18:50 - DEBUG - API request was validated
14:18:50 - DEBUG - Request messages.send with {'random_id': 0, 'peer_ids': '311485261', 'message': 'Александр Емельяненко, г. Москва, 44 лет', 'attachment': 'photo465635343_457243314,photo465635343_456239632,photo465635343_456242391', 'keyboard': <vkbottle.tools.keyboard.keyboard.Keyboard object at 0x0000000029F676F0>} data returned {"response":[{"peer_id":311485261,"message_id":609,"conversation_message_id":608}]}
14:18:50 - DEBUG - API response was validated
14:18:50 - DEBUG - API request was validated
14:18:50 - DEBUG - Request messages.send with {'random_id': 0, 'peer_ids': '311485261', 'message': 'Это последний элемент списка!', 'keyboard': <vkbottle.tools.keyboard.keyboard.Keyboard object at 0x0000000029FAEF90>} data returned {"response":[{"peer_id":311485261,"message_id":610,"conversation_message_id":609}]}
14:18:50 - DEBUG - API response was validated
14:18:55 - DEBUG - New event was received: {'ts': '125', 'updates': [{'group_id': 238429916, 'type': 'message_new', 'event_id': 'c06cdbd8195c1a44ce0c1c52fe3ad5b00459a65b', 'v': '5.199', 'object': {'client_info': {'button_actions': ['text', 'vkpay', 'open_app', 'location', 'open_link', 'open_photo', 'callback', 'intent_subscribe', 'intent_unsubscribe'], 'keyboard': True, 'inline_keyboard': True, 'carousel': True, 'lang_id': 0}, 'message': {'date': 1778584736, 'from_id': 311485261, 'id': 611, 'version': 10001998, 'out': 0, 'fwd_messages': [], 'important': False, 'is_hidden': False, 'attachments': [], 'conversation_message_id': 610, 'payload': '{"cmd":"to_main_menu"}', 'text': 'В главное меню', 'peer_id': 311485261, 'random_id': 0}}}]}
14:18:55 - DEBUG - Making long request to get event with longpoll...
14:18:55 - DEBUG - Routing update {'group_id': 238429916, 'type': 'message_new', 'event_id': 'c06cdbd8195c1a44ce0c1c52fe3ad5b00459a65b', 'v': '5.199', 'object': {'client_info': {'button_actions': ['text', 'vkpay', 'open_app', 'location', 'open_link', 'open_photo', 'callback', 'intent_subscribe', 'intent_unsubscribe'], 'keyboard': True, 'inline_keyboard': True, 'carousel': True, 'lang_id': 0}, 'message': {'date': 1778584736, 'from_id': 311485261, 'id': 611, 'version': 10001998, 'out': 0, 'fwd_messages': [], 'important': False, 'is_hidden': False, 'attachments': [], 'conversation_message_id': 610, 'payload': '{"cmd":"to_main_menu"}', 'text': 'В главное меню', 'peer_id': 311485261, 'random_id': 0}}}
14:18:55 - DEBUG - Handling event (message_new) with message view
14:18:55 - DEBUG - Casting state for peer_id 311485261
14:18:55 - DEBUG - Handler <FromFuncHandler greet_handler blocking=True rules=(<vkbottle.dispatch.rules.base.PeerRule>, <vkbottle.dispatch.rules.base.StateRule>)> returned False
14:18:55 - DEBUG - Handler <FromFuncHandler start_dating blocking=True rules=(<vkbottle.dispatch.rules.base.PeerRule>, <vkbottle.dispatch.rules.base.StateRule>, <vkbottle.dispatch.rules.base.PayloadRule>)> returned False
14:18:55 - DEBUG - Handler <FromFuncHandler next_dating blocking=True rules=(<vkbottle.dispatch.rules.base.PeerRule>, <vkbottle.dispatch.rules.base.StateRule>, <vkbottle.dispatch.rules.base.PayloadRule>)> returned False
14:18:55 - DEBUG - Handler <FromFuncHandler add_to_favourite blocking=True rules=(<vkbottle.dispatch.rules.base.PeerRule>, <vkbottle.dispatch.rules.base.StateRule>, <vkbottle.dispatch.rules.base.PayloadRule>)> returned False
14:18:55 - DEBUG - Handler <FromFuncHandler go_to_favourite blocking=True rules=(<vkbottle.dispatch.rules.base.PeerRule>, <vkbottle.dispatch.rules.base.StateRule>, <vkbottle.dispatch.rules.base.PayloadRule>)> returned False
14:18:55 - DEBUG - Handler <FromFuncHandler next_favourite blocking=True rules=(<vkbottle.dispatch.rules.base.PeerRule>, <vkbottle.dispatch.rules.base.StateRule>, <vkbottle.dispatch.rules.base.PayloadRule>)> returned False
14:18:55 - DEBUG - Handler <FromFuncHandler go_to_main_menu blocking=True rules=(<vkbottle.dispatch.rules.base.PeerRule>, <vkbottle.dispatch.rules.base.PayloadRule>)> returned {}
14:18:55 - DEBUG - API request was validated
14:18:55 - DEBUG - Request messages.send with {'random_id': 0, 'peer_ids': '311485261', 'message': 'Чем хочешь заняться?', 'keyboard': <vkbottle.tools.keyboard.keyboard.Keyboard object at 0x0000000029FC1BD0>} data returned {"response":[{"peer_id":311485261,"message_id":612,"conversation_message_id":611}]}
14:18:55 - DEBUG - API response was validated
14:19:11 - INFO - Caught keyboard interrupt. Shutting down...
14:19:12 - ERROR - Task was destroyed but it is pending!
task: <Task pending name='Task-44' coro=<_wait_for_close() running at F:\VK GIT-3\vkinder_project\venv\Lib\site-packages\aiohttp\connector.py:136>>
